experiment,cR,cI,cD,cRA,cIA,cLambda,equilibrium_defenses,equilibrium_attacks,equilibrium_pairs,defender_value
B_attacker_costs,0.1,0.1,0.1,0.0,0.0,0.0,dRID,AD,dRID:AD,-0.49602
B_attacker_costs,0.1,0.1,0.1,0.0,0.0,0.05,dRID,AD,dRID:AD,-0.49602
B_attacker_costs,0.1,0.1,0.1,0.0,0.0,0.1,dRID,AD,dRID:AD,-0.49602
B_attacker_costs,0.1,0.1,0.1,0.0,0.0,0.15,dRID,AD,dRID:AD,-0.49602
B_attacker_costs,0.1,0.1,0.1,0.0,0.0,0.2,dRID,AR,dRID:AR,-0.30000000000000004
B_attacker_costs,0.1,0.1,0.1,0.0,0.0,0.25,dRID,AR,dRID:AR,-0.30000000000000004
B_attacker_costs,0.1,0.1,0.1,0.0,0.0,0.3,dRID,AR,dRID:AR,-0.30000000000000004
B_attacker_costs,0.1,0.1,0.1,0.0,0.0,0.35,dRID,AR,dRID:AR,-0.30000000000000004
B_attacker_costs,0.1,0.1,0.1,0.0,0.0,0.4,dRID,AR,dRID:AR,-0.30000000000000004
B_attacker_costs,0.1,0.1,0.1,0.0,0.0,0.45,dRI,AR,dRI:AR,-0.2
B_attacker_costs,0.1,0.1,0.1,0.0,0.0,0.5,dRI,AR,dRI:AR,-0.2
B_attacker_costs,0.1,0.1,0.1,0.0,0.0,0.55,dRI,AR,dRI:AR,-0.2
B_attacker_costs,0.1,0.1,0.1,0.0,0.0,0.6,dRI,AR,dRI:AR,-0.2
B_attacker_costs,0.1,0.1,0.1,0.0,0.0,0.65,dRI,AR,dRI:AR,-0.2
B_attacker_costs,0.1,0.1,0.1,0.0,0.0,0.7,dRI,AR,dRI:AR,-0.2
B_attacker_costs,0.1,0.1,0.1,0.0,0.0,0.75,dRI,AR,dRI:AR,-0.2
B_attacker_costs,0.1,0.1,0.1,0.0,0.0,0.8,dRI,AR,dRI:AR,-0.2
B_attacker_costs,0.1,0.1,0.1,0.0,0.0,0.85,dRI,AR,dRI:AR,-0.2
B_attacker_costs,0.1,0.1,0.1,0.0,0.0,0.9,dRI,AR,dRI:AR,-0.2
B_attacker_costs,0.1,0.1,0.1,0.0,0.0,0.95,dRI,AR,dRI:AR,-0.2
B_attacker_costs,0.1,0.1,0.1,0.0,0.0,1.0,dRI,AR,dRI:AR,-0.2
B_attacker_costs,0.1,0.1,0.1,0.0,0.05,0.0,dRID,AD,dRID:AD,-0.49602
B_attacker_costs,0.1,0.1,0.1,0.0,0.05,0.05,dRID,AD,dRID:AD,-0.49602
B_attacker_costs,0.1,0.1,0.1,0.0,0.05,0.1,dRID,AD,dRID:AD,-0.49602
B_attacker_costs,0.1,0.1,0.1,0.0,0.05,0.15,dRID,AD,dRID:AD,-0.49602
B_attacker_costs,0.1,0.1,0.1,0.0,0.05,0.2,dRID,AR,dRID:AR,-0.30000000000000004
B_attacker_costs,0.1,0.1,0.1,0.0,0.05,0.25,dRID,AR,dRID:AR,-0.30000000000000004
B_attacker_costs,0.1,0.1,0.1,0.0,0.05,0.3,dRID,AR,dRID:AR,-0.30000000000000004
B_attacker_costs,0.1,0.1,0.1,0.0,0.05,0.35,dRID,AR,dRID:AR,-0.30000000000000004
B_attacker_costs,0.1,0.1,0.1,0.0,0.05,0.4,dRID,AR,dRID:AR,-0.30000000000000004
B_attacker_costs,0.1,0.1,0.1,0.0,0.05,0.45,dRI,AR,dRI:AR,-0.2
B_attacker_costs,0.1,0.1,0.1,0.0,0.05,0.5,dRI,AR,dRI:AR,-0.2
B_attacker_costs,0.1,0.1,0.1,0.0,0.05,0.55,dRI,AR,dRI:AR,-0.2
B_attacker_costs,0.1,0.1,0.1,0.0,0.05,0.6,dRI,AR,dRI:AR,-0.2
B_attacker_costs,0.1,0.1,0.1,0.0,0.05,0.65,dRI,AR,dRI:AR,-0.2
B_attacker_costs,0.1,0.1,0.1,0.0,0.05,0.7,dRI,AR,dRI:AR,-0.2
B_attacker_costs,0.1,0.1,0.1,0.0,0.05,0.75,dRI,AR,dRI:AR,-0.2
B_attacker_costs,0.1,0.1,0.1,0.0,0.05,0.8,dRI,AR,dRI:AR,-0.2
B_attacker_costs,0.1,0.1,0.1,0.0,0.05,0.85,dRI,AR,dRI:AR,-0.2
B_attacker_costs,0.1,0.1,0.1,0.0,0.05,0.9,dRI,AR,dRI:AR,-0.2
B_attacker_costs,0.1,0.1,0.1,0.0,0.05,0.95,dRI,AR,dRI:AR,-0.2
B_attacker_costs,0.1,0.1,0.1,0.0,0.05,1.0,dRI,AR,dRI:AR,-0.2
B_attacker_costs,0.1,0.1,0.1,0.0,0.1,0.0,dRID,AD,dRID:AD,-0.49602
B_attacker_costs,0.1,0.1,0.1,0.0,0.1,0.05,dRID,AD,dRID:AD,-0.49602
B_attacker_costs,0.1,0.1,0.1,0.0,0.1,0.1,dRID,AD,dRID:AD,-0.49602
B_attacker_costs,0.1,0.1,0.1,0.0,0.1,0.15,dRID,AD,dRID:AD,-0.49602
B_attacker_costs,0.1,0.1,0.1,0.0,0.1,0.2,dRID,AR,dRID:AR,-0.30000000000000004
B_attacker_costs,0.1,0.1,0.1,0.0,0.1,0.25,dRID,AR,dRID:AR,-0.30000000000000004
B_attacker_costs,0.1,0.1,0.1,0.0,0.1,0.3,dRID,AR,dRID:AR,-0.30000000000000004
B_attacker_costs,0.1,0.1,0.1,0.0,0.1,0.35,dRID,AR,dRID:AR,-0.30000000000000004
B_attacker_costs,0.1,0.1,0.1,0.0,0.1,0.4,dRID,AR,dRID:AR,-0.30000000000000004
B_attacker_costs,0.1,0.1,0.1,0.0,0.1,0.45,dRI,AR,dRI:AR,-0.2
B_attacker_costs,0.1,0.1,0.1,0.0,0.1,0.5,dRI,AR,dRI:AR,-0.2
B_attacker_costs,0.1,0.1,0.1,0.0,0.1,0.55,dRI,AR,dRI:AR,-0.2
B_attacker_costs,0.1,0.1,0.1,0.0,0.1,0.6,dRI,AR,dRI:AR,-0.2
B_attacker_costs,0.1,0.1,0.1,0.0,0.1,0.65,dRI,AR,dRI:AR,-0.2
B_attacker_costs,0.1,0.1,0.1,0.0,0.1,0.7,dRI,AR,dRI:AR,-0.2
B_attacker_costs,0.1,0.1,0.1,0.0,0.1,0.75,dRI,AR,dRI:AR,-0.2
B_attacker_costs,0.1,0.1,0.1,0.0,0.1,0.8,dRI,AR,dRI:AR,-0.2
B_attacker_costs,0.1,0.1,0.1,0.0,0.1,0.85,dRI,AR,dRI:AR,-0.2
B_attacker_costs,0.1,0.1,0.1,0.0,0.1,0.9,dRI,AR,dRI:AR,-0.2
B_attacker_costs,0.1,0.1,0.1,0.0,0.1,0.95,dRI,AR,dRI:AR,-0.2
B_attacker_costs,0.1,0.1,0.1,0.0,0.1,1.0,dRI,AR,dRI:AR,-0.2
B_attacker_costs,0.1,0.1,0.1,0.0,0.15,0.0,dRID,AD,dRID:AD,-0.49602
B_attacker_costs,0.1,0.1,0.1,0.0,0.15,0.05,dRID,AD,dRID:AD,-0.49602
B_attacker_costs,0.1,0.1,0.1,0.0,0.15,0.1,dRID,AD,dRID:AD,-0.49602
B_attacker_costs,0.1,0.1,0.1,0.0,0.15,0.15,dRID,AD,dRID:AD,-0.49602
B_attacker_costs,0.1,0.1,0.1,0.0,0.15,0.2,dRID,AR,dRID:AR,-0.30000000000000004
B_attacker_costs,0.1,0.1,0.1,0.0,0.15,0.25,dRID,AR,dRID:AR,-0.30000000000000004
B_attacker_costs,0.1,0.1,0.1,0.0,0.15,0.3,dRID,AR,dRID:AR,-0.30000000000000004
B_attacker_costs,0.1,0.1,0.1,0.0,0.15,0.35,dRID,AR,dRID:AR,-0.30000000000000004
B_attacker_costs,0.1,0.1,0.1,0.0,0.15,0.4,dRID,AR,dRID:AR,-0.30000000000000004
B_attacker_costs,0.1,0.1,0.1,0.0,0.15,0.45,dRI,AR,dRI:AR,-0.2
B_attacker_costs,0.1,0.1,0.1,0.0,0.15,0.5,dRI,AR,dRI:AR,-0.2
B_attacker_costs,0.1,0.1,0.1,0.0,0.15,0.55,dRI,AR,dRI:AR,-0.2
B_attacker_costs,0.1,0.1,0.1,0.0,0.15,0.6,dRI,AR,dRI:AR,-0.2
B_attacker_costs,0.1,0.1,0.1,0.0,0.15,0.65,dRI,AR,dRI:AR,-0.2
B_attacker_costs,0.1,0.1,0.1,0.0,0.15,0.7,dRI,AR,dRI:AR,-0.2
B_attacker_costs,0.1,0.1,0.1,0.0,0.15,0.75,dRI,AR,dRI:AR,-0.2
B_attacker_costs,0.1,0.1,0.1,0.0,0.15,0.8,dRI,AR,dRI:AR,-0.2
B_attacker_costs,0.1,0.1,0.1,0.0,0.15,0.85,dRI,AR,dRI:AR,-0.2
B_attacker_costs,0.1,0.1,0.1,0.0,0.15,0.9,dRI,AR,dRI:AR,-0.2
B_attacker_costs,0.1,0.1,0.1,0.0,0.15,0.95,dRI,AR,dRI:AR,-0.2
B_attacker_costs,0.1,0.1,0.1,0.0,0.15,1.0,dRI,AR,dRI:AR,-0.2
B_attacker_costs,0.1,0.1,0.1,0.0,0.2,0.0,dRID,AD,dRID:AD,-0.49602
B_attacker_costs,0.1,0.1,0.1,0.0,0.2,0.05,dRID,AD,dRID:AD,-0.49602
B_attacker_costs,0.1,0.1,0.1,0.0,0.2,0.1,dRID,AD,dRID:AD,-0.49602
B_attacker_costs,0.1,0.1,0.1,0.0,0.2,0.15,dRID,AD,dRID:AD,-0.49602
B_attacker_costs,0.1,0.1,0.1,0.0,0.2,0.2,dRID,AR,dRID:AR,-0.30000000000000004
B_attacker_costs,0.1,0.1,0.1,0.0,0.2,0.25,dRID,AR,dRID:AR,-0.30000000000000004
B_attacker_costs,0.1,0.1,0.1,0.0,0.2,0.3,dRID,AR,dRID:AR,-0.30000000000000004
B_attacker_costs,0.1,0.1,0.1,0.0,0.2,0.35,dRID,AR,dRID:AR,-0.30000000000000004
B_attacker_costs,0.1,0.1,0.1,0.0,0.2,0.4,dRID,AR,dRID:AR,-0.30000000000000004
B_attacker_costs,0.1,0.1,0.1,0.0,0.2,0.45,dRI,AR,dRI:AR,-0.2
B_attacker_costs,0.1,0.1,0.1,0.0,0.2,0.5,dRI,AR,dRI:AR,-0.2
B_attacker_costs,0.1,0.1,0.1,0.0,0.2,0.55,dRI,AR,dRI:AR,-0.2
B_attacker_costs,0.1,0.1,0.1,0.0,0.2,0.6,dRI,AR,dRI:AR,-0.2
B_attacker_costs,0.1,0.1,0.1,0.0,0.2,0.65,dRI,AR,dRI:AR,-0.2
B_attacker_costs,0.1,0.1,0.1,0.0,0.2,0.7,dRI,AR,dRI:AR,-0.2
B_attacker_costs,0.1,0.1,0.1,0.0,0.2,0.75,dRI,AR,dRI:AR,-0.2
B_attacker_costs,0.1,0.1,0.1,0.0,0.2,0.8,dRI,AR,dRI:AR,-0.2
B_attacker_costs,0.1,0.1,0.1,0.0,0.2,0.85,dRI,AR,dRI:AR,-0.2
B_attacker_costs,0.1,0.1,0.1,0.0,0.2,0.9,dRI,AR,dRI:AR,-0.2
B_attacker_costs,0.1,0.1,0.1,0.0,0.2,0.95,dRI,AR,dRI:AR,-0.2
B_attacker_costs,0.1,0.1,0.1,0.0,0.2,1.0,dRI,AR,dRI:AR,-0.2
B_attacker_costs,0.1,0.1,0.1,0.0,0.25,0.0,dRID,AD,dRID:AD,-0.49602
B_attacker_costs,0.1,0.1,0.1,0.0,0.25,0.05,dRID,AD,dRID:AD,-0.49602
B_attacker_costs,0.1,0.1,0.1,0.0,0.25,0.1,dRID,AD,dRID:AD,-0.49602
B_attacker_costs,0.1,0.1,0.1,0.0,0.25,0.15,dRID,AD,dRID:AD,-0.49602
B_attacker_costs,0.1,0.1,0.1,0.0,0.25,0.2,dRID,AR,dRID:AR,-0.30000000000000004
B_attacker_costs,0.1,0.1,0.1,0.0,0.25,0.25,dRID,AR,dRID:AR,-0.30000000000000004
B_attacker_costs,0.1,0.1,0.1,0.0,0.25,0.3,dRID,AR,dRID:AR,-0.30000000000000004
B_attacker_costs,0.1,0.1,0.1,0.0,0.25,0.35,dRID,AR,dRID:AR,-0.30000000000000004
B_attacker_costs,0.1,0.1,0.1,0.0,0.25,0.4,dRID,AR,dRID:AR,-0.30000000000000004
B_attacker_costs,0.1,0.1,0.1,0.0,0.25,0.45,dRI,AR,dRI:AR,-0.2
B_attacker_costs,0.1,0.1,0.1,0.0,0.25,0.5,dRI,AR,dRI:AR,-0.2
B_attacker_costs,0.1,0.1,0.1,0.0,0.25,0.55,dRI,AR,dRI:AR,-0.2
B_attacker_costs,0.1,0.1,0.1,0.0,0.25,0.6,dRI,AR,dRI:AR,-0.2
B_attacker_costs,0.1,0.1,0.1,0.0,0.25,0.65,dRI,AR,dRI:AR,-0.2
B_attacker_costs,0.1,0.1,0.1,0.0,0.25,0.7,dRI,AR,dRI:AR,-0.2
B_attacker_costs,0.1,0.1,0.1,0.0,0.25,0.75,dRI,AR,dRI:AR,-0.2
B_attacker_costs,0.1,0.1,0.1,0.0,0.25,0.8,dRI,AR,dRI:AR,-0.2
B_attacker_costs,0.1,0.1,0.1,0.0,0.25,0.85,dRI,AR,dRI:AR,-0.2
B_attacker_costs,0.1,0.1,0.1,0.0,0.25,0.9,dRI,AR,dRI:AR,-0.2
B_attacker_costs,0.1,0.1,0.1,0.0,0.25,0.95,dRI,AR,dRI:AR,-0.2
B_attacker_costs,0.1,0.1,0.1,0.0,0.25,1.0,dRI,AR,dRI:AR,-0.2
B_attacker_costs,0.1,0.1,0.1,0.0,0.3,0.0,dRID,AD,dRID:AD,-0.49602
B_attacker_costs,0.1,0.1,0.1,0.0,0.3,0.05,dRID,AD,dRID:AD,-0.49602
B_attacker_costs,0.1,0.1,0.1,0.0,0.3,0.1,dRID,AD,dRID:AD,-0.49602
B_attacker_costs,0.1,0.1,0.1,0.0,0.3,0.15,dRID,AD,dRID:AD,-0.49602
B_attacker_costs,0.1,0.1,0.1,0.0,0.3,0.2,dRID,AR,dRID:AR,-0.30000000000000004
B_attacker_costs,0.1,0.1,0.1,0.0,0.3,0.25,dRID,AR,dRID:AR,-0.30000000000000004
B_attacker_costs,0.1,0.1,0.1,0.0,0.3,0.3,dRID,AR,dRID:AR,-0.30000000000000004
B_attacker_costs,0.1,0.1,0.1,0.0,0.3,0.35,dRID,AR,dRID:AR,-0.30000000000000004
B_attacker_costs,0.1,0.1,0.1,0.0,0.3,0.4,dRID,AR,dRID:AR,-0.30000000000000004
B_attacker_costs,0.1,0.1,0.1,0.0,0.3,0.45,dRI,AR,dRI:AR,-0.2
B_attacker_costs,0.1,0.1,0.1,0.0,0.3,0.5,dRI,AR,dRI:AR,-0.2
B_attacker_costs,0.1,0.1,0.1,0.0,0.3,0.55,dRI,AR,dRI:AR,-0.2
B_attacker_costs,0.1,0.1,0.1,0.0,0.3,0.6,dRI,AR,dRI:AR,-0.2
B_attacker_costs,0.1,0.1,0.1,0.0,0.3,0.65,dRI,AR,dRI:AR,-0.2
B_attacker_costs,0.1,0.1,0.1,0.0,0.3,0.7,dRI,AR,dRI:AR,-0.2
B_attacker_costs,0.1,0.1,0.1,0.0,0.3,0.75,dRI,AR,dRI:AR,-0.2
B_attacker_costs,0.1,0.1,0.1,0.0,0.3,0.8,dRI,AR,dRI:AR,-0.2
B_attacker_costs,0.1,0.1,0.1,0.0,0.3,0.85,dRI,AR,dRI:AR,-0.2
B_attacker_costs,0.1,0.1,0.1,0.0,0.3,0.9,dRI,AR,dRI:AR,-0.2
B_attacker_costs,0.1,0.1,0.1,0.0,0.3,0.95,dRI,AR,dRI:AR,-0.2
B_attacker_costs,0.1,0.1,0.1,0.0,0.3,1.0,dRI,AR,dRI:AR,-0.2
B_attacker_costs,0.1,0.1,0.1,0.0,0.35,0.0,dRID,AD,dRID:AD,-0.49602
B_attacker_costs,0.1,0.1,0.1,0.0,0.35,0.05,dRID,AD,dRID:AD,-0.49602
B_attacker_costs,0.1,0.1,0.1,0.0,0.35,0.1,dRID,AD,dRID:AD,-0.49602
B_attacker_costs,0.1,0.1,0.1,0.0,0.35,0.15,dRID,AD,dRID:AD,-0.49602
B_attacker_costs,0.1,0.1,0.1,0.0,0.35,0.2,dRID,AR,dRID:AR,-0.30000000000000004
B_attacker_costs,0.1,0.1,0.1,0.0,0.35,0.25,dRID,AR,dRID:AR,-0.30000000000000004
B_attacker_costs,0.1,0.1,0.1,0.0,0.35,0.3,dRID,AR,dRID:AR,-0.30000000000000004
B_attacker_costs,0.1,0.1,0.1,0.0,0.35,0.35,dRID,AR,dRID:AR,-0.30000000000000004
B_attacker_costs,0.1,0.1,0.1,0.0,0.35,0.4,dRID,AR,dRID:AR,-0.30000000000000004
B_attacker_costs,0.1,0.1,0.1,0.0,0.35,0.45,dRI,AR,dRI:AR,-0.2
B_attacker_costs,0.1,0.1,0.1,0.0,0.35,0.5,dRI,AR,dRI:AR,-0.2
B_attacker_costs,0.1,0.1,0.1,0.0,0.35,0.55,dRI,AR,dRI:AR,-0.2
B_attacker_costs,0.1,0.1,0.1,0.0,0.35,0.6,dRI,AR,dRI:AR,-0.2
B_attacker_costs,0.1,0.1,0.1,0.0,0.35,0.65,dRI,AR,dRI:AR,-0.2
B_attacker_costs,0.1,0.1,0.1,0.0,0.35,0.7,dRI,AR,dRI:AR,-0.2
B_attacker_costs,0.1,0.1,0.1,0.0,0.35,0.75,dRI,AR,dRI:AR,-0.2
B_attacker_costs,0.1,0.1,0.1,0.0,0.35,0.8,dRI,AR,dRI:AR,-0.2
B_attacker_costs,0.1,0.1,0.1,0.0,0.35,0.85,dRI,AR,dRI:AR,-0.2
B_attacker_costs,0.1,0.1,0.1,0.0,0.35,0.9,dRI,AR,dRI:AR,-0.2
B_attacker_costs,0.1,0.1,0.1,0.0,0.35,0.95,dRI,AR,dRI:AR,-0.2
B_attacker_costs,0.1,0.1,0.1,0.0,0.35,1.0,dRI,AR,dRI:AR,-0.2
B_attacker_costs,0.1,0.1,0.1,0.0,0.4,0.0,dRID,AD,dRID:AD,-0.49602
B_attacker_costs,0.1,0.1,0.1,0.0,0.4,0.05,dRID,AD,dRID:AD,-0.49602
B_attacker_costs,0.1,0.1,0.1,0.0,0.4,0.1,dRID,AD,dRID:AD,-0.49602
B_attacker_costs,0.1,0.1,0.1,0.0,0.4,0.15,dRID,AD,dRID:AD,-0.49602
B_attacker_costs,0.1,0.1,0.1,0.0,0.4,0.2,dRID,AR,dRID:AR,-0.30000000000000004
B_attacker_costs,0.1,0.1,0.1,0.0,0.4,0.25,dRID,AR,dRID:AR,-0.30000000000000004
B_attacker_costs,0.1,0.1,0.1,0.0,0.4,0.3,dRID,AR,dRID:AR,-0.30000000000000004
B_attacker_costs,0.1,0.1,0.1,0.0,0.4,0.35,dRID,AR,dRID:AR,-0.30000000000000004
B_attacker_costs,0.1,0.1,0.1,0.0,0.4,0.4,dRID,AR,dRID:AR,-0.30000000000000004
B_attacker_costs,0.1,0.1,0.1,0.0,0.4,0.45,dRI,AR,dRI:AR,-0.2
B_attacker_costs,0.1,0.1,0.1,0.0,0.4,0.5,dRI,AR,dRI:AR,-0.2
B_attacker_costs,0.1,0.1,0.1,0.0,0.4,0.55,dRI,AR,dRI:AR,-0.2
B_attacker_costs,0.1,0.1,0.1,0.0,0.4,0.6,dRI,AR,dRI:AR,-0.2
B_attacker_costs,0.1,0.1,0.1,0.0,0.4,0.65,dRI,AR,dRI:AR,-0.2
B_attacker_costs,0.1,0.1,0.1,0.0,0.4,0.7,dRI,AR,dRI:AR,-0.2
B_attacker_costs,0.1,0.1,0.1,0.0,0.4,0.75,dRI,AR,dRI:AR,-0.2
B_attacker_costs,0.1,0.1,0.1,0.0,0.4,0.8,dRI,AR,dRI:AR,-0.2
B_attacker_costs,0.1,0.1,0.1,0.0,0.4,0.85,dRI,AR,dRI:AR,-0.2
B_attacker_costs,0.1,0.1,0.1,0.0,0.4,0.9,dRI,AR,dRI:AR,-0.2
B_attacker_costs,0.1,0.1,0.1,0.0,0.4,0.95,dRI,AR,dRI:AR,-0.2
B_attacker_costs,0.1,0.1,0.1,0.0,0.4,1.0,dRI,AR,dRI:AR,-0.2
B_attacker_costs,0.1,0.1,0.1,0.0,0.45,0.0,dRID,AD,dRID:AD,-0.49602
B_attacker_costs,0.1,0.1,0.1,0.0,0.45,0.05,dRID,AD,dRID:AD,-0.49602
B_attacker_costs,0.1,0.1,0.1,0.0,0.45,0.1,dRID,AD,dRID:AD,-0.49602
B_attacker_costs,0.1,0.1,0.1,0.0,0.45,0.15,dRID,AD,dRID:AD,-0.49602
B_attacker_costs,0.1,0.1,0.1,0.0,0.45,0.2,dRID,AR,dRID:AR,-0.30000000000000004
B_attacker_costs,0.1,0.1,0.1,0.0,0.45,0.25,dRID,AR,dRID:AR,-0.30000000000000004
B_attacker_costs,0.1,0.1,0.1,0.0,0.45,0.3,dRID,AR,dRID:AR,-0.30000000000000004
B_attacker_costs,0.1,0.1,0.1,0.0,0.45,0.35,dRID,AR,dRID:AR,-0.30000000000000004
B_attacker_costs,0.1,0.1,0.1,0.0,0.45,0.4,dRID,AR,dRID:AR,-0.30000000000000004
B_attacker_costs,0.1,0.1,0.1,0.0,0.45,0.45,dRI,AR,dRI:AR,-0.2
B_attacker_costs,0.1,0.1,0.1,0.0,0.45,0.5,dRI,AR,dRI:AR,-0.2
B_attacker_costs,0.1,0.1,0.1,0.0,0.45,0.55,dRI,AR,dRI:AR,-0.2
B_attacker_costs,0.1,0.1,0.1,0.0,0.45,0.6,dRI,AR,dRI:AR,-0.2
B_attacker_costs,0.1,0.1,0.1,0.0,0.45,0.65,dRI,AR,dRI:AR,-0.2
B_attacker_costs,0.1,0.1,0.1,0.0,0.45,0.7,dRI,AR,dRI:AR,-0.2
B_attacker_costs,0.1,0.1,0.1,0.0,0.45,0.75,dRI,AR,dRI:AR,-0.2
B_attacker_costs,0.1,0.1,0.1,0.0,0.45,0.8,dRI,AR,dRI:AR,-0.2
B_attacker_costs,0.1,0.1,0.1,0.0,0.45,0.85,dRI,AR,dRI:AR,-0.2
B_attacker_costs,0.1,0.1,0.1,0.0,0.45,0.9,dRI,AR,dRI:AR,-0.2
B_attacker_costs,0.1,0.1,0.1,0.0,0.45,0.95,dRI,AR,dRI:AR,-0.2
B_attacker_costs,0.1,0.1,0.1,0.0,0.45,1.0,dRI,AR,dRI:AR,-0.2
B_attacker_costs,0.1,0.1,0.1,0.0,0.5,0.0,dRID,AD,dRID:AD,-0.49602
B_attacker_costs,0.1,0.1,0.1,0.0,0.5,0.05,dRID,AD,dRID:AD,-0.49602
B_attacker_costs,0.1,0.1,0.1,0.0,0.5,0.1,dRID,AD,dRID:AD,-0.49602
B_attacker_costs,0.1,0.1,0.1,0.0,0.5,0.15,dRID,AD,dRID:AD,-0.49602
B_attacker_costs,0.1,0.1,0.1,0.0,0.5,0.2,dRID,AR,dRID:AR,-0.30000000000000004
B_attacker_costs,0.1,0.1,0.1,0.0,0.5,0.25,dRID,AR,dRID:AR,-0.30000000000000004
B_attacker_costs,0.1,0.1,0.1,0.0,0.5,0.3,dRID,AR,dRID:AR,-0.30000000000000004
B_attacker_costs,0.1,0.1,0.1,0.0,0.5,0.35,dRID,AR,dRID:AR,-0.30000000000000004
B_attacker_costs,0.1,0.1,0.1,0.0,0.5,0.4,dRID,AR,dRID:AR,-0.30000000000000004
B_attacker_costs,0.1,0.1,0.1,0.0,0.5,0.45,dRI,AR,dRI:AR,-0.2
B_attacker_costs,0.1,0.1,0.1,0.0,0.5,0.5,dRI,AR,dRI:AR,-0.2
B_attacker_costs,0.1,0.1,0.1,0.0,0.5,0.55,dRI,AR,dRI:AR,-0.2
B_attacker_costs,0.1,0.1,0.1,0.0,0.5,0.6,dRI,AR,dRI:AR,-0.2
B_attacker_costs,0.1,0.1,0.1,0.0,0.5,0.65,dRI,AR,dRI:AR,-0.2
B_attacker_costs,0.1,0.1,0.1,0.0,0.5,0.7,dRI,AR,dRI:AR,-0.2
B_attacker_costs,0.1,0.1,0.1,0.0,0.5,0.75,dRI,AR,dRI:AR,-0.2
B_attacker_costs,0.1,0.1,0.1,0.0,0.5,0.8,dRI,AR,dRI:AR,-0.2
B_attacker_costs,0.1,0.1,0.1,0.0,0.5,0.85,dRI,AR,dRI:AR,-0.2
B_attacker_costs,0.1,0.1,0.1,0.0,0.5,0.9,dRI,AR,dRI:AR,-0.2
B_attacker_costs,0.1,0.1,0.1,0.0,0.5,0.95,dRI,AR,dRI:AR,-0.2
B_attacker_costs,0.1,0.1,0.1,0.0,0.5,1.0,dRI,AR,dRI:AR,-0.2
B_attacker_costs,0.1,0.1,0.1,0.0,0.55,0.0,dRID,AD,dRID:AD,-0.49602
B_attacker_costs,0.1,0.1,0.1,0.0,0.55,0.05,dRID,AD,dRID:AD,-0.49602
B_attacker_costs,0.1,0.1,0.1,0.0,0.55,0.1,dRID,AD,dRID:AD,-0.49602
B_attacker_costs,0.1,0.1,0.1,0.0,0.55,0.15,dRID,AD,dRID:AD,-0.49602
B_attacker_costs,0.1,0.1,0.1,0.0,0.55,0.2,dRID,AR,dRID:AR,-0.30000000000000004
B_attacker_costs,0.1,0.1,0.1,0.0,0.55,0.25,dRID,AR,dRID:AR,-0.30000000000000004
B_attacker_costs,0.1,0.1,0.1,0.0,0.55,0.3,dRID,AR,dRID:AR,-0.30000000000000004
B_attacker_costs,0.1,0.1,0.1,0.0,0.55,0.35,dRID,AR,dRID:AR,-0.30000000000000004
B_attacker_costs,0.1,0.1,0.1,0.0,0.55,0.4,dRID,AR,dRID:AR,-0.30000000000000004
B_attacker_costs,0.1,0.1,0.1,0.0,0.55,0.45,dRI,AR,dRI:AR,-0.2
B_attacker_costs,0.1,0.1,0.1,0.0,0.55,0.5,dRI,AR,dRI:AR,-0.2
B_attacker_costs,0.1,0.1,0.1,0.0,0.55,0.55,dRI,AR,dRI:AR,-0.2
B_attacker_costs,0.1,0.1,0.1,0.0,0.55,0.6,dRI,AR,dRI:AR,-0.2
B_attacker_costs,0.1,0.1,0.1,0.0,0.55,0.65,dRI,AR,dRI:AR,-0.2
B_attacker_costs,0.1,0.1,0.1,0.0,0.55,0.7,dRI,AR,dRI:AR,-0.2
B_attacker_costs,0.1,0.1,0.1,0.0,0.55,0.75,dRI,AR,dRI:AR,-0.2
B_attacker_costs,0.1,0.1,0.1,0.0,0.55,0.8,dRI,AR,dRI:AR,-0.2
B_attacker_costs,0.1,0.1,0.1,0.0,0.55,0.85,dRI,AR,dRI:AR,-0.2
B_attacker_costs,0.1,0.1,0.1,0.0,0.55,0.9,dRI,AR,dRI:AR,-0.2
B_attacker_costs,0.1,0.1,0.1,0.0,0.55,0.95,dRI,AR,dRI:AR,-0.2
B_attacker_costs,0.1,0.1,0.1,0.0,0.55,1.0,dRI,AR,dRI:AR,-0.2
B_attacker_costs,0.1,0.1,0.1,0.0,0.6,0.0,dRID,AD,dRID:AD,-0.49602
B_attacker_costs,0.1,0.1,0.1,0.0,0.6,0.05,dRID,AD,dRID:AD,-0.49602
B_attacker_costs,0.1,0.1,0.1,0.0,0.6,0.1,dRID,AD,dRID:AD,-0.49602
B_attacker_costs,0.1,0.1,0.1,0.0,0.6,0.15,dRID,AD,dRID:AD,-0.49602
B_attacker_costs,0.1,0.1,0.1,0.0,0.6,0.2,dRID,AR,dRID:AR,-0.30000000000000004
B_attacker_costs,0.1,0.1,0.1,0.0,0.6,0.25,dRID,AR,dRID:AR,-0.30000000000000004
B_attacker_costs,0.1,0.1,0.1,0.0,0.6,0.3,dRID,AR,dRID:AR,-0.30000000000000004
B_attacker_costs,0.1,0.1,0.1,0.0,0.6,0.35,dRID,AR,dRID:AR,-0.30000000000000004
B_attacker_costs,0.1,0.1,0.1,0.0,0.6,0.4,dRID,AR,dRID:AR,-0.30000000000000004
B_attacker_costs,0.1,0.1,0.1,0.0,0.6,0.45,dRI,AR,dRI:AR,-0.2
B_attacker_costs,0.1,0.1,0.1,0.0,0.6,0.5,dRI,AR,dRI:AR,-0.2
B_attacker_costs,0.1,0.1,0.1,0.0,0.6,0.55,dRI,AR,dRI:AR,-0.2
B_attacker_costs,0.1,0.1,0.1,0.0,0.6,0.6,dRI,AR,dRI:AR,-0.2
B_attacker_costs,0.1,0.1,0.1,0.0,0.6,0.65,dRI,AR,dRI:AR,-0.2
B_attacker_costs,0.1,0.1,0.1,0.0,0.6,0.7,dRI,AR,dRI:AR,-0.2
B_attacker_costs,0.1,0.1,0.1,0.0,0.6,0.75,dRI,AR,dRI:AR,-0.2
B_attacker_costs,0.1,0.1,0.1,0.0,0.6,0.8,dRI,AR,dRI:AR,-0.2
B_attacker_costs,0.1,0.1,0.1,0.0,0.6,0.85,dRI,AR,dRI:AR,-0.2
B_attacker_costs,0.1,0.1,0.1,0.0,0.6,0.9,dRI,AR,dRI:AR,-0.2
B_attacker_costs,0.1,0.1,0.1,0.0,0.6,0.95,dRI,AR,dRI:AR,-0.2
B_attacker_costs,0.1,0.1,0.1,0.0,0.6,1.0,dRI,AR,dRI:AR,-0.2
B_attacker_costs,0.1,0.1,0.1,0.0,0.65,0.0,dRID,AD,dRID:AD,-0.49602
B_attacker_costs,0.1,0.1,0.1,0.0,0.65,0.05,dRID,AD,dRID:AD,-0.49602
B_attacker_costs,0.1,0.1,0.1,0.0,0.65,0.1,dRID,AD,dRID:AD,-0.49602
B_attacker_costs,0.1,0.1,0.1,0.0,0.65,0.15,dRID,AD,dRID:AD,-0.49602
B_attacker_costs,0.1,0.1,0.1,0.0,0.65,0.2,dRID,AR,dRID:AR,-0.30000000000000004
B_attacker_costs,0.1,0.1,0.1,0.0,0.65,0.25,dRID,AR,dRID:AR,-0.30000000000000004
B_attacker_costs,0.1,0.1,0.1,0.0,0.65,0.3,dRID,AR,dRID:AR,-0.30000000000000004
B_attacker_costs,0.1,0.1,0.1,0.0,0.65,0.35,dRID,AR,dRID:AR,-0.30000000000000004
B_attacker_costs,0.1,0.1,0.1,0.0,0.65,0.4,dRID,AR,dRID:AR,-0.30000000000000004
B_attacker_costs,0.1,0.1,0.1,0.0,0.65,0.45,dRI,AR,dRI:AR,-0.2
B_attacker_costs,0.1,0.1,0.1,0.0,0.65,0.5,dRI,AR,dRI:AR,-0.2
B_attacker_costs,0.1,0.1,0.1,0.0,0.65,0.55,dRI,AR,dRI:AR,-0.2
B_attacker_costs,0.1,0.1,0.1,0.0,0.65,0.6,dRI,AR,dRI:AR,-0.2
B_attacker_costs,0.1,0.1,0.1,0.0,0.65,0.65,dRI,AR,dRI:AR,-0.2
B_attacker_costs,0.1,0.1,0.1,0.0,0.65,0.7,dRI,AR,dRI:AR,-0.2
B_attacker_costs,0.1,0.1,0.1,0.0,0.65,0.75,dRI,AR,dRI:AR,-0.2
B_attacker_costs,0.1,0.1,0.1,0.0,0.65,0.8,dRI,AR,dRI:AR,-0.2
B_attacker_costs,0.1,0.1,0.1,0.0,0.65,0.85,dRI,AR,dRI:AR,-0.2
B_attacker_costs,0.1,0.1,0.1,0.0,0.65,0.9,dRI,AR,dRI:AR,-0.2
B_attacker_costs,0.1,0.1,0.1,0.0,0.65,0.95,dRI,AR,dRI:AR,-0.2
B_attacker_costs,0.1,0.1,0.1,0.0,0.65,1.0,dRI,AR,dRI:AR,-0.2
B_attacker_costs,0.1,0.1,0.1,0.0,0.7,0.0,dRID,AD,dRID:AD,-0.49602
B_attacker_costs,0.1,0.1,0.1,0.0,0.7,0.05,dRID,AD,dRID:AD,-0.49602
B_attacker_costs,0.1,0.1,0.1,0.0,0.7,0.1,dRID,AD,dRID:AD,-0.49602
B_attacker_costs,0.1,0.1,0.1,0.0,0.7,0.15,dRID,AD,dRID:AD,-0.49602
B_attacker_costs,0.1,0.1,0.1,0.0,0.7,0.2,dRID,AR,dRID:AR,-0.30000000000000004
B_attacker_costs,0.1,0.1,0.1,0.0,0.7,0.25,dRID,AR,dRID:AR,-0.30000000000000004
B_attacker_costs,0.1,0.1,0.1,0.0,0.7,0.3,dRID,AR,dRID:AR,-0.30000000000000004
B_attacker_costs,0.1,0.1,0.1,0.0,0.7,0.35,dRID,AR,dRID:AR,-0.30000000000000004
B_attacker_costs,0.1,0.1,0.1,0.0,0.7,0.4,dRID,AR,dRID:AR,-0.30000000000000004
B_attacker_costs,0.1,0.1,0.1,0.0,0.7,0.45,dRI,AR,dRI:AR,-0.2
B_attacker_costs,0.1,0.1,0.1,0.0,0.7,0.5,dRI,AR,dRI:AR,-0.2
B_attacker_costs,0.1,0.1,0.1,0.0,0.7,0.55,dRI,AR,dRI:AR,-0.2
B_attacker_costs,0.1,0.1,0.1,0.0,0.7,0.6,dRI,AR,dRI:AR,-0.2
B_attacker_costs,0.1,0.1,0.1,0.0,0.7,0.65,dRI,AR,dRI:AR,-0.2
B_attacker_costs,0.1,0.1,0.1,0.0,0.7,0.7,dRI,AR,dRI:AR,-0.2
B_attacker_costs,0.1,0.1,0.1,0.0,0.7,0.75,dRI,AR,dRI:AR,-0.2
B_attacker_costs,0.1,0.1,0.1,0.0,0.7,0.8,dRI,AR,dRI:AR,-0.2
B_attacker_costs,0.1,0.1,0.1,0.0,0.7,0.85,dRI,AR,dRI:AR,-0.2
B_attacker_costs,0.1,0.1,0.1,0.0,0.7,0.9,dRI,AR,dRI:AR,-0.2
B_attacker_costs,0.1,0.1,0.1,0.0,0.7,0.95,dRI,AR,dRI:AR,-0.2
B_attacker_costs,0.1,0.1,0.1,0.0,0.7,1.0,dRI,AR,dRI:AR,-0.2
B_attacker_costs,0.1,0.1,0.1,0.0,0.75,0.0,dRID,AD,dRID:AD,-0.49602
B_attacker_costs,0.1,0.1,0.1,0.0,0.75,0.05,dRID,AD,dRID:AD,-0.49602
B_attacker_costs,0.1,0.1,0.1,0.0,0.75,0.1,dRID,AD,dRID:AD,-0.49602
B_attacker_costs,0.1,0.1,0.1,0.0,0.75,0.15,dRID,AD,dRID:AD,-0.49602
B_attacker_costs,0.1,0.1,0.1,0.0,0.75,0.2,dRID,AR,dRID:AR,-0.30000000000000004
B_attacker_costs,0.1,0.1,0.1,0.0,0.75,0.25,dRID,AR,dRID:AR,-0.30000000000000004
B_attacker_costs,0.1,0.1,0.1,0.0,0.75,0.3,dRID,AR,dRID:AR,-0.30000000000000004
B_attacker_costs,0.1,0.1,0.1,0.0,0.75,0.35,dRID,AR,dRID:AR,-0.30000000000000004
B_attacker_costs,0.1,0.1,0.1,0.0,0.75,0.4,dRID,AR,dRID:AR,-0.30000000000000004
B_attacker_costs,0.1,0.1,0.1,0.0,0.75,0.45,dRI,AR,dRI:AR,-0.2
B_attacker_costs,0.1,0.1,0.1,0.0,0.75,0.5,dRI,AR,dRI:AR,-0.2
B_attacker_costs,0.1,0.1,0.1,0.0,0.75,0.55,dRI,AR,dRI:AR,-0.2
B_attacker_costs,0.1,0.1,0.1,0.0,0.75,0.6,dRI,AR,dRI:AR,-0.2
B_attacker_costs,0.1,0.1,0.1,0.0,0.75,0.65,dRI,AR,dRI:AR,-0.2
B_attacker_costs,0.1,0.1,0.1,0.0,0.75,0.7,dRI,AR,dRI:AR,-0.2
B_attacker_costs,0.1,0.1,0.1,0.0,0.75,0.75,dRI,AR,dRI:AR,-0.2
B_attacker_costs,0.1,0.1,0.1,0.0,0.75,0.8,dRI,AR,dRI:AR,-0.2
B_attacker_costs,0.1,0.1,0.1,0.0,0.75,0.85,dRI,AR,dRI:AR,-0.2
B_attacker_costs,0.1,0.1,0.1,0.0,0.75,0.9,dRI,AR,dRI:AR,-0.2
B_attacker_costs,0.1,0.1,0.1,0.0,0.75,0.95,dRI,AR,dRI:AR,-0.2
B_attacker_costs,0.1,0.1,0.1,0.0,0.75,1.0,dRI,AR,dRI:AR,-0.2
B_attacker_costs,0.1,0.1,0.1,0.0,0.8,0.0,dRID,AD,dRID:AD,-0.49602
B_attacker_costs,0.1,0.1,0.1,0.0,0.8,0.05,dRID,AD,dRID:AD,-0.49602
B_attacker_costs,0.1,0.1,0.1,0.0,0.8,0.1,dRID,AD,dRID:AD,-0.49602
B_attacker_costs,0.1,0.1,0.1,0.0,0.8,0.15,dRID,AD,dRID:AD,-0.49602
B_attacker_costs,0.1,0.1,0.1,0.0,0.8,0.2,dRID,AR,dRID:AR,-0.30000000000000004
B_attacker_costs,0.1,0.1,0.1,0.0,0.8,0.25,dRID,AR,dRID:AR,-0.30000000000000004
B_attacker_costs,0.1,0.1,0.1,0.0,0.8,0.3,dRID,AR,dRID:AR,-0.30000000000000004
B_attacker_costs,0.1,0.1,0.1,0.0,0.8,0.35,dRID,AR,dRID:AR,-0.30000000000000004
B_attacker_costs,0.1,0.1,0.1,0.0,0.8,0.4,dRID,AR,dRID:AR,-0.30000000000000004
B_attacker_costs,0.1,0.1,0.1,0.0,0.8,0.45,dRI,AR,dRI:AR,-0.2
B_attacker_costs,0.1,0.1,0.1,0.0,0.8,0.5,dRI,AR,dRI:AR,-0.2
B_attacker_costs,0.1,0.1,0.1,0.0,0.8,0.55,dRI,AR,dRI:AR,-0.2
B_attacker_costs,0.1,0.1,0.1,0.0,0.8,0.6,dRI,AR,dRI:AR,-0.2
B_attacker_costs,0.1,0.1,0.1,0.0,0.8,0.65,dRI,AR,dRI:AR,-0.2
B_attacker_costs,0.1,0.1,0.1,0.0,0.8,0.7,dRI,AR,dRI:AR,-0.2
B_attacker_costs,0.1,0.1,0.1,0.0,0.8,0.75,dRI,AR,dRI:AR,-0.2
B_attacker_costs,0.1,0.1,0.1,0.0,0.8,0.8,dRI,AR,dRI:AR,-0.2
B_attacker_costs,0.1,0.1,0.1,0.0,0.8,0.85,dRI,AR,dRI:AR,-0.2
B_attacker_costs,0.1,0.1,0.1,0.0,0.8,0.9,dRI,AR,dRI:AR,-0.2
B_attacker_costs,0.1,0.1,0.1,0.0,0.8,0.95,dRI,AR,dRI:AR,-0.2
B_attacker_costs,0.1,0.1,0.1,0.0,0.8,1.0,dRI,AR,dRI:AR,-0.2
B_attacker_costs,0.1,0.1,0.1,0.0,0.85,0.0,dRD,AD,dRD:AD,-0.39602000000000004
B_attacker_costs,0.1,0.1,0.1,0.0,0.85,0.05,dRID,AD,dRID:AD,-0.49602
B_attacker_costs,0.1,0.1,0.1,0.0,0.85,0.1,dRID,AD,dRID:AD,-0.49602
B_attacker_costs,0.1,0.1,0.1,0.0,0.85,0.15,dRID,AD,dRID:AD,-0.49602
B_attacker_costs,0.1,0.1,0.1,0.0,0.85,0.2,dRID,AR,dRID:AR,-0.30000000000000004
B_attacker_costs,0.1,0.1,0.1,0.0,0.85,0.25,dRID,AR,dRID:AR,-0.30000000000000004
B_attacker_costs,0.1,0.1,0.1,0.0,0.85,0.3,dRID,AR,dRID:AR,-0.30000000000000004
B_attacker_costs,0.1,0.1,0.1,0.0,0.85,0.35,dRID,AR,dRID:AR,-0.30000000000000004
B_attacker_costs,0.1,0.1,0.1,0.0,0.85,0.4,dRID,AR,dRID:AR,-0.30000000000000004
B_attacker_costs,0.1,0.1,0.1,0.0,0.85,0.45,dRI,AR,dRI:AR,-0.2
B_attacker_costs,0.1,0.1,0.1,0.0,0.85,0.5,dRI,AR,dRI:AR,-0.2
B_attacker_costs,0.1,0.1,0.1,0.0,0.85,0.55,dRI,AR,dRI:AR,-0.2
B_attacker_costs,0.1,0.1,0.1,0.0,0.85,0.6,dRI,AR,dRI:AR,-0.2
B_attacker_costs,0.1,0.1,0.1,0.0,0.85,0.65,dRI,AR,dRI:AR,-0.2
B_attacker_costs,0.1,0.1,0.1,0.0,0.85,0.7,dRI,AR,dRI:AR,-0.2
B_attacker_costs,0.1,0.1,0.1,0.0,0.85,0.75,dRI,AR,dRI:AR,-0.2
B_attacker_costs,0.1,0.1,0.1,0.0,0.85,0.8,dRI,AR,dRI:AR,-0.2
B_attacker_costs,0.1,0.1,0.1,0.0,0.85,0.85,dRI,AR,dRI:AR,-0.2
B_attacker_costs,0.1,0.1,0.1,0.0,0.85,0.9,dRI,AR,dRI:AR,-0.2
B_attacker_costs,0.1,0.1,0.1,0.0,0.85,0.95,dRI,AR,dRI:AR,-0.2
B_attacker_costs,0.1,0.1,0.1,0.0,0.85,1.0,dRI,AR,dRI:AR,-0.2
B_attacker_costs,0.1,0.1,0.1,0.0,0.9,0.0,dRD,AD,dRD:AD,-0.39602000000000004
B_attacker_costs,0.1,0.1,0.1,0.0,0.9,0.05,dRD,AD,dRD:AD,-0.39602000000000004
B_attacker_costs,0.1,0.1,0.1,0.0,0.9,0.1,dRID,AD,dRID:AD,-0.49602
B_attacker_costs,0.1,0.1,0.1,0.0,0.9,0.15,dRID,AD,dRID:AD,-0.49602
B_attacker_costs,0.1,0.1,0.1,0.0,0.9,0.2,dRID,AR,dRID:AR,-0.30000000000000004
B_attacker_costs,0.1,0.1,0.1,0.0,0.9,0.25,dRID,AR,dRID:AR,-0.30000000000000004
B_attacker_costs,0.1,0.1,0.1,0.0,0.9,0.3,dRID,AR,dRID:AR,-0.30000000000000004
B_attacker_costs,0.1,0.1,0.1,0.0,0.9,0.35,dRID,AR,dRID:AR,-0.30000000000000004
B_attacker_costs,0.1,0.1,0.1,0.0,0.9,0.4,dRID,AR,dRID:AR,-0.30000000000000004
B_attacker_costs,0.1,0.1,0.1,0.0,0.9,0.45,dRI,AR,dRI:AR,-0.2
B_attacker_costs,0.1,0.1,0.1,0.0,0.9,0.5,dRI,AR,dRI:AR,-0.2
B_attacker_costs,0.1,0.1,0.1,0.0,0.9,0.55,dRI,AR,dRI:AR,-0.2
B_attacker_costs,0.1,0.1,0.1,0.0,0.9,0.6,dRI,AR,dRI:AR,-0.2
B_attacker_costs,0.1,0.1,0.1,0.0,0.9,0.65,dRI,AR,dRI:AR,-0.2
B_attacker_costs,0.1,0.1,0.1,0.0,0.9,0.7,dRI,AR,dRI:AR,-0.2
B_attacker_costs,0.1,0.1,0.1,0.0,0.9,0.75,dRI,AR,dRI:AR,-0.2
B_attacker_costs,0.1,0.1,0.1,0.0,0.9,0.8,dRI,AR,dRI:AR,-0.2
B_attacker_costs,0.1,0.1,0.1,0.0,0.9,0.85,dRI,AR,dRI:AR,-0.2
B_attacker_costs,0.1,0.1,0.1,0.0,0.9,0.9,dRI,AR,dRI:AR,-0.2
B_attacker_costs,0.1,0.1,0.1,0.0,0.9,0.95,dRI,AR,dRI:AR,-0.2
B_attacker_costs,0.1,0.1,0.1,0.0,0.9,1.0,dRI,AR,dRI:AR,-0.2
B_attacker_costs,0.1,0.1,0.1,0.0,0.95,0.0,dRD,AD,dRD:AD,-0.39602000000000004
B_attacker_costs,0.1,0.1,0.1,0.0,0.95,0.05,dRD,AD,dRD:AD,-0.39602000000000004
B_attacker_costs,0.1,0.1,0.1,0.0,0.95,0.1,dRD,AD,dRD:AD,-0.39602000000000004
B_attacker_costs,0.1,0.1,0.1,0.0,0.95,0.15,dRID,AD,dRID:AD,-0.49602
B_attacker_costs,0.1,0.1,0.1,0.0,0.95,0.2,dRID,AR,dRID:AR,-0.30000000000000004
B_attacker_costs,0.1,0.1,0.1,0.0,0.95,0.25,dRID,AR,dRID:AR,-0.30000000000000004
B_attacker_costs,0.1,0.1,0.1,0.0,0.95,0.3,dRID,AR,dRID:AR,-0.30000000000000004
B_attacker_costs,0.1,0.1,0.1,0.0,0.95,0.35,dRID,AR,dRID:AR,-0.30000000000000004
B_attacker_costs,0.1,0.1,0.1,0.0,0.95,0.4,dRID,AR,dRID:AR,-0.30000000000000004
B_attacker_costs,0.1,0.1,0.1,0.0,0.95,0.45,dRI,AR,dRI:AR,-0.2
B_attacker_costs,0.1,0.1,0.1,0.0,0.95,0.5,dRI,AR,dRI:AR,-0.2
B_attacker_costs,0.1,0.1,0.1,0.0,0.95,0.55,dRI,AR,dRI:AR,-0.2
B_attacker_costs,0.1,0.1,0.1,0.0,0.95,0.6,dRI,AR,dRI:AR,-0.2
B_attacker_costs,0.1,0.1,0.1,0.0,0.95,0.65,dRI,AR,dRI:AR,-0.2
B_attacker_costs,0.1,0.1,0.1,0.0,0.95,0.7,dRI,AR,dRI:AR,-0.2
B_attacker_costs,0.1,0.1,0.1,0.0,0.95,0.75,dRI,AR,dRI:AR,-0.2
B_attacker_costs,0.1,0.1,0.1,0.0,0.95,0.8,dRI,AR,dRI:AR,-0.2
B_attacker_costs,0.1,0.1,0.1,0.0,0.95,0.85,dRI,AR,dRI:AR,-0.2
B_attacker_costs,0.1,0.1,0.1,0.0,0.95,0.9,dRI,AR,dRI:AR,-0.2
B_attacker_costs,0.1,0.1,0.1,0.0,0.95,0.95,dRI,AR,dRI:AR,-0.2
B_attacker_costs,0.1,0.1,0.1,0.0,0.95,1.0,dRI,AR,dRI:AR,-0.2
B_attacker_costs,0.1,0.1,0.1,0.0,1.0,0.0,dRD,AD,dRD:AD,-0.39602000000000004
B_attacker_costs,0.1,0.1,0.1,0.0,1.0,0.05,dRD,AD,dRD:AD,-0.39602000000000004
B_attacker_costs,0.1,0.1,0.1,0.0,1.0,0.1,dRD,AD,dRD:AD,-0.39602000000000004
B_attacker_costs,0.1,0.1,0.1,0.0,1.0,0.15,dRD,AD,dRD:AD,-0.39602000000000004
B_attacker_costs,0.1,0.1,0.1,0.0,1.0,0.2,dRD,AR,dRD:AR,-0.2
B_attacker_costs,0.1,0.1,0.1,0.0,1.0,0.25,dRD,AR,dRD:AR,-0.2
B_attacker_costs,0.1,0.1,0.1,0.0,1.0,0.3,dRD,AR,dRD:AR,-0.2
B_attacker_costs,0.1,0.1,0.1,0.0,1.0,0.35,dRD,AR,dRD:AR,-0.2
B_attacker_costs,0.1,0.1,0.1,0.0,1.0,0.4,dRD,AR,dRD:AR,-0.2
B_attacker_costs,0.1,0.1,0.1,0.0,1.0,0.45,dR,AR,dR:AR,-0.1
B_attacker_costs,0.1,0.1,0.1,0.0,1.0,0.5,dR,AR,dR:AR,-0.1
B_attacker_costs,0.1,0.1,0.1,0.0,1.0,0.55,dR,AR,dR:AR,-0.1
B_attacker_costs,0.1,0.1,0.1,0.0,1.0,0.6,dR,AR,dR:AR,-0.1
B_attacker_costs,0.1,0.1,0.1,0.0,1.0,0.65,dR,AR,dR:AR,-0.1
B_attacker_costs,0.1,0.1,0.1,0.0,1.0,0.7,dR,AR,dR:AR,-0.1
B_attacker_costs,0.1,0.1,0.1,0.0,1.0,0.75,dR,AR,dR:AR,-0.1
B_attacker_costs,0.1,0.1,0.1,0.0,1.0,0.8,dR,AR,dR:AR,-0.1
B_attacker_costs,0.1,0.1,0.1,0.0,1.0,0.85,dR,AR,dR:AR,-0.1
B_attacker_costs,0.1,0.1,0.1,0.0,1.0,0.9,dR,AR,dR:AR,-0.1
B_attacker_costs,0.1,0.1,0.1,0.0,1.0,0.95,dR,AR,dR:AR,-0.1
B_attacker_costs,0.1,0.1,0.1,0.0,1.0,1.0,dR,AR,dR:AR,-0.1
B_attacker_costs,0.1,0.1,0.1,0.05,0.0,0.0,dRID,AD,dRID:AD,-0.49602
B_attacker_costs,0.1,0.1,0.1,0.05,0.0,0.05,dRID,AD,dRID:AD,-0.49602
B_attacker_costs,0.1,0.1,0.1,0.05,0.0,0.1,dRID,AD,dRID:AD,-0.49602
B_attacker_costs,0.1,0.1,0.1,0.05,0.0,0.15,dRID,AD,dRID:AD,-0.49602
B_attacker_costs,0.1,0.1,0.1,0.05,0.0,0.2,dRID,AI,dRID:AI,-0.30000000000000004
B_attacker_costs,0.1,0.1,0.1,0.05,0.0,0.25,dRID,AI,dRID:AI,-0.30000000000000004
B_attacker_costs,0.1,0.1,0.1,0.05,0.0,0.3,dRID,AI,dRID:AI,-0.30000000000000004
B_attacker_costs,0.1,0.1,0.1,0.05,0.0,0.35,dRID,AI,dRID:AI,-0.30000000000000004
B_attacker_costs,0.1,0.1,0.1,0.05,0.0,0.4,dRID,AI,dRID:AI,-0.30000000000000004
B_attacker_costs,0.1,0.1,0.1,0.05,0.0,0.45,dRI,AI,dRI:AI,-0.2
B_attacker_costs,0.1,0.1,0.1,0.05,0.0,0.5,dRI,AI,dRI:AI,-0.2
B_attacker_costs,0.1,0.1,0.1,0.05,0.0,0.55,dRI,AI,dRI:AI,-0.2
B_attacker_costs,0.1,0.1,0.1,0.05,0.0,0.6,dRI,AI,dRI:AI,-0.2
B_attacker_costs,0.1,0.1,0.1,0.05,0.0,0.65,dRI,AI,dRI:AI,-0.2
B_attacker_costs,0.1,0.1,0.1,0.05,0.0,0.7,dRI,AI,dRI:AI,-0.2
B_attacker_costs,0.1,0.1,0.1,0.05,0.0,0.75,dRI,AI,dRI:AI,-0.2
B_attacker_costs,0.1,0.1,0.1,0.05,0.0,0.8,dRI,AI,dRI:AI,-0.2
B_attacker_costs,0.1,0.1,0.1,0.05,0.0,0.85,dRI,AI,dRI:AI,-0.2
B_attacker_costs,0.1,0.1,0.1,0.05,0.0,0.9,dRI,AI,dRI:AI,-0.2
B_attacker_costs,0.1,0.1,0.1,0.05,0.0,0.95,dRI,AI,dRI:AI,-0.2
B_attacker_costs,0.1,0.1,0.1,0.05,0.0,1.0,dRI,AI,dRI:AI,-0.2
B_attacker_costs,0.1,0.1,0.1,0.05,0.05,0.0,dRID,AD,dRID:AD,-0.49602
B_attacker_costs,0.1,0.1,0.1,0.05,0.05,0.05,dRID,AD,dRID:AD,-0.49602
B_attacker_costs,0.1,0.1,0.1,0.05,0.05,0.1,dRID,AD,dRID:AD,-0.49602
B_attacker_costs,0.1,0.1,0.1,0.05,0.05,0.15,dRID,AD,dRID:AD,-0.49602
B_attacker_costs,0.1,0.1,0.1,0.05,0.05,0.2,dRID,A0,dRID:A0,-0.30000000000000004
B_attacker_costs,0.1,0.1,0.1,0.05,0.05,0.25,dRID,A0,dRID:A0,-0.30000000000000004
B_attacker_costs,0.1,0.1,0.1,0.05,0.05,0.3,dRID,A0,dRID:A0,-0.30000000000000004
B_attacker_costs,0.1,0.1,0.1,0.05,0.05,0.35,dRID,A0,dRID:A0,-0.30000000000000004
B_attacker_costs,0.1,0.1,0.1,0.05,0.05,0.4,dRID,A0,dRID:A0,-0.30000000000000004
B_attacker_costs,0.1,0.1,0.1,0.05,0.05,0.45,dRI,A0,dRI:A0,-0.2
B_attacker_costs,0.1,0.1,0.1,0.05,0.05,0.5,dRI,A0,dRI:A0,-0.2
B_attacker_costs,0.1,0.1,0.1,0.05,0.05,0.55,dRI,A0,dRI:A0,-0.2
B_attacker_costs,0.1,0.1,0.1,0.05,0.05,0.6,dRI,A0,dRI:A0,-0.2
B_attacker_costs,0.1,0.1,0.1,0.05,0.05,0.65,dRI,A0,dRI:A0,-0.2
B_attacker_costs,0.1,0.1,0.1,0.05,0.05,0.7,dRI,A0,dRI:A0,-0.2
B_attacker_costs,0.1,0.1,0.1,0.05,0.05,0.75,dRI,A0,dRI:A0,-0.2
B_attacker_costs,0.1,0.1,0.1,0.05,0.05,0.8,dRI,A0,dRI:A0,-0.2
B_attacker_costs,0.1,0.1,0.1,0.05,0.05,0.85,dRI,A0,dRI:A0,-0.2
B_attacker_costs,0.1,0.1,0.1,0.05,0.05,0.9,dRI,A0,dRI:A0,-0.2
B_attacker_costs,0.1,0.1,0.1,0.05,0.05,0.95,dRI,A0,dRI:A0,-0.2
B_attacker_costs,0.1,0.1,0.1,0.05,0.05,1.0,dRI,A0,dRI:A0,-0.2
B_attacker_costs,0.1,0.1,0.1,0.05,0.1,0.0,dRID,AD,dRID:AD,-0.49602
B_attacker_costs,0.1,0.1,0.1,0.05,0.1,0.05,dRID,AD,dRID:AD,-0.49602
B_attacker_costs,0.1,0.1,0.1,0.05,0.1,0.1,dRID,AD,dRID:AD,-0.49602
B_attacker_costs,0.1,0.1,0.1,0.05,0.1,0.15,dRID,AD,dRID:AD,-0.49602
B_attacker_costs,0.1,0.1,0.1,0.05,0.1,0.2,dRID,A0,dRID:A0,-0.30000000000000004
B_attacker_costs,0.1,0.1,0.1,0.05,0.1,0.25,dRID,A0,dRID:A0,-0.30000000000000004
B_attacker_costs,0.1,0.1,0.1,0.05,0.1,0.3,dRID,A0,dRID:A0,-0.30000000000000004
B_attacker_costs,0.1,0.1,0.1,0.05,0.1,0.35,dRID,A0,dRID:A0,-0.30000000000000004
B_attacker_costs,0.1,0.1,0.1,0.05,0.1,0.4,dRID,A0,dRID:A0,-0.30000000000000004
B_attacker_costs,0.1,0.1,0.1,0.05,0.1,0.45,dRI,A0,dRI:A0,-0.2
B_attacker_costs,0.1,0.1,0.1,0.05,0.1,0.5,dRI,A0,dRI:A0,-0.2
B_attacker_costs,0.1,0.1,0.1,0.05,0.1,0.55,dRI,A0,dRI:A0,-0.2
B_attacker_costs,0.1,0.1,0.1,0.05,0.1,0.6,dRI,A0,dRI:A0,-0.2
B_attacker_costs,0.1,0.1,0.1,0.05,0.1,0.65,dRI,A0,dRI:A0,-0.2
B_attacker_costs,0.1,0.1,0.1,0.05,0.1,0.7,dRI,A0,dRI:A0,-0.2
B_attacker_costs,0.1,0.1,0.1,0.05,0.1,0.75,dRI,A0,dRI:A0,-0.2
B_attacker_costs,0.1,0.1,0.1,0.05,0.1,0.8,dRI,A0,dRI:A0,-0.2
B_attacker_costs,0.1,0.1,0.1,0.05,0.1,0.85,dRI,A0,dRI:A0,-0.2
B_attacker_costs,0.1,0.1,0.1,0.05,0.1,0.9,dRI,A0,dRI:A0,-0.2
B_attacker_costs,0.1,0.1,0.1,0.05,0.1,0.95,dRI,A0,dRI:A0,-0.2
B_attacker_costs,0.1,0.1,0.1,0.05,0.1,1.0,dRI,A0,dRI:A0,-0.2
B_attacker_costs,0.1,0.1,0.1,0.05,0.15,0.0,dRID,AD,dRID:AD,-0.49602
B_attacker_costs,0.1,0.1,0.1,0.05,0.15,0.05,dRID,AD,dRID:AD,-0.49602
B_attacker_costs,0.1,0.1,0.1,0.05,0.15,0.1,dRID,AD,dRID:AD,-0.49602
B_attacker_costs,0.1,0.1,0.1,0.05,0.15,0.15,dRID,AD,dRID:AD,-0.49602
B_attacker_costs,0.1,0.1,0.1,0.05,0.15,0.2,dRID,A0,dRID:A0,-0.30000000000000004
B_attacker_costs,0.1,0.1,0.1,0.05,0.15,0.25,dRID,A0,dRID:A0,-0.30000000000000004
B_attacker_costs,0.1,0.1,0.1,0.05,0.15,0.3,dRID,A0,dRID:A0,-0.30000000000000004
B_attacker_costs,0.1,0.1,0.1,0.05,0.15,0.35,dRID,A0,dRID:A0,-0.30000000000000004
B_attacker_costs,0.1,0.1,0.1,0.05,0.15,0.4,dRID,A0,dRID:A0,-0.30000000000000004
B_attacker_costs,0.1,0.1,0.1,0.05,0.15,0.45,dRI,A0,dRI:A0,-0.2
B_attacker_costs,0.1,0.1,0.1,0.05,0.15,0.5,dRI,A0,dRI:A0,-0.2
B_attacker_costs,0.1,0.1,0.1,0.05,0.15,0.55,dRI,A0,dRI:A0,-0.2
B_attacker_costs,0.1,0.1,0.1,0.05,0.15,0.6,dRI,A0,dRI:A0,-0.2
B_attacker_costs,0.1,0.1,0.1,0.05,0.15,0.65,dRI,A0,dRI:A0,-0.2
B_attacker_costs,0.1,0.1,0.1,0.05,0.15,0.7,dRI,A0,dRI:A0,-0.2
B_attacker_costs,0.1,0.1,0.1,0.05,0.15,0.75,dRI,A0,dRI:A0,-0.2
B_attacker_costs,0.1,0.1,0.1,0.05,0.15,0.8,dRI,A0,dRI:A0,-0.2
B_attacker_costs,0.1,0.1,0.1,0.05,0.15,0.85,dRI,A0,dRI:A0,-0.2
B_attacker_costs,0.1,0.1,0.1,0.05,0.15,0.9,dRI,A0,dRI:A0,-0.2
B_attacker_costs,0.1,0.1,0.1,0.05,0.15,0.95,dRI,A0,dRI:A0,-0.2
B_attacker_costs,0.1,0.1,0.1,0.05,0.15,1.0,dRI,A0,dRI:A0,-0.2
B_attacker_costs,0.1,0.1,0.1,0.05,0.2,0.0,dRID,AD,dRID:AD,-0.49602
B_attacker_costs,0.1,0.1,0.1,0.05,0.2,0.05,dRID,AD,dRID:AD,-0.49602
B_attacker_costs,0.1,0.1,0.1,0.05,0.2,0.1,dRID,AD,dRID:AD,-0.49602
B_attacker_costs,0.1,0.1,0.1,0.05,0.2,0.15,dRID,AD,dRID:AD,-0.49602
B_attacker_costs,0.1,0.1,0.1,0.05,0.2,0.2,dRID,A0,dRID:A0,-0.30000000000000004
B_attacker_costs,0.1,0.1,0.1,0.05,0.2,0.25,dRID,A0,dRID:A0,-0.30000000000000004
B_attacker_costs,0.1,0.1,0.1,0.05,0.2,0.3,dRID,A0,dRID:A0,-0.30000000000000004
B_attacker_costs,0.1,0.1,0.1,0.05,0.2,0.35,dRID,A0,dRID:A0,-0.30000000000000004
B_attacker_costs,0.1,0.1,0.1,0.05,0.2,0.4,dRID,A0,dRID:A0,-0.30000000000000004
B_attacker_costs,0.1,0.1,0.1,0.05,0.2,0.45,dRI,A0,dRI:A0,-0.2
B_attacker_costs,0.1,0.1,0.1,0.05,0.2,0.5,dRI,A0,dRI:A0,-0.2
B_attacker_costs,0.1,0.1,0.1,0.05,0.2,0.55,dRI,A0,dRI:A0,-0.2
B_attacker_costs,0.1,0.1,0.1,0.05,0.2,0.6,dRI,A0,dRI:A0,-0.2
B_attacker_costs,0.1,0.1,0.1,0.05,0.2,0.65,dRI,A0,dRI:A0,-0.2
B_attacker_costs,0.1,0.1,0.1,0.05,0.2,0.7,dRI,A0,dRI:A0,-0.2
B_attacker_costs,0.1,0.1,0.1,0.05,0.2,0.75,dRI,A0,dRI:A0,-0.2
B_attacker_costs,0.1,0.1,0.1,0.05,0.2,0.8,dRI,A0,dRI:A0,-0.2
B_attacker_costs,0.1,0.1,0.1,0.05,0.2,0.85,dRI,A0,dRI:A0,-0.2
B_attacker_costs,0.1,0.1,0.1,0.05,0.2,0.9,dRI,A0,dRI:A0,-0.2
B_attacker_costs,0.1,0.1,0.1,0.05,0.2,0.95,dRI,A0,dRI:A0,-0.2
B_attacker_costs,0.1,0.1,0.1,0.05,0.2,1.0,dRI,A0,dRI:A0,-0.2
B_attacker_costs,0.1,0.1,0.1,0.05,0.25,0.0,dRID,AD,dRID:AD,-0.49602
B_attacker_costs,0.1,0.1,0.1,0.05,0.25,0.05,dRID,AD,dRID:AD,-0.49602
B_attacker_costs,0.1,0.1,0.1,0.05,0.25,0.1,dRID,AD,dRID:AD,-0.49602
B_attacker_costs,0.1,0.1,0.1,0.05,0.25,0.15,dRID,AD,dRID:AD,-0.49602
B_attacker_costs,0.1,0.1,0.1,0.05,0.25,0.2,dRID,A0,dRID:A0,-0.30000000000000004
B_attacker_costs,0.1,0.1,0.1,0.05,0.25,0.25,dRID,A0,dRID:A0,-0.30000000000000004
B_attacker_costs,0.1,0.1,0.1,0.05,0.25,0.3,dRID,A0,dRID:A0,-0.30000000000000004
B_attacker_costs,0.1,0.1,0.1,0.05,0.25,0.35,dRID,A0,dRID:A0,-0.30000000000000004
B_attacker_costs,0.1,0.1,0.1,0.05,0.25,0.4,dRID,A0,dRID:A0,-0.30000000000000004
B_attacker_costs,0.1,0.1,0.1,0.05,0.25,0.45,dRI,A0,dRI:A0,-0.2
B_attacker_costs,0.1,0.1,0.1,0.05,0.25,0.5,dRI,A0,dRI:A0,-0.2
B_attacker_costs,0.1,0.1,0.1,0.05,0.25,0.55,dRI,A0,dRI:A0,-0.2
B_attacker_costs,0.1,0.1,0.1,0.05,0.25,0.6,dRI,A0,dRI:A0,-0.2
B_attacker_costs,0.1,0.1,0.1,0.05,0.25,0.65,dRI,A0,dRI:A0,-0.2
B_attacker_costs,0.1,0.1,0.1,0.05,0.25,0.7,dRI,A0,dRI:A0,-0.2
B_attacker_costs,0.1,0.1,0.1,0.05,0.25,0.75,dRI,A0,dRI:A0,-0.2
B_attacker_costs,0.1,0.1,0.1,0.05,0.25,0.8,dRI,A0,dRI:A0,-0.2
B_attacker_costs,0.1,0.1,0.1,0.05,0.25,0.85,dRI,A0,dRI:A0,-0.2
B_attacker_costs,0.1,0.1,0.1,0.05,0.25,0.9,dRI,A0,dRI:A0,-0.2
B_attacker_costs,0.1,0.1,0.1,0.05,0.25,0.95,dRI,A0,dRI:A0,-0.2
B_attacker_costs,0.1,0.1,0.1,0.05,0.25,1.0,dRI,A0,dRI:A0,-0.2
B_attacker_costs,0.1,0.1,0.1,0.05,0.3,0.0,dRID,AD,dRID:AD,-0.49602
B_attacker_costs,0.1,0.1,0.1,0.05,0.3,0.05,dRID,AD,dRID:AD,-0.49602
B_attacker_costs,0.1,0.1,0.1,0.05,0.3,0.1,dRID,AD,dRID:AD,-0.49602
B_attacker_costs,0.1,0.1,0.1,0.05,0.3,0.15,dRID,AD,dRID:AD,-0.49602
B_attacker_costs,0.1,0.1,0.1,0.05,0.3,0.2,dRID,A0,dRID:A0,-0.30000000000000004
B_attacker_costs,0.1,0.1,0.1,0.05,0.3,0.25,dRID,A0,dRID:A0,-0.30000000000000004
B_attacker_costs,0.1,0.1,0.1,0.05,0.3,0.3,dRID,A0,dRID:A0,-0.30000000000000004
B_attacker_costs,0.1,0.1,0.1,0.05,0.3,0.35,dRID,A0,dRID:A0,-0.30000000000000004
B_attacker_costs,0.1,0.1,0.1,0.05,0.3,0.4,dRID,A0,dRID:A0,-0.30000000000000004
B_attacker_costs,0.1,0.1,0.1,0.05,0.3,0.45,dRI,A0,dRI:A0,-0.2
B_attacker_costs,0.1,0.1,0.1,0.05,0.3,0.5,dRI,A0,dRI:A0,-0.2
B_attacker_costs,0.1,0.1,0.1,0.05,0.3,0.55,dRI,A0,dRI:A0,-0.2
B_attacker_costs,0.1,0.1,0.1,0.05,0.3,0.6,dRI,A0,dRI:A0,-0.2
B_attacker_costs,0.1,0.1,0.1,0.05,0.3,0.65,dRI,A0,dRI:A0,-0.2
B_attacker_costs,0.1,0.1,0.1,0.05,0.3,0.7,dRI,A0,dRI:A0,-0.2
B_attacker_costs,0.1,0.1,0.1,0.05,0.3,0.75,dRI,A0,dRI:A0,-0.2
B_attacker_costs,0.1,0.1,0.1,0.05,0.3,0.8,dRI,A0,dRI:A0,-0.2
B_attacker_costs,0.1,0.1,0.1,0.05,0.3,0.85,dRI,A0,dRI:A0,-0.2
B_attacker_costs,0.1,0.1,0.1,0.05,0.3,0.9,dRI,A0,dRI:A0,-0.2
B_attacker_costs,0.1,0.1,0.1,0.05,0.3,0.95,dRI,A0,dRI:A0,-0.2
B_attacker_costs,0.1,0.1,0.1,0.05,0.3,1.0,dRI,A0,dRI:A0,-0.2
B_attacker_costs,0.1,0.1,0.1,0.05,0.35,0.0,dRID,AD,dRID:AD,-0.49602
B_attacker_costs,0.1,0.1,0.1,0.05,0.35,0.05,dRID,AD,dRID:AD,-0.49602
B_attacker_costs,0.1,0.1,0.1,0.05,0.35,0.1,dRID,AD,dRID:AD,-0.49602
B_attacker_costs,0.1,0.1,0.1,0.05,0.35,0.15,dRID,AD,dRID:AD,-0.49602
B_attacker_costs,0.1,0.1,0.1,0.05,0.35,0.2,dRID,A0,dRID:A0,-0.30000000000000004
B_attacker_costs,0.1,0.1,0.1,0.05,0.35,0.25,dRID,A0,dRID:A0,-0.30000000000000004
B_attacker_costs,0.1,0.1,0.1,0.05,0.35,0.3,dRID,A0,dRID:A0,-0.30000000000000004
B_attacker_costs,0.1,0.1,0.1,0.05,0.35,0.35,dRID,A0,dRID:A0,-0.30000000000000004
B_attacker_costs,0.1,0.1,0.1,0.05,0.35,0.4,dRID,A0,dRID:A0,-0.30000000000000004
B_attacker_costs,0.1,0.1,0.1,0.05,0.35,0.45,dRI,A0,dRI:A0,-0.2
B_attacker_costs,0.1,0.1,0.1,0.05,0.35,0.5,dRI,A0,dRI:A0,-0.2
B_attacker_costs,0.1,0.1,0.1,0.05,0.35,0.55,dRI,A0,dRI:A0,-0.2
B_attacker_costs,0.1,0.1,0.1,0.05,0.35,0.6,dRI,A0,dRI:A0,-0.2
B_attacker_costs,0.1,0.1,0.1,0.05,0.35,0.65,dRI,A0,dRI:A0,-0.2
B_attacker_costs,0.1,0.1,0.1,0.05,0.35,0.7,dRI,A0,dRI:A0,-0.2
B_attacker_costs,0.1,0.1,0.1,0.05,0.35,0.75,dRI,A0,dRI:A0,-0.2
B_attacker_costs,0.1,0.1,0.1,0.05,0.35,0.8,dRI,A0,dRI:A0,-0.2
B_attacker_costs,0.1,0.1,0.1,0.05,0.35,0.85,dRI,A0,dRI:A0,-0.2
B_attacker_costs,0.1,0.1,0.1,0.05,0.35,0.9,dRI,A0,dRI:A0,-0.2
B_attacker_costs,0.1,0.1,0.1,0.05,0.35,0.95,dRI,A0,dRI:A0,-0.2
B_attacker_costs,0.1,0.1,0.1,0.05,0.35,1.0,dRI,A0,dRI:A0,-0.2
B_attacker_costs,0.1,0.1,0.1,0.05,0.4,0.0,dRID,AD,dRID:AD,-0.49602
B_attacker_costs,0.1,0.1,0.1,0.05,0.4,0.05,dRID,AD,dRID:AD,-0.49602
B_attacker_costs,0.1,0.1,0.1,0.05,0.4,0.1,dRID,AD,dRID:AD,-0.49602
B_attacker_costs,0.1,0.1,0.1,0.05,0.4,0.15,dRID,AD,dRID:AD,-0.49602
B_attacker_costs,0.1,0.1,0.1,0.05,0.4,0.2,dRID,A0,dRID:A0,-0.30000000000000004
B_attacker_costs,0.1,0.1,0.1,0.05,0.4,0.25,dRID,A0,dRID:A0,-0.30000000000000004
B_attacker_costs,0.1,0.1,0.1,0.05,0.4,0.3,dRID,A0,dRID:A0,-0.30000000000000004
B_attacker_costs,0.1,0.1,0.1,0.05,0.4,0.35,dRID,A0,dRID:A0,-0.30000000000000004
B_attacker_costs,0.1,0.1,0.1,0.05,0.4,0.4,dRID,A0,dRID:A0,-0.30000000000000004
B_attacker_costs,0.1,0.1,0.1,0.05,0.4,0.45,dRI,A0,dRI:A0,-0.2
B_attacker_costs,0.1,0.1,0.1,0.05,0.4,0.5,dRI,A0,dRI:A0,-0.2
B_attacker_costs,0.1,0.1,0.1,0.05,0.4,0.55,dRI,A0,dRI:A0,-0.2
B_attacker_costs,0.1,0.1,0.1,0.05,0.4,0.6,dRI,A0,dRI:A0,-0.2
B_attacker_costs,0.1,0.1,0.1,0.05,0.4,0.65,dRI,A0,dRI:A0,-0.2
B_attacker_costs,0.1,0.1,0.1,0.05,0.4,0.7,dRI,A0,dRI:A0,-0.2
B_attacker_costs,0.1,0.1,0.1,0.05,0.4,0.75,dRI,A0,dRI:A0,-0.2
B_attacker_costs,0.1,0.1,0.1,0.05,0.4,0.8,dRI,A0,dRI:A0,-0.2
B_attacker_costs,0.1,0.1,0.1,0.05,0.4,0.85,dRI,A0,dRI:A0,-0.2
B_attacker_costs,0.1,0.1,0.1,0.05,0.4,0.9,dRI,A0,dRI:A0,-0.2
B_attacker_costs,0.1,0.1,0.1,0.05,0.4,0.95,dRI,A0,dRI:A0,-0.2
B_attacker_costs,0.1,0.1,0.1,0.05,0.4,1.0,dRI,A0,dRI:A0,-0.2
B_attacker_costs,0.1,0.1,0.1,0.05,0.45,0.0,dRID,AD,dRID:AD,-0.49602
B_attacker_costs,0.1,0.1,0.1,0.05,0.45,0.05,dRID,AD,dRID:AD,-0.49602
B_attacker_costs,0.1,0.1,0.1,0.05,0.45,0.1,dRID,AD,dRID:AD,-0.49602
B_attacker_costs,0.1,0.1,0.1,0.05,0.45,0.15,dRID,AD,dRID:AD,-0.49602
B_attacker_costs,0.1,0.1,0.1,0.05,0.45,0.2,dRID,A0,dRID:A0,-0.30000000000000004
B_attacker_costs,0.1,0.1,0.1,0.05,0.45,0.25,dRID,A0,dRID:A0,-0.30000000000000004
B_attacker_costs,0.1,0.1,0.1,0.05,0.45,0.3,dRID,A0,dRID:A0,-0.30000000000000004
B_attacker_costs,0.1,0.1,0.1,0.05,0.45,0.35,dRID,A0,dRID:A0,-0.30000000000000004
B_attacker_costs,0.1,0.1,0.1,0.05,0.45,0.4,dRID,A0,dRID:A0,-0.30000000000000004
B_attacker_costs,0.1,0.1,0.1,0.05,0.45,0.45,dRI,A0,dRI:A0,-0.2
B_attacker_costs,0.1,0.1,0.1,0.05,0.45,0.5,dRI,A0,dRI:A0,-0.2
B_attacker_costs,0.1,0.1,0.1,0.05,0.45,0.55,dRI,A0,dRI:A0,-0.2
B_attacker_costs,0.1,0.1,0.1,0.05,0.45,0.6,dRI,A0,dRI:A0,-0.2
B_attacker_costs,0.1,0.1,0.1,0.05,0.45,0.65,dRI,A0,dRI:A0,-0.2
B_attacker_costs,0.1,0.1,0.1,0.05,0.45,0.7,dRI,A0,dRI:A0,-0.2
B_attacker_costs,0.1,0.1,0.1,0.05,0.45,0.75,dRI,A0,dRI:A0,-0.2
B_attacker_costs,0.1,0.1,0.1,0.05,0.45,0.8,dRI,A0,dRI:A0,-0.2
B_attacker_costs,0.1,0.1,0.1,0.05,0.45,0.85,dRI,A0,dRI:A0,-0.2
B_attacker_costs,0.1,0.1,0.1,0.05,0.45,0.9,dRI,A0,dRI:A0,-0.2
B_attacker_costs,0.1,0.1,0.1,0.05,0.45,0.95,dRI,A0,dRI:A0,-0.2
B_attacker_costs,0.1,0.1,0.1,0.05,0.45,1.0,dRI,A0,dRI:A0,-0.2
B_attacker_costs,0.1,0.1,0.1,0.05,0.5,0.0,dRID,AD,dRID:AD,-0.49602
B_attacker_costs,0.1,0.1,0.1,0.05,0.5,0.05,dRID,AD,dRID:AD,-0.49602
B_attacker_costs,0.1,0.1,0.1,0.05,0.5,0.1,dRID,AD,dRID:AD,-0.49602
B_attacker_costs,0.1,0.1,0.1,0.05,0.5,0.15,dRID,AD,dRID:AD,-0.49602
B_attacker_costs,0.1,0.1,0.1,0.05,0.5,0.2,dRID,A0,dRID:A0,-0.30000000000000004
B_attacker_costs,0.1,0.1,0.1,0.05,0.5,0.25,dRID,A0,dRID:A0,-0.30000000000000004
B_attacker_costs,0.1,0.1,0.1,0.05,0.5,0.3,dRID,A0,dRID:A0,-0.30000000000000004
B_attacker_costs,0.1,0.1,0.1,0.05,0.5,0.35,dRID,A0,dRID:A0,-0.30000000000000004
B_attacker_costs,0.1,0.1,0.1,0.05,0.5,0.4,dRID,A0,dRID:A0,-0.30000000000000004
B_attacker_costs,0.1,0.1,0.1,0.05,0.5,0.45,dRI,A0,dRI:A0,-0.2
B_attacker_costs,0.1,0.1,0.1,0.05,0.5,0.5,dRI,A0,dRI:A0,-0.2
B_attacker_costs,0.1,0.1,0.1,0.05,0.5,0.55,dRI,A0,dRI:A0,-0.2
B_attacker_costs,0.1,0.1,0.1,0.05,0.5,0.6,dRI,A0,dRI:A0,-0.2
B_attacker_costs,0.1,0.1,0.1,0.05,0.5,0.65,dRI,A0,dRI:A0,-0.2
B_attacker_costs,0.1,0.1,0.1,0.05,0.5,0.7,dRI,A0,dRI:A0,-0.2
B_attacker_costs,0.1,0.1,0.1,0.05,0.5,0.75,dRI,A0,dRI:A0,-0.2
B_attacker_costs,0.1,0.1,0.1,0.05,0.5,0.8,dRI,A0,dRI:A0,-0.2
B_attacker_costs,0.1,0.1,0.1,0.05,0.5,0.85,dRI,A0,dRI:A0,-0.2
B_attacker_costs,0.1,0.1,0.1,0.05,0.5,0.9,dRI,A0,dRI:A0,-0.2
B_attacker_costs,0.1,0.1,0.1,0.05,0.5,0.95,dRI,A0,dRI:A0,-0.2
B_attacker_costs,0.1,0.1,0.1,0.05,0.5,1.0,dRI,A0,dRI:A0,-0.2
B_attacker_costs,0.1,0.1,0.1,0.05,0.55,0.0,dRID,AD,dRID:AD,-0.49602
B_attacker_costs,0.1,0.1,0.1,0.05,0.55,0.05,dRID,AD,dRID:AD,-0.49602
B_attacker_costs,0.1,0.1,0.1,0.05,0.55,0.1,dRID,AD,dRID:AD,-0.49602
B_attacker_costs,0.1,0.1,0.1,0.05,0.55,0.15,dRID,AD,dRID:AD,-0.49602
B_attacker_costs,0.1,0.1,0.1,0.05,0.55,0.2,dRID,A0,dRID:A0,-0.30000000000000004
B_attacker_costs,0.1,0.1,0.1,0.05,0.55,0.25,dRID,A0,dRID:A0,-0.30000000000000004
B_attacker_costs,0.1,0.1,0.1,0.05,0.55,0.3,dRID,A0,dRID:A0,-0.30000000000000004
B_attacker_costs,0.1,0.1,0.1,0.05,0.55,0.35,dRID,A0,dRID:A0,-0.30000000000000004
B_attacker_costs,0.1,0.1,0.1,0.05,0.55,0.4,dRID,A0,dRID:A0,-0.30000000000000004
B_attacker_costs,0.1,0.1,0.1,0.05,0.55,0.45,dRI,A0,dRI:A0,-0.2
B_attacker_costs,0.1,0.1,0.1,0.05,0.55,0.5,dRI,A0,dRI:A0,-0.2
B_attacker_costs,0.1,0.1,0.1,0.05,0.55,0.55,dRI,A0,dRI:A0,-0.2
B_attacker_costs,0.1,0.1,0.1,0.05,0.55,0.6,dRI,A0,dRI:A0,-0.2
B_attacker_costs,0.1,0.1,0.1,0.05,0.55,0.65,dRI,A0,dRI:A0,-0.2
B_attacker_costs,0.1,0.1,0.1,0.05,0.55,0.7,dRI,A0,dRI:A0,-0.2
B_attacker_costs,0.1,0.1,0.1,0.05,0.55,0.75,dRI,A0,dRI:A0,-0.2
B_attacker_costs,0.1,0.1,0.1,0.05,0.55,0.8,dRI,A0,dRI:A0,-0.2
B_attacker_costs,0.1,0.1,0.1,0.05,0.55,0.85,dRI,A0,dRI:A0,-0.2
B_attacker_costs,0.1,0.1,0.1,0.05,0.55,0.9,dRI,A0,dRI:A0,-0.2
B_attacker_costs,0.1,0.1,0.1,0.05,0.55,0.95,dRI,A0,dRI:A0,-0.2
B_attacker_costs,0.1,0.1,0.1,0.05,0.55,1.0,dRI,A0,dRI:A0,-0.2
B_attacker_costs,0.1,0.1,0.1,0.05,0.6,0.0,dRID,AD,dRID:AD,-0.49602
B_attacker_costs,0.1,0.1,0.1,0.05,0.6,0.05,dRID,AD,dRID:AD,-0.49602
B_attacker_costs,0.1,0.1,0.1,0.05,0.6,0.1,dRID,AD,dRID:AD,-0.49602
B_attacker_costs,0.1,0.1,0.1,0.05,0.6,0.15,dRID,AD,dRID:AD,-0.49602
B_attacker_costs,0.1,0.1,0.1,0.05,0.6,0.2,dRID,A0,dRID:A0,-0.30000000000000004
B_attacker_costs,0.1,0.1,0.1,0.05,0.6,0.25,dRID,A0,dRID:A0,-0.30000000000000004
B_attacker_costs,0.1,0.1,0.1,0.05,0.6,0.3,dRID,A0,dRID:A0,-0.30000000000000004
B_attacker_costs,0.1,0.1,0.1,0.05,0.6,0.35,dRID,A0,dRID:A0,-0.30000000000000004
B_attacker_costs,0.1,0.1,0.1,0.05,0.6,0.4,dRID,A0,dRID:A0,-0.30000000000000004
B_attacker_costs,0.1,0.1,0.1,0.05,0.6,0.45,dRI,A0,dRI:A0,-0.2
B_attacker_costs,0.1,0.1,0.1,0.05,0.6,0.5,dRI,A0,dRI:A0,-0.2
B_attacker_costs,0.1,0.1,0.1,0.05,0.6,0.55,dRI,A0,dRI:A0,-0.2
B_attacker_costs,0.1,0.1,0.1,0.05,0.6,0.6,dRI,A0,dRI:A0,-0.2
B_attacker_costs,0.1,0.1,0.1,0.05,0.6,0.65,dRI,A0,dRI:A0,-0.2
B_attacker_costs,0.1,0.1,0.1,0.05,0.6,0.7,dRI,A0,dRI:A0,-0.2
B_attacker_costs,0.1,0.1,0.1,0.05,0.6,0.75,dRI,A0,dRI:A0,-0.2
B_attacker_costs,0.1,0.1,0.1,0.05,0.6,0.8,dRI,A0,dRI:A0,-0.2
B_attacker_costs,0.1,0.1,0.1,0.05,0.6,0.85,dRI,A0,dRI:A0,-0.2
B_attacker_costs,0.1,0.1,0.1,0.05,0.6,0.9,dRI,A0,dRI:A0,-0.2
B_attacker_costs,0.1,0.1,0.1,0.05,0.6,0.95,dRI,A0,dRI:A0,-0.2
B_attacker_costs,0.1,0.1,0.1,0.05,0.6,1.0,dRI,A0,dRI:A0,-0.2
B_attacker_costs,0.1,0.1,0.1,0.05,0.65,0.0,dRID,AD,dRID:AD,-0.49602
B_attacker_costs,0.1,0.1,0.1,0.05,0.65,0.05,dRID,AD,dRID:AD,-0.49602
B_attacker_costs,0.1,0.1,0.1,0.05,0.65,0.1,dRID,AD,dRID:AD,-0.49602
B_attacker_costs,0.1,0.1,0.1,0.05,0.65,0.15,dRID,AD,dRID:AD,-0.49602
B_attacker_costs,0.1,0.1,0.1,0.05,0.65,0.2,dRID,A0,dRID:A0,-0.30000000000000004
B_attacker_costs,0.1,0.1,0.1,0.05,0.65,0.25,dRID,A0,dRID:A0,-0.30000000000000004
B_attacker_costs,0.1,0.1,0.1,0.05,0.65,0.3,dRID,A0,dRID:A0,-0.30000000000000004
B_attacker_costs,0.1,0.1,0.1,0.05,0.65,0.35,dRID,A0,dRID:A0,-0.30000000000000004
B_attacker_costs,0.1,0.1,0.1,0.05,0.65,0.4,dRID,A0,dRID:A0,-0.30000000000000004
B_attacker_costs,0.1,0.1,0.1,0.05,0.65,0.45,dRI,A0,dRI:A0,-0.2
B_attacker_costs,0.1,0.1,0.1,0.05,0.65,0.5,dRI,A0,dRI:A0,-0.2
B_attacker_costs,0.1,0.1,0.1,0.05,0.65,0.55,dRI,A0,dRI:A0,-0.2
B_attacker_costs,0.1,0.1,0.1,0.05,0.65,0.6,dRI,A0,dRI:A0,-0.2
B_attacker_costs,0.1,0.1,0.1,0.05,0.65,0.65,dRI,A0,dRI:A0,-0.2
B_attacker_costs,0.1,0.1,0.1,0.05,0.65,0.7,dRI,A0,dRI:A0,-0.2
B_attacker_costs,0.1,0.1,0.1,0.05,0.65,0.75,dRI,A0,dRI:A0,-0.2
B_attacker_costs,0.1,0.1,0.1,0.05,0.65,0.8,dRI,A0,dRI:A0,-0.2
B_attacker_costs,0.1,0.1,0.1,0.05,0.65,0.85,dRI,A0,dRI:A0,-0.2
B_attacker_costs,0.1,0.1,0.1,0.05,0.65,0.9,dRI,A0,dRI:A0,-0.2
B_attacker_costs,0.1,0.1,0.1,0.05,0.65,0.95,dRI,A0,dRI:A0,-0.2
B_attacker_costs,0.1,0.1,0.1,0.05,0.65,1.0,dRI,A0,dRI:A0,-0.2
B_attacker_costs,0.1,0.1,0.1,0.05,0.7,0.0,dRID,AD,dRID:AD,-0.49602
B_attacker_costs,0.1,0.1,0.1,0.05,0.7,0.05,dRID,AD,dRID:AD,-0.49602
B_attacker_costs,0.1,0.1,0.1,0.05,0.7,0.1,dRID,AD,dRID:AD,-0.49602
B_attacker_costs,0.1,0.1,0.1,0.05,0.7,0.15,dRID,AD,dRID:AD,-0.49602
B_attacker_costs,0.1,0.1,0.1,0.05,0.7,0.2,dRID,A0,dRID:A0,-0.30000000000000004
B_attacker_costs,0.1,0.1,0.1,0.05,0.7,0.25,dRID,A0,dRID:A0,-0.30000000000000004
B_attacker_costs,0.1,0.1,0.1,0.05,0.7,0.3,dRID,A0,dRID:A0,-0.30000000000000004
B_attacker_costs,0.1,0.1,0.1,0.05,0.7,0.35,dRID,A0,dRID:A0,-0.30000000000000004
B_attacker_costs,0.1,0.1,0.1,0.05,0.7,0.4,dRID,A0,dRID:A0,-0.30000000000000004
B_attacker_costs,0.1,0.1,0.1,0.05,0.7,0.45,dRI,A0,dRI:A0,-0.2
B_attacker_costs,0.1,0.1,0.1,0.05,0.7,0.5,dRI,A0,dRI:A0,-0.2
B_attacker_costs,0.1,0.1,0.1,0.05,0.7,0.55,dRI,A0,dRI:A0,-0.2
B_attacker_costs,0.1,0.1,0.1,0.05,0.7,0.6,dRI,A0,dRI:A0,-0.2
B_attacker_costs,0.1,0.1,0.1,0.05,0.7,0.65,dRI,A0,dRI:A0,-0.2
B_attacker_costs,0.1,0.1,0.1,0.05,0.7,0.7,dRI,A0,dRI:A0,-0.2
B_attacker_costs,0.1,0.1,0.1,0.05,0.7,0.75,dRI,A0,dRI:A0,-0.2
B_attacker_costs,0.1,0.1,0.1,0.05,0.7,0.8,dRI,A0,dRI:A0,-0.2
B_attacker_costs,0.1,0.1,0.1,0.05,0.7,0.85,dRI,A0,dRI:A0,-0.2
B_attacker_costs,0.1,0.1,0.1,0.05,0.7,0.9,dRI,A0,dRI:A0,-0.2
B_attacker_costs,0.1,0.1,0.1,0.05,0.7,0.95,dRI,A0,dRI:A0,-0.2
B_attacker_costs,0.1,0.1,0.1,0.05,0.7,1.0,dRI,A0,dRI:A0,-0.2
B_attacker_costs,0.1,0.1,0.1,0.05,0.75,0.0,dRID,AD,dRID:AD,-0.49602
B_attacker_costs,0.1,0.1,0.1,0.05,0.75,0.05,dRID,AD,dRID:AD,-0.49602
B_attacker_costs,0.1,0.1,0.1,0.05,0.75,0.1,dRID,AD,dRID:AD,-0.49602
B_attacker_costs,0.1,0.1,0.1,0.05,0.75,0.15,dRID,AD,dRID:AD,-0.49602
B_attacker_costs,0.1,0.1,0.1,0.05,0.75,0.2,dRID,A0,dRID:A0,-0.30000000000000004
B_attacker_costs,0.1,0.1,0.1,0.05,0.75,0.25,dRID,A0,dRID:A0,-0.30000000000000004
B_attacker_costs,0.1,0.1,0.1,0.05,0.75,0.3,dRID,A0,dRID:A0,-0.30000000000000004
B_attacker_costs,0.1,0.1,0.1,0.05,0.75,0.35,dRID,A0,dRID:A0,-0.30000000000000004
B_attacker_costs,0.1,0.1,0.1,0.05,0.75,0.4,dRID,A0,dRID:A0,-0.30000000000000004
B_attacker_costs,0.1,0.1,0.1,0.05,0.75,0.45,dRI,A0,dRI:A0,-0.2
B_attacker_costs,0.1,0.1,0.1,0.05,0.75,0.5,dRI,A0,dRI:A0,-0.2
B_attacker_costs,0.1,0.1,0.1,0.05,0.75,0.55,dRI,A0,dRI:A0,-0.2
B_attacker_costs,0.1,0.1,0.1,0.05,0.75,0.6,dRI,A0,dRI:A0,-0.2
B_attacker_costs,0.1,0.1,0.1,0.05,0.75,0.65,dRI,A0,dRI:A0,-0.2
B_attacker_costs,0.1,0.1,0.1,0.05,0.75,0.7,dRI,A0,dRI:A0,-0.2
B_attacker_costs,0.1,0.1,0.1,0.05,0.75,0.75,dRI,A0,dRI:A0,-0.2
B_attacker_costs,0.1,0.1,0.1,0.05,0.75,0.8,dRI,A0,dRI:A0,-0.2
B_attacker_costs,0.1,0.1,0.1,0.05,0.75,0.85,dRI,A0,dRI:A0,-0.2
B_attacker_costs,0.1,0.1,0.1,0.05,0.75,0.9,dRI,A0,dRI:A0,-0.2
B_attacker_costs,0.1,0.1,0.1,0.05,0.75,0.95,dRI,A0,dRI:A0,-0.2
B_attacker_costs,0.1,0.1,0.1,0.05,0.75,1.0,dRI,A0,dRI:A0,-0.2
B_attacker_costs,0.1,0.1,0.1,0.05,0.8,0.0,dRID,AD,dRID:AD,-0.49602
B_attacker_costs,0.1,0.1,0.1,0.05,0.8,0.05,dRID,AD,dRID:AD,-0.49602
B_attacker_costs,0.1,0.1,0.1,0.05,0.8,0.1,dRID,AD,dRID:AD,-0.49602
B_attacker_costs,0.1,0.1,0.1,0.05,0.8,0.15,dRID,AD,dRID:AD,-0.49602
B_attacker_costs,0.1,0.1,0.1,0.05,0.8,0.2,dRID,A0,dRID:A0,-0.30000000000000004
B_attacker_costs,0.1,0.1,0.1,0.05,0.8,0.25,dRID,A0,dRID:A0,-0.30000000000000004
B_attacker_costs,0.1,0.1,0.1,0.05,0.8,0.3,dRID,A0,dRID:A0,-0.30000000000000004
B_attacker_costs,0.1,0.1,0.1,0.05,0.8,0.35,dRID,A0,dRID:A0,-0.30000000000000004
B_attacker_costs,0.1,0.1,0.1,0.05,0.8,0.4,dRID,A0,dRID:A0,-0.30000000000000004
B_attacker_costs,0.1,0.1,0.1,0.05,0.8,0.45,dRI,A0,dRI:A0,-0.2
B_attacker_costs,0.1,0.1,0.1,0.05,0.8,0.5,dRI,A0,dRI:A0,-0.2
B_attacker_costs,0.1,0.1,0.1,0.05,0.8,0.55,dRI,A0,dRI:A0,-0.2
B_attacker_costs,0.1,0.1,0.1,0.05,0.8,0.6,dRI,A0,dRI:A0,-0.2
B_attacker_costs,0.1,0.1,0.1,0.05,0.8,0.65,dRI,A0,dRI:A0,-0.2
B_attacker_costs,0.1,0.1,0.1,0.05,0.8,0.7,dRI,A0,dRI:A0,-0.2
B_attacker_costs,0.1,0.1,0.1,0.05,0.8,0.75,dRI,A0,dRI:A0,-0.2
B_attacker_costs,0.1,0.1,0.1,0.05,0.8,0.8,dRI,A0,dRI:A0,-0.2
B_attacker_costs,0.1,0.1,0.1,0.05,0.8,0.85,dRI,A0,dRI:A0,-0.2
B_attacker_costs,0.1,0.1,0.1,0.05,0.8,0.9,dRI,A0,dRI:A0,-0.2
B_attacker_costs,0.1,0.1,0.1,0.05,0.8,0.95,dRI,A0,dRI:A0,-0.2
B_attacker_costs,0.1,0.1,0.1,0.05,0.8,1.0,dRI,A0,dRI:A0,-0.2
B_attacker_costs,0.1,0.1,0.1,0.05,0.85,0.0,dRD,AD,dRD:AD,-0.39602000000000004
B_attacker_costs,0.1,0.1,0.1,0.05,0.85,0.05,dRID,AD,dRID:AD,-0.49602
B_attacker_costs,0.1,0.1,0.1,0.05,0.85,0.1,dRID,AD,dRID:AD,-0.49602
B_attacker_costs,0.1,0.1,0.1,0.05,0.85,0.15,dRID,AD,dRID:AD,-0.49602
B_attacker_costs,0.1,0.1,0.1,0.05,0.85,0.2,dRID,A0,dRID:A0,-0.30000000000000004
B_attacker_costs,0.1,0.1,0.1,0.05,0.85,0.25,dRID,A0,dRID:A0,-0.30000000000000004
B_attacker_costs,0.1,0.1,0.1,0.05,0.85,0.3,dRID,A0,dRID:A0,-0.30000000000000004
B_attacker_costs,0.1,0.1,0.1,0.05,0.85,0.35,dRID,A0,dRID:A0,-0.30000000000000004
B_attacker_costs,0.1,0.1,0.1,0.05,0.85,0.4,dRID,A0,dRID:A0,-0.30000000000000004
B_attacker_costs,0.1,0.1,0.1,0.05,0.85,0.45,dRI,A0,dRI:A0,-0.2
B_attacker_costs,0.1,0.1,0.1,0.05,0.85,0.5,dRI,A0,dRI:A0,-0.2
B_attacker_costs,0.1,0.1,0.1,0.05,0.85,0.55,dRI,A0,dRI:A0,-0.2
B_attacker_costs,0.1,0.1,0.1,0.05,0.85,0.6,dRI,A0,dRI:A0,-0.2
B_attacker_costs,0.1,0.1,0.1,0.05,0.85,0.65,dRI,A0,dRI:A0,-0.2
B_attacker_costs,0.1,0.1,0.1,0.05,0.85,0.7,dRI,A0,dRI:A0,-0.2
B_attacker_costs,0.1,0.1,0.1,0.05,0.85,0.75,dRI,A0,dRI:A0,-0.2
B_attacker_costs,0.1,0.1,0.1,0.05,0.85,0.8,dRI,A0,dRI:A0,-0.2
B_attacker_costs,0.1,0.1,0.1,0.05,0.85,0.85,dRI,A0,dRI:A0,-0.2
B_attacker_costs,0.1,0.1,0.1,0.05,0.85,0.9,dRI,A0,dRI:A0,-0.2
B_attacker_costs,0.1,0.1,0.1,0.05,0.85,0.95,dRI,A0,dRI:A0,-0.2
B_attacker_costs,0.1,0.1,0.1,0.05,0.85,1.0,dRI,A0,dRI:A0,-0.2
B_attacker_costs,0.1,0.1,0.1,0.05,0.9,0.0,dRD,AD,dRD:AD,-0.39602000000000004
B_attacker_costs,0.1,0.1,0.1,0.05,0.9,0.05,dRD,AD,dRD:AD,-0.39602000000000004
B_attacker_costs,0.1,0.1,0.1,0.05,0.9,0.1,dRID,AD,dRID:AD,-0.49602
B_attacker_costs,0.1,0.1,0.1,0.05,0.9,0.15,dRID,AD,dRID:AD,-0.49602
B_attacker_costs,0.1,0.1,0.1,0.05,0.9,0.2,dRID,A0,dRID:A0,-0.30000000000000004
B_attacker_costs,0.1,0.1,0.1,0.05,0.9,0.25,dRID,A0,dRID:A0,-0.30000000000000004
B_attacker_costs,0.1,0.1,0.1,0.05,0.9,0.3,dRID,A0,dRID:A0,-0.30000000000000004
B_attacker_costs,0.1,0.1,0.1,0.05,0.9,0.35,dRID,A0,dRID:A0,-0.30000000000000004
B_attacker_costs,0.1,0.1,0.1,0.05,0.9,0.4,dRID,A0,dRID:A0,-0.30000000000000004
B_attacker_costs,0.1,0.1,0.1,0.05,0.9,0.45,dRI,A0,dRI:A0,-0.2
B_attacker_costs,0.1,0.1,0.1,0.05,0.9,0.5,dRI,A0,dRI:A0,-0.2
B_attacker_costs,0.1,0.1,0.1,0.05,0.9,0.55,dRI,A0,dRI:A0,-0.2
B_attacker_costs,0.1,0.1,0.1,0.05,0.9,0.6,dRI,A0,dRI:A0,-0.2
B_attacker_costs,0.1,0.1,0.1,0.05,0.9,0.65,dRI,A0,dRI:A0,-0.2
B_attacker_costs,0.1,0.1,0.1,0.05,0.9,0.7,dRI,A0,dRI:A0,-0.2
B_attacker_costs,0.1,0.1,0.1,0.05,0.9,0.75,dRI,A0,dRI:A0,-0.2
B_attacker_costs,0.1,0.1,0.1,0.05,0.9,0.8,dRI,A0,dRI:A0,-0.2
B_attacker_costs,0.1,0.1,0.1,0.05,0.9,0.85,dRI,A0,dRI:A0,-0.2
B_attacker_costs,0.1,0.1,0.1,0.05,0.9,0.9,dRI,A0,dRI:A0,-0.2
B_attacker_costs,0.1,0.1,0.1,0.05,0.9,0.95,dRI,A0,dRI:A0,-0.2
B_attacker_costs,0.1,0.1,0.1,0.05,0.9,1.0,dRI,A0,dRI:A0,-0.2
B_attacker_costs,0.1,0.1,0.1,0.05,0.95,0.0,dRD,AD,dRD:AD,-0.39602000000000004
B_attacker_costs,0.1,0.1,0.1,0.05,0.95,0.05,dRD,AD,dRD:AD,-0.39602000000000004
B_attacker_costs,0.1,0.1,0.1,0.05,0.95,0.1,dRD,AD,dRD:AD,-0.39602000000000004
B_attacker_costs,0.1,0.1,0.1,0.05,0.95,0.15,dRID,AD,dRID:AD,-0.49602
B_attacker_costs,0.1,0.1,0.1,0.05,0.95,0.2,dRID,A0,dRID:A0,-0.30000000000000004
B_attacker_costs,0.1,0.1,0.1,0.05,0.95,0.25,dRID,A0,dRID:A0,-0.30000000000000004
B_attacker_costs,0.1,0.1,0.1,0.05,0.95,0.3,dRID,A0,dRID:A0,-0.30000000000000004
B_attacker_costs,0.1,0.1,0.1,0.05,0.95,0.35,dRID,A0,dRID:A0,-0.30000000000000004
B_attacker_costs,0.1,0.1,0.1,0.05,0.95,0.4,dRID,A0,dRID:A0,-0.30000000000000004
B_attacker_costs,0.1,0.1,0.1,0.05,0.95,0.45,dRI,A0,dRI:A0,-0.2
B_attacker_costs,0.1,0.1,0.1,0.05,0.95,0.5,dRI,A0,dRI:A0,-0.2
B_attacker_costs,0.1,0.1,0.1,0.05,0.95,0.55,dRI,A0,dRI:A0,-0.2
B_attacker_costs,0.1,0.1,0.1,0.05,0.95,0.6,dRI,A0,dRI:A0,-0.2
B_attacker_costs,0.1,0.1,0.1,0.05,0.95,0.65,dRI,A0,dRI:A0,-0.2
B_attacker_costs,0.1,0.1,0.1,0.05,0.95,0.7,dRI,A0,dRI:A0,-0.2
B_attacker_costs,0.1,0.1,0.1,0.05,0.95,0.75,dRI,A0,dRI:A0,-0.2
B_attacker_costs,0.1,0.1,0.1,0.05,0.95,0.8,dRI,A0,dRI:A0,-0.2
B_attacker_costs,0.1,0.1,0.1,0.05,0.95,0.85,dRI,A0,dRI:A0,-0.2
B_attacker_costs,0.1,0.1,0.1,0.05,0.95,0.9,dRI,A0,dRI:A0,-0.2
B_attacker_costs,0.1,0.1,0.1,0.05,0.95,0.95,dRI,A0,dRI:A0,-0.2
B_attacker_costs,0.1,0.1,0.1,0.05,0.95,1.0,dRI,A0,dRI:A0,-0.2
B_attacker_costs,0.1,0.1,0.1,0.05,1.0,0.0,dRD,AD,dRD:AD,-0.39602000000000004
B_attacker_costs,0.1,0.1,0.1,0.05,1.0,0.05,dRD,AD,dRD:AD,-0.39602000000000004
B_attacker_costs,0.1,0.1,0.1,0.05,1.0,0.1,dRD,AD,dRD:AD,-0.39602000000000004
B_attacker_costs,0.1,0.1,0.1,0.05,1.0,0.15,dRD,AD,dRD:AD,-0.39602000000000004
B_attacker_costs,0.1,0.1,0.1,0.05,1.0,0.2,dRD,A0,dRD:A0,-0.2
B_attacker_costs,0.1,0.1,0.1,0.05,1.0,0.25,dRD,A0,dRD:A0,-0.2
B_attacker_costs,0.1,0.1,0.1,0.05,1.0,0.3,dRD,A0,dRD:A0,-0.2
B_attacker_costs,0.1,0.1,0.1,0.05,1.0,0.35,dRD,A0,dRD:A0,-0.2
B_attacker_costs,0.1,0.1,0.1,0.05,1.0,0.4,dRD,A0,dRD:A0,-0.2
B_attacker_costs,0.1,0.1,0.1,0.05,1.0,0.45,dR,A0,dR:A0,-0.1
B_attacker_costs,0.1,0.1,0.1,0.05,1.0,0.5,dR,A0,dR:A0,-0.1
B_attacker_costs,0.1,0.1,0.1,0.05,1.0,0.55,dR,A0,dR:A0,-0.1
B_attacker_costs,0.1,0.1,0.1,0.05,1.0,0.6,dR,A0,dR:A0,-0.1
B_attacker_costs,0.1,0.1,0.1,0.05,1.0,0.65,dR,A0,dR:A0,-0.1
B_attacker_costs,0.1,0.1,0.1,0.05,1.0,0.7,dR,A0,dR:A0,-0.1
B_attacker_costs,0.1,0.1,0.1,0.05,1.0,0.75,dR,A0,dR:A0,-0.1
B_attacker_costs,0.1,0.1,0.1,0.05,1.0,0.8,dR,A0,dR:A0,-0.1
B_attacker_costs,0.1,0.1,0.1,0.05,1.0,0.85,dR,A0,dR:A0,-0.1
B_attacker_costs,0.1,0.1,0.1,0.05,1.0,0.9,dR,A0,dR:A0,-0.1
B_attacker_costs,0.1,0.1,0.1,0.05,1.0,0.95,dR,A0,dR:A0,-0.1
B_attacker_costs,0.1,0.1,0.1,0.05,1.0,1.0,dR,A0,dR:A0,-0.1
B_attacker_costs,0.1,0.1,0.1,0.1,0.0,0.0,dRID,AD,dRID:AD,-0.49602
B_attacker_costs,0.1,0.1,0.1,0.1,0.0,0.05,dRID,AD,dRID:AD,-0.49602
B_attacker_costs,0.1,0.1,0.1,0.1,0.0,0.1,dRID,AD,dRID:AD,-0.49602
B_attacker_costs,0.1,0.1,0.1,0.1,0.0,0.15,dRID,AD,dRID:AD,-0.49602
B_attacker_costs,0.1,0.1,0.1,0.1,0.0,0.2,dRID,AI,dRID:AI,-0.30000000000000004
B_attacker_costs,0.1,0.1,0.1,0.1,0.0,0.25,dRID,AI,dRID:AI,-0.30000000000000004
B_attacker_costs,0.1,0.1,0.1,0.1,0.0,0.3,dRID,AI,dRID:AI,-0.30000000000000004
B_attacker_costs,0.1,0.1,0.1,0.1,0.0,0.35,dRID,AI,dRID:AI,-0.30000000000000004
B_attacker_costs,0.1,0.1,0.1,0.1,0.0,0.4,dRID,AI,dRID:AI,-0.30000000000000004
B_attacker_costs,0.1,0.1,0.1,0.1,0.0,0.45,dRI,AI,dRI:AI,-0.2
B_attacker_costs,0.1,0.1,0.1,0.1,0.0,0.5,dRI,AI,dRI:AI,-0.2
B_attacker_costs,0.1,0.1,0.1,0.1,0.0,0.55,dRI,AI,dRI:AI,-0.2
B_attacker_costs,0.1,0.1,0.1,0.1,0.0,0.6,dRI,AI,dRI:AI,-0.2
B_attacker_costs,0.1,0.1,0.1,0.1,0.0,0.65,dRI,AI,dRI:AI,-0.2
B_attacker_costs,0.1,0.1,0.1,0.1,0.0,0.7,dRI,AI,dRI:AI,-0.2
B_attacker_costs,0.1,0.1,0.1,0.1,0.0,0.75,dRI,AI,dRI:AI,-0.2
B_attacker_costs,0.1,0.1,0.1,0.1,0.0,0.8,dRI,AI,dRI:AI,-0.2
B_attacker_costs,0.1,0.1,0.1,0.1,0.0,0.85,dRI,AI,dRI:AI,-0.2
B_attacker_costs,0.1,0.1,0.1,0.1,0.0,0.9,dRI,AI,dRI:AI,-0.2
B_attacker_costs,0.1,0.1,0.1,0.1,0.0,0.95,dRI,AI,dRI:AI,-0.2
B_attacker_costs,0.1,0.1,0.1,0.1,0.0,1.0,dRI,AI,dRI:AI,-0.2
B_attacker_costs,0.1,0.1,0.1,0.1,0.05,0.0,dRID,AD,dRID:AD,-0.49602
B_attacker_costs,0.1,0.1,0.1,0.1,0.05,0.05,dRID,AD,dRID:AD,-0.49602
B_attacker_costs,0.1,0.1,0.1,0.1,0.05,0.1,dRID,AD,dRID:AD,-0.49602
B_attacker_costs,0.1,0.1,0.1,0.1,0.05,0.15,dRID,AD,dRID:AD,-0.49602
B_attacker_costs,0.1,0.1,0.1,0.1,0.05,0.2,dRID,A0,dRID:A0,-0.30000000000000004
B_attacker_costs,0.1,0.1,0.1,0.1,0.05,0.25,dRID,A0,dRID:A0,-0.30000000000000004
B_attacker_costs,0.1,0.1,0.1,0.1,0.05,0.3,dRID,A0,dRID:A0,-0.30000000000000004
B_attacker_costs,0.1,0.1,0.1,0.1,0.05,0.35,dRID,A0,dRID:A0,-0.30000000000000004
B_attacker_costs,0.1,0.1,0.1,0.1,0.05,0.4,dRID,A0,dRID:A0,-0.30000000000000004
B_attacker_costs,0.1,0.1,0.1,0.1,0.05,0.45,dRI,A0,dRI:A0,-0.2
B_attacker_costs,0.1,0.1,0.1,0.1,0.05,0.5,dRI,A0,dRI:A0,-0.2
B_attacker_costs,0.1,0.1,0.1,0.1,0.05,0.55,dRI,A0,dRI:A0,-0.2
B_attacker_costs,0.1,0.1,0.1,0.1,0.05,0.6,dRI,A0,dRI:A0,-0.2
B_attacker_costs,0.1,0.1,0.1,0.1,0.05,0.65,dRI,A0,dRI:A0,-0.2
B_attacker_costs,0.1,0.1,0.1,0.1,0.05,0.7,dRI,A0,dRI:A0,-0.2
B_attacker_costs,0.1,0.1,0.1,0.1,0.05,0.75,dRI,A0,dRI:A0,-0.2
B_attacker_costs,0.1,0.1,0.1,0.1,0.05,0.8,dRI,A0,dRI:A0,-0.2
B_attacker_costs,0.1,0.1,0.1,0.1,0.05,0.85,dRI,A0,dRI:A0,-0.2
B_attacker_costs,0.1,0.1,0.1,0.1,0.05,0.9,dRI,A0,dRI:A0,-0.2
B_attacker_costs,0.1,0.1,0.1,0.1,0.05,0.95,dRI,A0,dRI:A0,-0.2
B_attacker_costs,0.1,0.1,0.1,0.1,0.05,1.0,dRI,A0,dRI:A0,-0.2
B_attacker_costs,0.1,0.1,0.1,0.1,0.1,0.0,dRID,AD,dRID:AD,-0.49602
B_attacker_costs,0.1,0.1,0.1,0.1,0.1,0.05,dRID,AD,dRID:AD,-0.49602
B_attacker_costs,0.1,0.1,0.1,0.1,0.1,0.1,dRID,AD,dRID:AD,-0.49602
B_attacker_costs,0.1,0.1,0.1,0.1,0.1,0.15,dRID,AD,dRID:AD,-0.49602
B_attacker_costs,0.1,0.1,0.1,0.1,0.1,0.2,dRID,A0,dRID:A0,-0.30000000000000004
B_attacker_costs,0.1,0.1,0.1,0.1,0.1,0.25,dRID,A0,dRID:A0,-0.30000000000000004
B_attacker_costs,0.1,0.1,0.1,0.1,0.1,0.3,dRID,A0,dRID:A0,-0.30000000000000004
B_attacker_costs,0.1,0.1,0.1,0.1,0.1,0.35,dRID,A0,dRID:A0,-0.30000000000000004
B_attacker_costs,0.1,0.1,0.1,0.1,0.1,0.4,dRID,A0,dRID:A0,-0.30000000000000004
B_attacker_costs,0.1,0.1,0.1,0.1,0.1,0.45,dRI,A0,dRI:A0,-0.2
B_attacker_costs,0.1,0.1,0.1,0.1,0.1,0.5,dRI,A0,dRI:A0,-0.2
B_attacker_costs,0.1,0.1,0.1,0.1,0.1,0.55,dRI,A0,dRI:A0,-0.2
B_attacker_costs,0.1,0.1,0.1,0.1,0.1,0.6,dRI,A0,dRI:A0,-0.2
B_attacker_costs,0.1,0.1,0.1,0.1,0.1,0.65,dRI,A0,dRI:A0,-0.2
B_attacker_costs,0.1,0.1,0.1,0.1,0.1,0.7,dRI,A0,dRI:A0,-0.2
B_attacker_costs,0.1,0.1,0.1,0.1,0.1,0.75,dRI,A0,dRI:A0,-0.2
B_attacker_costs,0.1,0.1,0.1,0.1,0.1,0.8,dRI,A0,dRI:A0,-0.2
B_attacker_costs,0.1,0.1,0.1,0.1,0.1,0.85,dRI,A0,dRI:A0,-0.2
B_attacker_costs,0.1,0.1,0.1,0.1,0.1,0.9,dRI,A0,dRI:A0,-0.2
B_attacker_costs,0.1,0.1,0.1,0.1,0.1,0.95,dRI,A0,dRI:A0,-0.2
B_attacker_costs,0.1,0.1,0.1,0.1,0.1,1.0,dRI,A0,dRI:A0,-0.2
B_attacker_costs,0.1,0.1,0.1,0.1,0.15,0.0,dRID,AD,dRID:AD,-0.49602
B_attacker_costs,0.1,0.1,0.1,0.1,0.15,0.05,dRID,AD,dRID:AD,-0.49602
B_attacker_costs,0.1,0.1,0.1,0.1,0.15,0.1,dRID,AD,dRID:AD,-0.49602
B_attacker_costs,0.1,0.1,0.1,0.1,0.15,0.15,dRID,AD,dRID:AD,-0.49602
B_attacker_costs,0.1,0.1,0.1,0.1,0.15,0.2,dRID,A0,dRID:A0,-0.30000000000000004
B_attacker_costs,0.1,0.1,0.1,0.1,0.15,0.25,dRID,A0,dRID:A0,-0.30000000000000004
B_attacker_costs,0.1,0.1,0.1,0.1,0.15,0.3,dRID,A0,dRID:A0,-0.30000000000000004
B_attacker_costs,0.1,0.1,0.1,0.1,0.15,0.35,dRID,A0,dRID:A0,-0.30000000000000004
B_attacker_costs,0.1,0.1,0.1,0.1,0.15,0.4,dRID,A0,dRID:A0,-0.30000000000000004
B_attacker_costs,0.1,0.1,0.1,0.1,0.15,0.45,dRI,A0,dRI:A0,-0.2
B_attacker_costs,0.1,0.1,0.1,0.1,0.15,0.5,dRI,A0,dRI:A0,-0.2
B_attacker_costs,0.1,0.1,0.1,0.1,0.15,0.55,dRI,A0,dRI:A0,-0.2
B_attacker_costs,0.1,0.1,0.1,0.1,0.15,0.6,dRI,A0,dRI:A0,-0.2
B_attacker_costs,0.1,0.1,0.1,0.1,0.15,0.65,dRI,A0,dRI:A0,-0.2
B_attacker_costs,0.1,0.1,0.1,0.1,0.15,0.7,dRI,A0,dRI:A0,-0.2
B_attacker_costs,0.1,0.1,0.1,0.1,0.15,0.75,dRI,A0,dRI:A0,-0.2
B_attacker_costs,0.1,0.1,0.1,0.1,0.15,0.8,dRI,A0,dRI:A0,-0.2
B_attacker_costs,0.1,0.1,0.1,0.1,0.15,0.85,dRI,A0,dRI:A0,-0.2
B_attacker_costs,0.1,0.1,0.1,0.1,0.15,0.9,dRI,A0,dRI:A0,-0.2
B_attacker_costs,0.1,0.1,0.1,0.1,0.15,0.95,dRI,A0,dRI:A0,-0.2
B_attacker_costs,0.1,0.1,0.1,0.1,0.15,1.0,dRI,A0,dRI:A0,-0.2
B_attacker_costs,0.1,0.1,0.1,0.1,0.2,0.0,dRID,AD,dRID:AD,-0.49602
B_attacker_costs,0.1,0.1,0.1,0.1,0.2,0.05,dRID,AD,dRID:AD,-0.49602
B_attacker_costs,0.1,0.1,0.1,0.1,0.2,0.1,dRID,AD,dRID:AD,-0.49602
B_attacker_costs,0.1,0.1,0.1,0.1,0.2,0.15,dRID,AD,dRID:AD,-0.49602
B_attacker_costs,0.1,0.1,0.1,0.1,0.2,0.2,dRID,A0,dRID:A0,-0.30000000000000004
B_attacker_costs,0.1,0.1,0.1,0.1,0.2,0.25,dRID,A0,dRID:A0,-0.30000000000000004
B_attacker_costs,0.1,0.1,0.1,0.1,0.2,0.3,dRID,A0,dRID:A0,-0.30000000000000004
B_attacker_costs,0.1,0.1,0.1,0.1,0.2,0.35,dRID,A0,dRID:A0,-0.30000000000000004
B_attacker_costs,0.1,0.1,0.1,0.1,0.2,0.4,dRID,A0,dRID:A0,-0.30000000000000004
B_attacker_costs,0.1,0.1,0.1,0.1,0.2,0.45,dRI,A0,dRI:A0,-0.2
B_attacker_costs,0.1,0.1,0.1,0.1,0.2,0.5,dRI,A0,dRI:A0,-0.2
B_attacker_costs,0.1,0.1,0.1,0.1,0.2,0.55,dRI,A0,dRI:A0,-0.2
B_attacker_costs,0.1,0.1,0.1,0.1,0.2,0.6,dRI,A0,dRI:A0,-0.2
B_attacker_costs,0.1,0.1,0.1,0.1,0.2,0.65,dRI,A0,dRI:A0,-0.2
B_attacker_costs,0.1,0.1,0.1,0.1,0.2,0.7,dRI,A0,dRI:A0,-0.2
B_attacker_costs,0.1,0.1,0.1,0.1,0.2,0.75,dRI,A0,dRI:A0,-0.2
B_attacker_costs,0.1,0.1,0.1,0.1,0.2,0.8,dRI,A0,dRI:A0,-0.2
B_attacker_costs,0.1,0.1,0.1,0.1,0.2,0.85,dRI,A0,dRI:A0,-0.2
B_attacker_costs,0.1,0.1,0.1,0.1,0.2,0.9,dRI,A0,dRI:A0,-0.2
B_attacker_costs,0.1,0.1,0.1,0.1,0.2,0.95,dRI,A0,dRI:A0,-0.2
B_attacker_costs,0.1,0.1,0.1,0.1,0.2,1.0,dRI,A0,dRI:A0,-0.2
B_attacker_costs,0.1,0.1,0.1,0.1,0.25,0.0,dRID,AD,dRID:AD,-0.49602
B_attacker_costs,0.1,0.1,0.1,0.1,0.25,0.05,dRID,AD,dRID:AD,-0.49602
B_attacker_costs,0.1,0.1,0.1,0.1,0.25,0.1,dRID,AD,dRID:AD,-0.49602
B_attacker_costs,0.1,0.1,0.1,0.1,0.25,0.15,dRID,AD,dRID:AD,-0.49602
B_attacker_costs,0.1,0.1,0.1,0.1,0.25,0.2,dRID,A0,dRID:A0,-0.30000000000000004
B_attacker_costs,0.1,0.1,0.1,0.1,0.25,0.25,dRID,A0,dRID:A0,-0.30000000000000004
B_attacker_costs,0.1,0.1,0.1,0.1,0.25,0.3,dRID,A0,dRID:A0,-0.30000000000000004
B_attacker_costs,0.1,0.1,0.1,0.1,0.25,0.35,dRID,A0,dRID:A0,-0.30000000000000004
B_attacker_costs,0.1,0.1,0.1,0.1,0.25,0.4,dRID,A0,dRID:A0,-0.30000000000000004
B_attacker_costs,0.1,0.1,0.1,0.1,0.25,0.45,dRI,A0,dRI:A0,-0.2
B_attacker_costs,0.1,0.1,0.1,0.1,0.25,0.5,dRI,A0,dRI:A0,-0.2
B_attacker_costs,0.1,0.1,0.1,0.1,0.25,0.55,dRI,A0,dRI:A0,-0.2
B_attacker_costs,0.1,0.1,0.1,0.1,0.25,0.6,dRI,A0,dRI:A0,-0.2
B_attacker_costs,0.1,0.1,0.1,0.1,0.25,0.65,dRI,A0,dRI:A0,-0.2
B_attacker_costs,0.1,0.1,0.1,0.1,0.25,0.7,dRI,A0,dRI:A0,-0.2
B_attacker_costs,0.1,0.1,0.1,0.1,0.25,0.75,dRI,A0,dRI:A0,-0.2
B_attacker_costs,0.1,0.1,0.1,0.1,0.25,0.8,dRI,A0,dRI:A0,-0.2
B_attacker_costs,0.1,0.1,0.1,0.1,0.25,0.85,dRI,A0,dRI:A0,-0.2
B_attacker_costs,0.1,0.1,0.1,0.1,0.25,0.9,dRI,A0,dRI:A0,-0.2
B_attacker_costs,0.1,0.1,0.1,0.1,0.25,0.95,dRI,A0,dRI:A0,-0.2
B_attacker_costs,0.1,0.1,0.1,0.1,0.25,1.0,dRI,A0,dRI:A0,-0.2
B_attacker_costs,0.1,0.1,0.1,0.1,0.3,0.0,dRID,AD,dRID:AD,-0.49602
B_attacker_costs,0.1,0.1,0.1,0.1,0.3,0.05,dRID,AD,dRID:AD,-0.49602
B_attacker_costs,0.1,0.1,0.1,0.1,0.3,0.1,dRID,AD,dRID:AD,-0.49602
B_attacker_costs,0.1,0.1,0.1,0.1,0.3,0.15,dRID,AD,dRID:AD,-0.49602
B_attacker_costs,0.1,0.1,0.1,0.1,0.3,0.2,dRID,A0,dRID:A0,-0.30000000000000004
B_attacker_costs,0.1,0.1,0.1,0.1,0.3,0.25,dRID,A0,dRID:A0,-0.30000000000000004
B_attacker_costs,0.1,0.1,0.1,0.1,0.3,0.3,dRID,A0,dRID:A0,-0.30000000000000004
B_attacker_costs,0.1,0.1,0.1,0.1,0.3,0.35,dRID,A0,dRID:A0,-0.30000000000000004
B_attacker_costs,0.1,0.1,0.1,0.1,0.3,0.4,dRID,A0,dRID:A0,-0.30000000000000004
B_attacker_costs,0.1,0.1,0.1,0.1,0.3,0.45,dRI,A0,dRI:A0,-0.2
B_attacker_costs,0.1,0.1,0.1,0.1,0.3,0.5,dRI,A0,dRI:A0,-0.2
B_attacker_costs,0.1,0.1,0.1,0.1,0.3,0.55,dRI,A0,dRI:A0,-0.2
B_attacker_costs,0.1,0.1,0.1,0.1,0.3,0.6,dRI,A0,dRI:A0,-0.2
B_attacker_costs,0.1,0.1,0.1,0.1,0.3,0.65,dRI,A0,dRI:A0,-0.2
B_attacker_costs,0.1,0.1,0.1,0.1,0.3,0.7,dRI,A0,dRI:A0,-0.2
B_attacker_costs,0.1,0.1,0.1,0.1,0.3,0.75,dRI,A0,dRI:A0,-0.2
B_attacker_costs,0.1,0.1,0.1,0.1,0.3,0.8,dRI,A0,dRI:A0,-0.2
B_attacker_costs,0.1,0.1,0.1,0.1,0.3,0.85,dRI,A0,dRI:A0,-0.2
B_attacker_costs,0.1,0.1,0.1,0.1,0.3,0.9,dRI,A0,dRI:A0,-0.2
B_attacker_costs,0.1,0.1,0.1,0.1,0.3,0.95,dRI,A0,dRI:A0,-0.2
B_attacker_costs,0.1,0.1,0.1,0.1,0.3,1.0,dRI,A0,dRI:A0,-0.2
B_attacker_costs,0.1,0.1,0.1,0.1,0.35,0.0,dRID,AD,dRID:AD,-0.49602
B_attacker_costs,0.1,0.1,0.1,0.1,0.35,0.05,dRID,AD,dRID:AD,-0.49602
B_attacker_costs,0.1,0.1,0.1,0.1,0.35,0.1,dRID,AD,dRID:AD,-0.49602
B_attacker_costs,0.1,0.1,0.1,0.1,0.35,0.15,dRID,AD,dRID:AD,-0.49602
B_attacker_costs,0.1,0.1,0.1,0.1,0.35,0.2,dRID,A0,dRID:A0,-0.30000000000000004
B_attacker_costs,0.1,0.1,0.1,0.1,0.35,0.25,dRID,A0,dRID:A0,-0.30000000000000004
B_attacker_costs,0.1,0.1,0.1,0.1,0.35,0.3,dRID,A0,dRID:A0,-0.30000000000000004
B_attacker_costs,0.1,0.1,0.1,0.1,0.35,0.35,dRID,A0,dRID:A0,-0.30000000000000004
B_attacker_costs,0.1,0.1,0.1,0.1,0.35,0.4,dRID,A0,dRID:A0,-0.30000000000000004
B_attacker_costs,0.1,0.1,0.1,0.1,0.35,0.45,dRI,A0,dRI:A0,-0.2
B_attacker_costs,0.1,0.1,0.1,0.1,0.35,0.5,dRI,A0,dRI:A0,-0.2
B_attacker_costs,0.1,0.1,0.1,0.1,0.35,0.55,dRI,A0,dRI:A0,-0.2
B_attacker_costs,0.1,0.1,0.1,0.1,0.35,0.6,dRI,A0,dRI:A0,-0.2
B_attacker_costs,0.1,0.1,0.1,0.1,0.35,0.65,dRI,A0,dRI:A0,-0.2
B_attacker_costs,0.1,0.1,0.1,0.1,0.35,0.7,dRI,A0,dRI:A0,-0.2
B_attacker_costs,0.1,0.1,0.1,0.1,0.35,0.75,dRI,A0,dRI:A0,-0.2
B_attacker_costs,0.1,0.1,0.1,0.1,0.35,0.8,dRI,A0,dRI:A0,-0.2
B_attacker_costs,0.1,0.1,0.1,0.1,0.35,0.85,dRI,A0,dRI:A0,-0.2
B_attacker_costs,0.1,0.1,0.1,0.1,0.35,0.9,dRI,A0,dRI:A0,-0.2
B_attacker_costs,0.1,0.1,0.1,0.1,0.35,0.95,dRI,A0,dRI:A0,-0.2
B_attacker_costs,0.1,0.1,0.1,0.1,0.35,1.0,dRI,A0,dRI:A0,-0.2
B_attacker_costs,0.1,0.1,0.1,0.1,0.4,0.0,dRID,AD,dRID:AD,-0.49602
B_attacker_costs,0.1,0.1,0.1,0.1,0.4,0.05,dRID,AD,dRID:AD,-0.49602
B_attacker_costs,0.1,0.1,0.1,0.1,0.4,0.1,dRID,AD,dRID:AD,-0.49602
B_attacker_costs,0.1,0.1,0.1,0.1,0.4,0.15,dRID,AD,dRID:AD,-0.49602
B_attacker_costs,0.1,0.1,0.1,0.1,0.4,0.2,dRID,A0,dRID:A0,-0.30000000000000004
B_attacker_costs,0.1,0.1,0.1,0.1,0.4,0.25,dRID,A0,dRID:A0,-0.30000000000000004
B_attacker_costs,0.1,0.1,0.1,0.1,0.4,0.3,dRID,A0,dRID:A0,-0.30000000000000004
B_attacker_costs,0.1,0.1,0.1,0.1,0.4,0.35,dRID,A0,dRID:A0,-0.30000000000000004
B_attacker_costs,0.1,0.1,0.1,0.1,0.4,0.4,dRID,A0,dRID:A0,-0.30000000000000004
B_attacker_costs,0.1,0.1,0.1,0.1,0.4,0.45,dRI,A0,dRI:A0,-0.2
B_attacker_costs,0.1,0.1,0.1,0.1,0.4,0.5,dRI,A0,dRI:A0,-0.2
B_attacker_costs,0.1,0.1,0.1,0.1,0.4,0.55,dRI,A0,dRI:A0,-0.2
B_attacker_costs,0.1,0.1,0.1,0.1,0.4,0.6,dRI,A0,dRI:A0,-0.2
B_attacker_costs,0.1,0.1,0.1,0.1,0.4,0.65,dRI,A0,dRI:A0,-0.2
B_attacker_costs,0.1,0.1,0.1,0.1,0.4,0.7,dRI,A0,dRI:A0,-0.2
B_attacker_costs,0.1,0.1,0.1,0.1,0.4,0.75,dRI,A0,dRI:A0,-0.2
B_attacker_costs,0.1,0.1,0.1,0.1,0.4,0.8,dRI,A0,dRI:A0,-0.2
B_attacker_costs,0.1,0.1,0.1,0.1,0.4,0.85,dRI,A0,dRI:A0,-0.2
B_attacker_costs,0.1,0.1,0.1,0.1,0.4,0.9,dRI,A0,dRI:A0,-0.2
B_attacker_costs,0.1,0.1,0.1,0.1,0.4,0.95,dRI,A0,dRI:A0,-0.2
B_attacker_costs,0.1,0.1,0.1,0.1,0.4,1.0,dRI,A0,dRI:A0,-0.2
B_attacker_costs,0.1,0.1,0.1,0.1,0.45,0.0,dRID,AD,dRID:AD,-0.49602
B_attacker_costs,0.1,0.1,0.1,0.1,0.45,0.05,dRID,AD,dRID:AD,-0.49602
B_attacker_costs,0.1,0.1,0.1,0.1,0.45,0.1,dRID,AD,dRID:AD,-0.49602
B_attacker_costs,0.1,0.1,0.1,0.1,0.45,0.15,dRID,AD,dRID:AD,-0.49602
B_attacker_costs,0.1,0.1,0.1,0.1,0.45,0.2,dRID,A0,dRID:A0,-0.30000000000000004
B_attacker_costs,0.1,0.1,0.1,0.1,0.45,0.25,dRID,A0,dRID:A0,-0.30000000000000004
B_attacker_costs,0.1,0.1,0.1,0.1,0.45,0.3,dRID,A0,dRID:A0,-0.30000000000000004
B_attacker_costs,0.1,0.1,0.1,0.1,0.45,0.35,dRID,A0,dRID:A0,-0.30000000000000004
B_attacker_costs,0.1,0.1,0.1,0.1,0.45,0.4,dRID,A0,dRID:A0,-0.30000000000000004
B_attacker_costs,0.1,0.1,0.1,0.1,0.45,0.45,dRI,A0,dRI:A0,-0.2
B_attacker_costs,0.1,0.1,0.1,0.1,0.45,0.5,dRI,A0,dRI:A0,-0.2
B_attacker_costs,0.1,0.1,0.1,0.1,0.45,0.55,dRI,A0,dRI:A0,-0.2
B_attacker_costs,0.1,0.1,0.1,0.1,0.45,0.6,dRI,A0,dRI:A0,-0.2
B_attacker_costs,0.1,0.1,0.1,0.1,0.45,0.65,dRI,A0,dRI:A0,-0.2
B_attacker_costs,0.1,0.1,0.1,0.1,0.45,0.7,dRI,A0,dRI:A0,-0.2
B_attacker_costs,0.1,0.1,0.1,0.1,0.45,0.75,dRI,A0,dRI:A0,-0.2
B_attacker_costs,0.1,0.1,0.1,0.1,0.45,0.8,dRI,A0,dRI:A0,-0.2
B_attacker_costs,0.1,0.1,0.1,0.1,0.45,0.85,dRI,A0,dRI:A0,-0.2
B_attacker_costs,0.1,0.1,0.1,0.1,0.45,0.9,dRI,A0,dRI:A0,-0.2
B_attacker_costs,0.1,0.1,0.1,0.1,0.45,0.95,dRI,A0,dRI:A0,-0.2
B_attacker_costs,0.1,0.1,0.1,0.1,0.45,1.0,dRI,A0,dRI:A0,-0.2
B_attacker_costs,0.1,0.1,0.1,0.1,0.5,0.0,dRID,AD,dRID:AD,-0.49602
B_attacker_costs,0.1,0.1,0.1,0.1,0.5,0.05,dRID,AD,dRID:AD,-0.49602
B_attacker_costs,0.1,0.1,0.1,0.1,0.5,0.1,dRID,AD,dRID:AD,-0.49602
B_attacker_costs,0.1,0.1,0.1,0.1,0.5,0.15,dRID,AD,dRID:AD,-0.49602
B_attacker_costs,0.1,0.1,0.1,0.1,0.5,0.2,dRID,A0,dRID:A0,-0.30000000000000004
B_attacker_costs,0.1,0.1,0.1,0.1,0.5,0.25,dRID,A0,dRID:A0,-0.30000000000000004
B_attacker_costs,0.1,0.1,0.1,0.1,0.5,0.3,dRID,A0,dRID:A0,-0.30000000000000004
B_attacker_costs,0.1,0.1,0.1,0.1,0.5,0.35,dRID,A0,dRID:A0,-0.30000000000000004
B_attacker_costs,0.1,0.1,0.1,0.1,0.5,0.4,dRID,A0,dRID:A0,-0.30000000000000004
B_attacker_costs,0.1,0.1,0.1,0.1,0.5,0.45,dRI,A0,dRI:A0,-0.2
B_attacker_costs,0.1,0.1,0.1,0.1,0.5,0.5,dRI,A0,dRI:A0,-0.2
B_attacker_costs,0.1,0.1,0.1,0.1,0.5,0.55,dRI,A0,dRI:A0,-0.2
B_attacker_costs,0.1,0.1,0.1,0.1,0.5,0.6,dRI,A0,dRI:A0,-0.2
B_attacker_costs,0.1,0.1,0.1,0.1,0.5,0.65,dRI,A0,dRI:A0,-0.2
B_attacker_costs,0.1,0.1,0.1,0.1,0.5,0.7,dRI,A0,dRI:A0,-0.2
B_attacker_costs,0.1,0.1,0.1,0.1,0.5,0.75,dRI,A0,dRI:A0,-0.2
B_attacker_costs,0.1,0.1,0.1,0.1,0.5,0.8,dRI,A0,dRI:A0,-0.2
B_attacker_costs,0.1,0.1,0.1,0.1,0.5,0.85,dRI,A0,dRI:A0,-0.2
B_attacker_costs,0.1,0.1,0.1,0.1,0.5,0.9,dRI,A0,dRI:A0,-0.2
B_attacker_costs,0.1,0.1,0.1,0.1,0.5,0.95,dRI,A0,dRI:A0,-0.2
B_attacker_costs,0.1,0.1,0.1,0.1,0.5,1.0,dRI,A0,dRI:A0,-0.2
B_attacker_costs,0.1,0.1,0.1,0.1,0.55,0.0,dRID,AD,dRID:AD,-0.49602
B_attacker_costs,0.1,0.1,0.1,0.1,0.55,0.05,dRID,AD,dRID:AD,-0.49602
B_attacker_costs,0.1,0.1,0.1,0.1,0.55,0.1,dRID,AD,dRID:AD,-0.49602
B_attacker_costs,0.1,0.1,0.1,0.1,0.55,0.15,dRID,AD,dRID:AD,-0.49602
B_attacker_costs,0.1,0.1,0.1,0.1,0.55,0.2,dRID,A0,dRID:A0,-0.30000000000000004
B_attacker_costs,0.1,0.1,0.1,0.1,0.55,0.25,dRID,A0,dRID:A0,-0.30000000000000004
B_attacker_costs,0.1,0.1,0.1,0.1,0.55,0.3,dRID,A0,dRID:A0,-0.30000000000000004
B_attacker_costs,0.1,0.1,0.1,0.1,0.55,0.35,dRID,A0,dRID:A0,-0.30000000000000004
B_attacker_costs,0.1,0.1,0.1,0.1,0.55,0.4,dRID,A0,dRID:A0,-0.30000000000000004
B_attacker_costs,0.1,0.1,0.1,0.1,0.55,0.45,dRI,A0,dRI:A0,-0.2
B_attacker_costs,0.1,0.1,0.1,0.1,0.55,0.5,dRI,A0,dRI:A0,-0.2
B_attacker_costs,0.1,0.1,0.1,0.1,0.55,0.55,dRI,A0,dRI:A0,-0.2
B_attacker_costs,0.1,0.1,0.1,0.1,0.55,0.6,dRI,A0,dRI:A0,-0.2
B_attacker_costs,0.1,0.1,0.1,0.1,0.55,0.65,dRI,A0,dRI:A0,-0.2
B_attacker_costs,0.1,0.1,0.1,0.1,0.55,0.7,dRI,A0,dRI:A0,-0.2
B_attacker_costs,0.1,0.1,0.1,0.1,0.55,0.75,dRI,A0,dRI:A0,-0.2
B_attacker_costs,0.1,0.1,0.1,0.1,0.55,0.8,dRI,A0,dRI:A0,-0.2
B_attacker_costs,0.1,0.1,0.1,0.1,0.55,0.85,dRI,A0,dRI:A0,-0.2
B_attacker_costs,0.1,0.1,0.1,0.1,0.55,0.9,dRI,A0,dRI:A0,-0.2
B_attacker_costs,0.1,0.1,0.1,0.1,0.55,0.95,dRI,A0,dRI:A0,-0.2
B_attacker_costs,0.1,0.1,0.1,0.1,0.55,1.0,dRI,A0,dRI:A0,-0.2
B_attacker_costs,0.1,0.1,0.1,0.1,0.6,0.0,dRID,AD,dRID:AD,-0.49602
B_attacker_costs,0.1,0.1,0.1,0.1,0.6,0.05,dRID,AD,dRID:AD,-0.49602
B_attacker_costs,0.1,0.1,0.1,0.1,0.6,0.1,dRID,AD,dRID:AD,-0.49602
B_attacker_costs,0.1,0.1,0.1,0.1,0.6,0.15,dRID,AD,dRID:AD,-0.49602
B_attacker_costs,0.1,0.1,0.1,0.1,0.6,0.2,dRID,A0,dRID:A0,-0.30000000000000004
B_attacker_costs,0.1,0.1,0.1,0.1,0.6,0.25,dRID,A0,dRID:A0,-0.30000000000000004
B_attacker_costs,0.1,0.1,0.1,0.1,0.6,0.3,dRID,A0,dRID:A0,-0.30000000000000004
B_attacker_costs,0.1,0.1,0.1,0.1,0.6,0.35,dRID,A0,dRID:A0,-0.30000000000000004
B_attacker_costs,0.1,0.1,0.1,0.1,0.6,0.4,dRID,A0,dRID:A0,-0.30000000000000004
B_attacker_costs,0.1,0.1,0.1,0.1,0.6,0.45,dRI,A0,dRI:A0,-0.2
B_attacker_costs,0.1,0.1,0.1,0.1,0.6,0.5,dRI,A0,dRI:A0,-0.2
B_attacker_costs,0.1,0.1,0.1,0.1,0.6,0.55,dRI,A0,dRI:A0,-0.2
B_attacker_costs,0.1,0.1,0.1,0.1,0.6,0.6,dRI,A0,dRI:A0,-0.2
B_attacker_costs,0.1,0.1,0.1,0.1,0.6,0.65,dRI,A0,dRI:A0,-0.2
B_attacker_costs,0.1,0.1,0.1,0.1,0.6,0.7,dRI,A0,dRI:A0,-0.2
B_attacker_costs,0.1,0.1,0.1,0.1,0.6,0.75,dRI,A0,dRI:A0,-0.2
B_attacker_costs,0.1,0.1,0.1,0.1,0.6,0.8,dRI,A0,dRI:A0,-0.2
B_attacker_costs,0.1,0.1,0.1,0.1,0.6,0.85,dRI,A0,dRI:A0,-0.2
B_attacker_costs,0.1,0.1,0.1,0.1,0.6,0.9,dRI,A0,dRI:A0,-0.2
B_attacker_costs,0.1,0.1,0.1,0.1,0.6,0.95,dRI,A0,dRI:A0,-0.2
B_attacker_costs,0.1,0.1,0.1,0.1,0.6,1.0,dRI,A0,dRI:A0,-0.2
B_attacker_costs,0.1,0.1,0.1,0.1,0.65,0.0,dRID,AD,dRID:AD,-0.49602
B_attacker_costs,0.1,0.1,0.1,0.1,0.65,0.05,dRID,AD,dRID:AD,-0.49602
B_attacker_costs,0.1,0.1,0.1,0.1,0.65,0.1,dRID,AD,dRID:AD,-0.49602
B_attacker_costs,0.1,0.1,0.1,0.1,0.65,0.15,dRID,AD,dRID:AD,-0.49602
B_attacker_costs,0.1,0.1,0.1,0.1,0.65,0.2,dRID,A0,dRID:A0,-0.30000000000000004
B_attacker_costs,0.1,0.1,0.1,0.1,0.65,0.25,dRID,A0,dRID:A0,-0.30000000000000004
B_attacker_costs,0.1,0.1,0.1,0.1,0.65,0.3,dRID,A0,dRID:A0,-0.30000000000000004
B_attacker_costs,0.1,0.1,0.1,0.1,0.65,0.35,dRID,A0,dRID:A0,-0.30000000000000004
B_attacker_costs,0.1,0.1,0.1,0.1,0.65,0.4,dRID,A0,dRID:A0,-0.30000000000000004
B_attacker_costs,0.1,0.1,0.1,0.1,0.65,0.45,dRI,A0,dRI:A0,-0.2
B_attacker_costs,0.1,0.1,0.1,0.1,0.65,0.5,dRI,A0,dRI:A0,-0.2
B_attacker_costs,0.1,0.1,0.1,0.1,0.65,0.55,dRI,A0,dRI:A0,-0.2
B_attacker_costs,0.1,0.1,0.1,0.1,0.65,0.6,dRI,A0,dRI:A0,-0.2
B_attacker_costs,0.1,0.1,0.1,0.1,0.65,0.65,dRI,A0,dRI:A0,-0.2
B_attacker_costs,0.1,0.1,0.1,0.1,0.65,0.7,dRI,A0,dRI:A0,-0.2
B_attacker_costs,0.1,0.1,0.1,0.1,0.65,0.75,dRI,A0,dRI:A0,-0.2
B_attacker_costs,0.1,0.1,0.1,0.1,0.65,0.8,dRI,A0,dRI:A0,-0.2
B_attacker_costs,0.1,0.1,0.1,0.1,0.65,0.85,dRI,A0,dRI:A0,-0.2
B_attacker_costs,0.1,0.1,0.1,0.1,0.65,0.9,dRI,A0,dRI:A0,-0.2
B_attacker_costs,0.1,0.1,0.1,0.1,0.65,0.95,dRI,A0,dRI:A0,-0.2
B_attacker_costs,0.1,0.1,0.1,0.1,0.65,1.0,dRI,A0,dRI:A0,-0.2
B_attacker_costs,0.1,0.1,0.1,0.1,0.7,0.0,dRID,AD,dRID:AD,-0.49602
B_attacker_costs,0.1,0.1,0.1,0.1,0.7,0.05,dRID,AD,dRID:AD,-0.49602
B_attacker_costs,0.1,0.1,0.1,0.1,0.7,0.1,dRID,AD,dRID:AD,-0.49602
B_attacker_costs,0.1,0.1,0.1,0.1,0.7,0.15,dRID,AD,dRID:AD,-0.49602
B_attacker_costs,0.1,0.1,0.1,0.1,0.7,0.2,dRID,A0,dRID:A0,-0.30000000000000004
B_attacker_costs,0.1,0.1,0.1,0.1,0.7,0.25,dRID,A0,dRID:A0,-0.30000000000000004
B_attacker_costs,0.1,0.1,0.1,0.1,0.7,0.3,dRID,A0,dRID:A0,-0.30000000000000004
B_attacker_costs,0.1,0.1,0.1,0.1,0.7,0.35,dRID,A0,dRID:A0,-0.30000000000000004
B_attacker_costs,0.1,0.1,0.1,0.1,0.7,0.4,dRID,A0,dRID:A0,-0.30000000000000004
B_attacker_costs,0.1,0.1,0.1,0.1,0.7,0.45,dRI,A0,dRI:A0,-0.2
B_attacker_costs,0.1,0.1,0.1,0.1,0.7,0.5,dRI,A0,dRI:A0,-0.2
B_attacker_costs,0.1,0.1,0.1,0.1,0.7,0.55,dRI,A0,dRI:A0,-0.2
B_attacker_costs,0.1,0.1,0.1,0.1,0.7,0.6,dRI,A0,dRI:A0,-0.2
B_attacker_costs,0.1,0.1,0.1,0.1,0.7,0.65,dRI,A0,dRI:A0,-0.2
B_attacker_costs,0.1,0.1,0.1,0.1,0.7,0.7,dRI,A0,dRI:A0,-0.2
B_attacker_costs,0.1,0.1,0.1,0.1,0.7,0.75,dRI,A0,dRI:A0,-0.2
B_attacker_costs,0.1,0.1,0.1,0.1,0.7,0.8,dRI,A0,dRI:A0,-0.2
B_attacker_costs,0.1,0.1,0.1,0.1,0.7,0.85,dRI,A0,dRI:A0,-0.2
B_attacker_costs,0.1,0.1,0.1,0.1,0.7,0.9,dRI,A0,dRI:A0,-0.2
B_attacker_costs,0.1,0.1,0.1,0.1,0.7,0.95,dRI,A0,dRI:A0,-0.2
B_attacker_costs,0.1,0.1,0.1,0.1,0.7,1.0,dRI,A0,dRI:A0,-0.2
B_attacker_costs,0.1,0.1,0.1,0.1,0.75,0.0,dRID,AD,dRID:AD,-0.49602
B_attacker_costs,0.1,0.1,0.1,0.1,0.75,0.05,dRID,AD,dRID:AD,-0.49602
B_attacker_costs,0.1,0.1,0.1,0.1,0.75,0.1,dRID,AD,dRID:AD,-0.49602
B_attacker_costs,0.1,0.1,0.1,0.1,0.75,0.15,dRID,AD,dRID:AD,-0.49602
B_attacker_costs,0.1,0.1,0.1,0.1,0.75,0.2,dRID,A0,dRID:A0,-0.30000000000000004
B_attacker_costs,0.1,0.1,0.1,0.1,0.75,0.25,dRID,A0,dRID:A0,-0.30000000000000004
B_attacker_costs,0.1,0.1,0.1,0.1,0.75,0.3,dRID,A0,dRID:A0,-0.30000000000000004
B_attacker_costs,0.1,0.1,0.1,0.1,0.75,0.35,dRID,A0,dRID:A0,-0.30000000000000004
B_attacker_costs,0.1,0.1,0.1,0.1,0.75,0.4,dRID,A0,dRID:A0,-0.30000000000000004
B_attacker_costs,0.1,0.1,0.1,0.1,0.75,0.45,dRI,A0,dRI:A0,-0.2
B_attacker_costs,0.1,0.1,0.1,0.1,0.75,0.5,dRI,A0,dRI:A0,-0.2
B_attacker_costs,0.1,0.1,0.1,0.1,0.75,0.55,dRI,A0,dRI:A0,-0.2
B_attacker_costs,0.1,0.1,0.1,0.1,0.75,0.6,dRI,A0,dRI:A0,-0.2
B_attacker_costs,0.1,0.1,0.1,0.1,0.75,0.65,dRI,A0,dRI:A0,-0.2
B_attacker_costs,0.1,0.1,0.1,0.1,0.75,0.7,dRI,A0,dRI:A0,-0.2
B_attacker_costs,0.1,0.1,0.1,0.1,0.75,0.75,dRI,A0,dRI:A0,-0.2
B_attacker_costs,0.1,0.1,0.1,0.1,0.75,0.8,dRI,A0,dRI:A0,-0.2
B_attacker_costs,0.1,0.1,0.1,0.1,0.75,0.85,dRI,A0,dRI:A0,-0.2
B_attacker_costs,0.1,0.1,0.1,0.1,0.75,0.9,dRI,A0,dRI:A0,-0.2
B_attacker_costs,0.1,0.1,0.1,0.1,0.75,0.95,dRI,A0,dRI:A0,-0.2
B_attacker_costs,0.1,0.1,0.1,0.1,0.75,1.0,dRI,A0,dRI:A0,-0.2
B_attacker_costs,0.1,0.1,0.1,0.1,0.8,0.0,dRID,AD,dRID:AD,-0.49602
B_attacker_costs,0.1,0.1,0.1,0.1,0.8,0.05,dRID,AD,dRID:AD,-0.49602
B_attacker_costs,0.1,0.1,0.1,0.1,0.8,0.1,dRID,AD,dRID:AD,-0.49602
B_attacker_costs,0.1,0.1,0.1,0.1,0.8,0.15,dRID,AD,dRID:AD,-0.49602
B_attacker_costs,0.1,0.1,0.1,0.1,0.8,0.2,dRID,A0,dRID:A0,-0.30000000000000004
B_attacker_costs,0.1,0.1,0.1,0.1,0.8,0.25,dRID,A0,dRID:A0,-0.30000000000000004
B_attacker_costs,0.1,0.1,0.1,0.1,0.8,0.3,dRID,A0,dRID:A0,-0.30000000000000004
B_attacker_costs,0.1,0.1,0.1,0.1,0.8,0.35,dRID,A0,dRID:A0,-0.30000000000000004
B_attacker_costs,0.1,0.1,0.1,0.1,0.8,0.4,dRID,A0,dRID:A0,-0.30000000000000004
B_attacker_costs,0.1,0.1,0.1,0.1,0.8,0.45,dRI,A0,dRI:A0,-0.2
B_attacker_costs,0.1,0.1,0.1,0.1,0.8,0.5,dRI,A0,dRI:A0,-0.2
B_attacker_costs,0.1,0.1,0.1,0.1,0.8,0.55,dRI,A0,dRI:A0,-0.2
B_attacker_costs,0.1,0.1,0.1,0.1,0.8,0.6,dRI,A0,dRI:A0,-0.2
B_attacker_costs,0.1,0.1,0.1,0.1,0.8,0.65,dRI,A0,dRI:A0,-0.2
B_attacker_costs,0.1,0.1,0.1,0.1,0.8,0.7,dRI,A0,dRI:A0,-0.2
B_attacker_costs,0.1,0.1,0.1,0.1,0.8,0.75,dRI,A0,dRI:A0,-0.2
B_attacker_costs,0.1,0.1,0.1,0.1,0.8,0.8,dRI,A0,dRI:A0,-0.2
B_attacker_costs,0.1,0.1,0.1,0.1,0.8,0.85,dRI,A0,dRI:A0,-0.2
B_attacker_costs,0.1,0.1,0.1,0.1,0.8,0.9,dRI,A0,dRI:A0,-0.2
B_attacker_costs,0.1,0.1,0.1,0.1,0.8,0.95,dRI,A0,dRI:A0,-0.2
B_attacker_costs,0.1,0.1,0.1,0.1,0.8,1.0,dRI,A0,dRI:A0,-0.2
B_attacker_costs,0.1,0.1,0.1,0.1,0.85,0.0,dRD,AD,dRD:AD,-0.39602000000000004
B_attacker_costs,0.1,0.1,0.1,0.1,0.85,0.05,dRID,AD,dRID:AD,-0.49602
B_attacker_costs,0.1,0.1,0.1,0.1,0.85,0.1,dRID,AD,dRID:AD,-0.49602
B_attacker_costs,0.1,0.1,0.1,0.1,0.85,0.15,dRID,AD,dRID:AD,-0.49602
B_attacker_costs,0.1,0.1,0.1,0.1,0.85,0.2,dRID,A0,dRID:A0,-0.30000000000000004
B_attacker_costs,0.1,0.1,0.1,0.1,0.85,0.25,dRID,A0,dRID:A0,-0.30000000000000004
B_attacker_costs,0.1,0.1,0.1,0.1,0.85,0.3,dRID,A0,dRID:A0,-0.30000000000000004
B_attacker_costs,0.1,0.1,0.1,0.1,0.85,0.35,dRID,A0,dRID:A0,-0.30000000000000004
B_attacker_costs,0.1,0.1,0.1,0.1,0.85,0.4,dRID,A0,dRID:A0,-0.30000000000000004
B_attacker_costs,0.1,0.1,0.1,0.1,0.85,0.45,dRI,A0,dRI:A0,-0.2
B_attacker_costs,0.1,0.1,0.1,0.1,0.85,0.5,dRI,A0,dRI:A0,-0.2
B_attacker_costs,0.1,0.1,0.1,0.1,0.85,0.55,dRI,A0,dRI:A0,-0.2
B_attacker_costs,0.1,0.1,0.1,0.1,0.85,0.6,dRI,A0,dRI:A0,-0.2
B_attacker_costs,0.1,0.1,0.1,0.1,0.85,0.65,dRI,A0,dRI:A0,-0.2
B_attacker_costs,0.1,0.1,0.1,0.1,0.85,0.7,dRI,A0,dRI:A0,-0.2
B_attacker_costs,0.1,0.1,0.1,0.1,0.85,0.75,dRI,A0,dRI:A0,-0.2
B_attacker_costs,0.1,0.1,0.1,0.1,0.85,0.8,dRI,A0,dRI:A0,-0.2
B_attacker_costs,0.1,0.1,0.1,0.1,0.85,0.85,dRI,A0,dRI:A0,-0.2
B_attacker_costs,0.1,0.1,0.1,0.1,0.85,0.9,dRI,A0,dRI:A0,-0.2
B_attacker_costs,0.1,0.1,0.1,0.1,0.85,0.95,dRI,A0,dRI:A0,-0.2
B_attacker_costs,0.1,0.1,0.1,0.1,0.85,1.0,dRI,A0,dRI:A0,-0.2
B_attacker_costs,0.1,0.1,0.1,0.1,0.9,0.0,dRD,AD,dRD:AD,-0.39602000000000004
B_attacker_costs,0.1,0.1,0.1,0.1,0.9,0.05,dRD,AD,dRD:AD,-0.39602000000000004
B_attacker_costs,0.1,0.1,0.1,0.1,0.9,0.1,dRID,AD,dRID:AD,-0.49602
B_attacker_costs,0.1,0.1,0.1,0.1,0.9,0.15,dRID,AD,dRID:AD,-0.49602
B_attacker_costs,0.1,0.1,0.1,0.1,0.9,0.2,dRID,A0,dRID:A0,-0.30000000000000004
B_attacker_costs,0.1,0.1,0.1,0.1,0.9,0.25,dRID,A0,dRID:A0,-0.30000000000000004
B_attacker_costs,0.1,0.1,0.1,0.1,0.9,0.3,dRID,A0,dRID:A0,-0.30000000000000004
B_attacker_costs,0.1,0.1,0.1,0.1,0.9,0.35,dRID,A0,dRID:A0,-0.30000000000000004
B_attacker_costs,0.1,0.1,0.1,0.1,0.9,0.4,dRID,A0,dRID:A0,-0.30000000000000004
B_attacker_costs,0.1,0.1,0.1,0.1,0.9,0.45,dRI,A0,dRI:A0,-0.2
B_attacker_costs,0.1,0.1,0.1,0.1,0.9,0.5,dRI,A0,dRI:A0,-0.2
B_attacker_costs,0.1,0.1,0.1,0.1,0.9,0.55,dRI,A0,dRI:A0,-0.2
B_attacker_costs,0.1,0.1,0.1,0.1,0.9,0.6,dRI,A0,dRI:A0,-0.2
B_attacker_costs,0.1,0.1,0.1,0.1,0.9,0.65,dRI,A0,dRI:A0,-0.2
B_attacker_costs,0.1,0.1,0.1,0.1,0.9,0.7,dRI,A0,dRI:A0,-0.2
B_attacker_costs,0.1,0.1,0.1,0.1,0.9,0.75,dRI,A0,dRI:A0,-0.2
B_attacker_costs,0.1,0.1,0.1,0.1,0.9,0.8,dRI,A0,dRI:A0,-0.2
B_attacker_costs,0.1,0.1,0.1,0.1,0.9,0.85,dRI,A0,dRI:A0,-0.2
B_attacker_costs,0.1,0.1,0.1,0.1,0.9,0.9,dRI,A0,dRI:A0,-0.2
B_attacker_costs,0.1,0.1,0.1,0.1,0.9,0.95,dRI,A0,dRI:A0,-0.2
B_attacker_costs,0.1,0.1,0.1,0.1,0.9,1.0,dRI,A0,dRI:A0,-0.2
B_attacker_costs,0.1,0.1,0.1,0.1,0.95,0.0,dRD,AD,dRD:AD,-0.39602000000000004
B_attacker_costs,0.1,0.1,0.1,0.1,0.95,0.05,dRD,AD,dRD:AD,-0.39602000000000004
B_attacker_costs,0.1,0.1,0.1,0.1,0.95,0.1,dRD,AD,dRD:AD,-0.39602000000000004
B_attacker_costs,0.1,0.1,0.1,0.1,0.95,0.15,dRID,AD,dRID:AD,-0.49602
B_attacker_costs,0.1,0.1,0.1,0.1,0.95,0.2,dRID,A0,dRID:A0,-0.30000000000000004
B_attacker_costs,0.1,0.1,0.1,0.1,0.95,0.25,dRID,A0,dRID:A0,-0.30000000000000004
B_attacker_costs,0.1,0.1,0.1,0.1,0.95,0.3,dRID,A0,dRID:A0,-0.30000000000000004
B_attacker_costs,0.1,0.1,0.1,0.1,0.95,0.35,dRID,A0,dRID:A0,-0.30000000000000004
B_attacker_costs,0.1,0.1,0.1,0.1,0.95,0.4,dRID,A0,dRID:A0,-0.30000000000000004
B_attacker_costs,0.1,0.1,0.1,0.1,0.95,0.45,dRI,A0,dRI:A0,-0.2
B_attacker_costs,0.1,0.1,0.1,0.1,0.95,0.5,dRI,A0,dRI:A0,-0.2
B_attacker_costs,0.1,0.1,0.1,0.1,0.95,0.55,dRI,A0,dRI:A0,-0.2
B_attacker_costs,0.1,0.1,0.1,0.1,0.95,0.6,dRI,A0,dRI:A0,-0.2
B_attacker_costs,0.1,0.1,0.1,0.1,0.95,0.65,dRI,A0,dRI:A0,-0.2
B_attacker_costs,0.1,0.1,0.1,0.1,0.95,0.7,dRI,A0,dRI:A0,-0.2
B_attacker_costs,0.1,0.1,0.1,0.1,0.95,0.75,dRI,A0,dRI:A0,-0.2
B_attacker_costs,0.1,0.1,0.1,0.1,0.95,0.8,dRI,A0,dRI:A0,-0.2
B_attacker_costs,0.1,0.1,0.1,0.1,0.95,0.85,dRI,A0,dRI:A0,-0.2
B_attacker_costs,0.1,0.1,0.1,0.1,0.95,0.9,dRI,A0,dRI:A0,-0.2
B_attacker_costs,0.1,0.1,0.1,0.1,0.95,0.95,dRI,A0,dRI:A0,-0.2
B_attacker_costs,0.1,0.1,0.1,0.1,0.95,1.0,dRI,A0,dRI:A0,-0.2
B_attacker_costs,0.1,0.1,0.1,0.1,1.0,0.0,dRD,AD,dRD:AD,-0.39602000000000004
B_attacker_costs,0.1,0.1,0.1,0.1,1.0,0.05,dRD,AD,dRD:AD,-0.39602000000000004
B_attacker_costs,0.1,0.1,0.1,0.1,1.0,0.1,dRD,AD,dRD:AD,-0.39602000000000004
B_attacker_costs,0.1,0.1,0.1,0.1,1.0,0.15,dRD,AD,dRD:AD,-0.39602000000000004
B_attacker_costs,0.1,0.1,0.1,0.1,1.0,0.2,dRD,A0,dRD:A0,-0.2
B_attacker_costs,0.1,0.1,0.1,0.1,1.0,0.25,dRD,A0,dRD:A0,-0.2
B_attacker_costs,0.1,0.1,0.1,0.1,1.0,0.3,dRD,A0,dRD:A0,-0.2
B_attacker_costs,0.1,0.1,0.1,0.1,1.0,0.35,dRD,A0,dRD:A0,-0.2
B_attacker_costs,0.1,0.1,0.1,0.1,1.0,0.4,dRD,A0,dRD:A0,-0.2
B_attacker_costs,0.1,0.1,0.1,0.1,1.0,0.45,dR,A0,dR:A0,-0.1
B_attacker_costs,0.1,0.1,0.1,0.1,1.0,0.5,dR,A0,dR:A0,-0.1
B_attacker_costs,0.1,0.1,0.1,0.1,1.0,0.55,dR,A0,dR:A0,-0.1
B_attacker_costs,0.1,0.1,0.1,0.1,1.0,0.6,dR,A0,dR:A0,-0.1
B_attacker_costs,0.1,0.1,0.1,0.1,1.0,0.65,dR,A0,dR:A0,-0.1
B_attacker_costs,0.1,0.1,0.1,0.1,1.0,0.7,dR,A0,dR:A0,-0.1
B_attacker_costs,0.1,0.1,0.1,0.1,1.0,0.75,dR,A0,dR:A0,-0.1
B_attacker_costs,0.1,0.1,0.1,0.1,1.0,0.8,dR,A0,dR:A0,-0.1
B_attacker_costs,0.1,0.1,0.1,0.1,1.0,0.85,dR,A0,dR:A0,-0.1
B_attacker_costs,0.1,0.1,0.1,0.1,1.0,0.9,dR,A0,dR:A0,-0.1
B_attacker_costs,0.1,0.1,0.1,0.1,1.0,0.95,dR,A0,dR:A0,-0.1
B_attacker_costs,0.1,0.1,0.1,0.1,1.0,1.0,dR,A0,dR:A0,-0.1
B_attacker_costs,0.1,0.1,0.1,0.15,0.0,0.0,dRID,AD,dRID:AD,-0.49602
B_attacker_costs,0.1,0.1,0.1,0.15,0.0,0.05,dRID,AD,dRID:AD,-0.49602
B_attacker_costs,0.1,0.1,0.1,0.15,0.0,0.1,dRID,AD,dRID:AD,-0.49602
B_attacker_costs,0.1,0.1,0.1,0.15,0.0,0.15,dRID,AD,dRID:AD,-0.49602
B_attacker_costs,0.1,0.1,0.1,0.15,0.0,0.2,dRID,AI,dRID:AI,-0.30000000000000004
B_attacker_costs,0.1,0.1,0.1,0.15,0.0,0.25,dRID,AI,dRID:AI,-0.30000000000000004
B_attacker_costs,0.1,0.1,0.1,0.15,0.0,0.3,dRID,AI,dRID:AI,-0.30000000000000004
B_attacker_costs,0.1,0.1,0.1,0.15,0.0,0.35,dRID,AI,dRID:AI,-0.30000000000000004
B_attacker_costs,0.1,0.1,0.1,0.15,0.0,0.4,dRID,AI,dRID:AI,-0.30000000000000004
B_attacker_costs,0.1,0.1,0.1,0.15,0.0,0.45,dRI,AI,dRI:AI,-0.2
B_attacker_costs,0.1,0.1,0.1,0.15,0.0,0.5,dRI,AI,dRI:AI,-0.2
B_attacker_costs,0.1,0.1,0.1,0.15,0.0,0.55,dRI,AI,dRI:AI,-0.2
B_attacker_costs,0.1,0.1,0.1,0.15,0.0,0.6,dRI,AI,dRI:AI,-0.2
B_attacker_costs,0.1,0.1,0.1,0.15,0.0,0.65,dRI,AI,dRI:AI,-0.2
B_attacker_costs,0.1,0.1,0.1,0.15,0.0,0.7,dRI,AI,dRI:AI,-0.2
B_attacker_costs,0.1,0.1,0.1,0.15,0.0,0.75,dRI,AI,dRI:AI,-0.2
B_attacker_costs,0.1,0.1,0.1,0.15,0.0,0.8,dRI,AI,dRI:AI,-0.2
B_attacker_costs,0.1,0.1,0.1,0.15,0.0,0.85,dRI,AI,dRI:AI,-0.2
B_attacker_costs,0.1,0.1,0.1,0.15,0.0,0.9,dRI,AI,dRI:AI,-0.2
B_attacker_costs,0.1,0.1,0.1,0.15,0.0,0.95,dRI,AI,dRI:AI,-0.2
B_attacker_costs,0.1,0.1,0.1,0.15,0.0,1.0,dRI,AI,dRI:AI,-0.2
B_attacker_costs,0.1,0.1,0.1,0.15,0.05,0.0,dRID,AD,dRID:AD,-0.49602
B_attacker_costs,0.1,0.1,0.1,0.15,0.05,0.05,dRID,AD,dRID:AD,-0.49602
B_attacker_costs,0.1,0.1,0.1,0.15,0.05,0.1,dRID,AD,dRID:AD,-0.49602
B_attacker_costs,0.1,0.1,0.1,0.15,0.05,0.15,dRID,AD,dRID:AD,-0.49602
B_attacker_costs,0.1,0.1,0.1,0.15,0.05,0.2,dRID,A0,dRID:A0,-0.30000000000000004
B_attacker_costs,0.1,0.1,0.1,0.15,0.05,0.25,dRID,A0,dRID:A0,-0.30000000000000004
B_attacker_costs,0.1,0.1,0.1,0.15,0.05,0.3,dRID,A0,dRID:A0,-0.30000000000000004
B_attacker_costs,0.1,0.1,0.1,0.15,0.05,0.35,dRID,A0,dRID:A0,-0.30000000000000004
B_attacker_costs,0.1,0.1,0.1,0.15,0.05,0.4,dRID,A0,dRID:A0,-0.30000000000000004
B_attacker_costs,0.1,0.1,0.1,0.15,0.05,0.45,dRI,A0,dRI:A0,-0.2
B_attacker_costs,0.1,0.1,0.1,0.15,0.05,0.5,dRI,A0,dRI:A0,-0.2
B_attacker_costs,0.1,0.1,0.1,0.15,0.05,0.55,dRI,A0,dRI:A0,-0.2
B_attacker_costs,0.1,0.1,0.1,0.15,0.05,0.6,dRI,A0,dRI:A0,-0.2
B_attacker_costs,0.1,0.1,0.1,0.15,0.05,0.65,dRI,A0,dRI:A0,-0.2
B_attacker_costs,0.1,0.1,0.1,0.15,0.05,0.7,dRI,A0,dRI:A0,-0.2
B_attacker_costs,0.1,0.1,0.1,0.15,0.05,0.75,dRI,A0,dRI:A0,-0.2
B_attacker_costs,0.1,0.1,0.1,0.15,0.05,0.8,dRI,A0,dRI:A0,-0.2
B_attacker_costs,0.1,0.1,0.1,0.15,0.05,0.85,dRI,A0,dRI:A0,-0.2
B_attacker_costs,0.1,0.1,0.1,0.15,0.05,0.9,dRI,A0,dRI:A0,-0.2
B_attacker_costs,0.1,0.1,0.1,0.15,0.05,0.95,dRI,A0,dRI:A0,-0.2
B_attacker_costs,0.1,0.1,0.1,0.15,0.05,1.0,dRI,A0,dRI:A0,-0.2
B_attacker_costs,0.1,0.1,0.1,0.15,0.1,0.0,dRID,AD,dRID:AD,-0.49602
B_attacker_costs,0.1,0.1,0.1,0.15,0.1,0.05,dRID,AD,dRID:AD,-0.49602
B_attacker_costs,0.1,0.1,0.1,0.15,0.1,0.1,dRID,AD,dRID:AD,-0.49602
B_attacker_costs,0.1,0.1,0.1,0.15,0.1,0.15,dRID,AD,dRID:AD,-0.49602
B_attacker_costs,0.1,0.1,0.1,0.15,0.1,0.2,dRID,A0,dRID:A0,-0.30000000000000004
B_attacker_costs,0.1,0.1,0.1,0.15,0.1,0.25,dRID,A0,dRID:A0,-0.30000000000000004
B_attacker_costs,0.1,0.1,0.1,0.15,0.1,0.3,dRID,A0,dRID:A0,-0.30000000000000004
B_attacker_costs,0.1,0.1,0.1,0.15,0.1,0.35,dRID,A0,dRID:A0,-0.30000000000000004
B_attacker_costs,0.1,0.1,0.1,0.15,0.1,0.4,dRID,A0,dRID:A0,-0.30000000000000004
B_attacker_costs,0.1,0.1,0.1,0.15,0.1,0.45,dRI,A0,dRI:A0,-0.2
B_attacker_costs,0.1,0.1,0.1,0.15,0.1,0.5,dRI,A0,dRI:A0,-0.2
B_attacker_costs,0.1,0.1,0.1,0.15,0.1,0.55,dRI,A0,dRI:A0,-0.2
B_attacker_costs,0.1,0.1,0.1,0.15,0.1,0.6,dRI,A0,dRI:A0,-0.2
B_attacker_costs,0.1,0.1,0.1,0.15,0.1,0.65,dRI,A0,dRI:A0,-0.2
B_attacker_costs,0.1,0.1,0.1,0.15,0.1,0.7,dRI,A0,dRI:A0,-0.2
B_attacker_costs,0.1,0.1,0.1,0.15,0.1,0.75,dRI,A0,dRI:A0,-0.2
B_attacker_costs,0.1,0.1,0.1,0.15,0.1,0.8,dRI,A0,dRI:A0,-0.2
B_attacker_costs,0.1,0.1,0.1,0.15,0.1,0.85,dRI,A0,dRI:A0,-0.2
B_attacker_costs,0.1,0.1,0.1,0.15,0.1,0.9,dRI,A0,dRI:A0,-0.2
B_attacker_costs,0.1,0.1,0.1,0.15,0.1,0.95,dRI,A0,dRI:A0,-0.2
B_attacker_costs,0.1,0.1,0.1,0.15,0.1,1.0,dRI,A0,dRI:A0,-0.2
B_attacker_costs,0.1,0.1,0.1,0.15,0.15,0.0,dRID,AD,dRID:AD,-0.49602
B_attacker_costs,0.1,0.1,0.1,0.15,0.15,0.05,dRID,AD,dRID:AD,-0.49602
B_attacker_costs,0.1,0.1,0.1,0.15,0.15,0.1,dRID,AD,dRID:AD,-0.49602
B_attacker_costs,0.1,0.1,0.1,0.15,0.15,0.15,dRID,AD,dRID:AD,-0.49602
B_attacker_costs,0.1,0.1,0.1,0.15,0.15,0.2,dRID,A0,dRID:A0,-0.30000000000000004
B_attacker_costs,0.1,0.1,0.1,0.15,0.15,0.25,dRID,A0,dRID:A0,-0.30000000000000004
B_attacker_costs,0.1,0.1,0.1,0.15,0.15,0.3,dRID,A0,dRID:A0,-0.30000000000000004
B_attacker_costs,0.1,0.1,0.1,0.15,0.15,0.35,dRID,A0,dRID:A0,-0.30000000000000004
B_attacker_costs,0.1,0.1,0.1,0.15,0.15,0.4,dRID,A0,dRID:A0,-0.30000000000000004
B_attacker_costs,0.1,0.1,0.1,0.15,0.15,0.45,dRI,A0,dRI:A0,-0.2
B_attacker_costs,0.1,0.1,0.1,0.15,0.15,0.5,dRI,A0,dRI:A0,-0.2
B_attacker_costs,0.1,0.1,0.1,0.15,0.15,0.55,dRI,A0,dRI:A0,-0.2
B_attacker_costs,0.1,0.1,0.1,0.15,0.15,0.6,dRI,A0,dRI:A0,-0.2
B_attacker_costs,0.1,0.1,0.1,0.15,0.15,0.65,dRI,A0,dRI:A0,-0.2
B_attacker_costs,0.1,0.1,0.1,0.15,0.15,0.7,dRI,A0,dRI:A0,-0.2
B_attacker_costs,0.1,0.1,0.1,0.15,0.15,0.75,dRI,A0,dRI:A0,-0.2
B_attacker_costs,0.1,0.1,0.1,0.15,0.15,0.8,dRI,A0,dRI:A0,-0.2
B_attacker_costs,0.1,0.1,0.1,0.15,0.15,0.85,dRI,A0,dRI:A0,-0.2
B_attacker_costs,0.1,0.1,0.1,0.15,0.15,0.9,dRI,A0,dRI:A0,-0.2
B_attacker_costs,0.1,0.1,0.1,0.15,0.15,0.95,dRI,A0,dRI:A0,-0.2
B_attacker_costs,0.1,0.1,0.1,0.15,0.15,1.0,dRI,A0,dRI:A0,-0.2
B_attacker_costs,0.1,0.1,0.1,0.15,0.2,0.0,dRID,AD,dRID:AD,-0.49602
B_attacker_costs,0.1,0.1,0.1,0.15,0.2,0.05,dRID,AD,dRID:AD,-0.49602
B_attacker_costs,0.1,0.1,0.1,0.15,0.2,0.1,dRID,AD,dRID:AD,-0.49602
B_attacker_costs,0.1,0.1,0.1,0.15,0.2,0.15,dRID,AD,dRID:AD,-0.49602
B_attacker_costs,0.1,0.1,0.1,0.15,0.2,0.2,dRID,A0,dRID:A0,-0.30000000000000004
B_attacker_costs,0.1,0.1,0.1,0.15,0.2,0.25,dRID,A0,dRID:A0,-0.30000000000000004
B_attacker_costs,0.1,0.1,0.1,0.15,0.2,0.3,dRID,A0,dRID:A0,-0.30000000000000004
B_attacker_costs,0.1,0.1,0.1,0.15,0.2,0.35,dRID,A0,dRID:A0,-0.30000000000000004
B_attacker_costs,0.1,0.1,0.1,0.15,0.2,0.4,dRID,A0,dRID:A0,-0.30000000000000004
B_attacker_costs,0.1,0.1,0.1,0.15,0.2,0.45,dRI,A0,dRI:A0,-0.2
B_attacker_costs,0.1,0.1,0.1,0.15,0.2,0.5,dRI,A0,dRI:A0,-0.2
B_attacker_costs,0.1,0.1,0.1,0.15,0.2,0.55,dRI,A0,dRI:A0,-0.2
B_attacker_costs,0.1,0.1,0.1,0.15,0.2,0.6,dRI,A0,dRI:A0,-0.2
B_attacker_costs,0.1,0.1,0.1,0.15,0.2,0.65,dRI,A0,dRI:A0,-0.2
B_attacker_costs,0.1,0.1,0.1,0.15,0.2,0.7,dRI,A0,dRI:A0,-0.2
B_attacker_costs,0.1,0.1,0.1,0.15,0.2,0.75,dRI,A0,dRI:A0,-0.2
B_attacker_costs,0.1,0.1,0.1,0.15,0.2,0.8,dRI,A0,dRI:A0,-0.2
B_attacker_costs,0.1,0.1,0.1,0.15,0.2,0.85,dRI,A0,dRI:A0,-0.2
B_attacker_costs,0.1,0.1,0.1,0.15,0.2,0.9,dRI,A0,dRI:A0,-0.2
B_attacker_costs,0.1,0.1,0.1,0.15,0.2,0.95,dRI,A0,dRI:A0,-0.2
B_attacker_costs,0.1,0.1,0.1,0.15,0.2,1.0,dRI,A0,dRI:A0,-0.2
B_attacker_costs,0.1,0.1,0.1,0.15,0.25,0.0,dRID,AD,dRID:AD,-0.49602
B_attacker_costs,0.1,0.1,0.1,0.15,0.25,0.05,dRID,AD,dRID:AD,-0.49602
B_attacker_costs,0.1,0.1,0.1,0.15,0.25,0.1,dRID,AD,dRID:AD,-0.49602
B_attacker_costs,0.1,0.1,0.1,0.15,0.25,0.15,dRID,AD,dRID:AD,-0.49602
B_attacker_costs,0.1,0.1,0.1,0.15,0.25,0.2,dRID,A0,dRID:A0,-0.30000000000000004
B_attacker_costs,0.1,0.1,0.1,0.15,0.25,0.25,dRID,A0,dRID:A0,-0.30000000000000004
B_attacker_costs,0.1,0.1,0.1,0.15,0.25,0.3,dRID,A0,dRID:A0,-0.30000000000000004
B_attacker_costs,0.1,0.1,0.1,0.15,0.25,0.35,dRID,A0,dRID:A0,-0.30000000000000004
B_attacker_costs,0.1,0.1,0.1,0.15,0.25,0.4,dRID,A0,dRID:A0,-0.30000000000000004
B_attacker_costs,0.1,0.1,0.1,0.15,0.25,0.45,dRI,A0,dRI:A0,-0.2
B_attacker_costs,0.1,0.1,0.1,0.15,0.25,0.5,dRI,A0,dRI:A0,-0.2
B_attacker_costs,0.1,0.1,0.1,0.15,0.25,0.55,dRI,A0,dRI:A0,-0.2
B_attacker_costs,0.1,0.1,0.1,0.15,0.25,0.6,dRI,A0,dRI:A0,-0.2
B_attacker_costs,0.1,0.1,0.1,0.15,0.25,0.65,dRI,A0,dRI:A0,-0.2
B_attacker_costs,0.1,0.1,0.1,0.15,0.25,0.7,dRI,A0,dRI:A0,-0.2
B_attacker_costs,0.1,0.1,0.1,0.15,0.25,0.75,dRI,A0,dRI:A0,-0.2
B_attacker_costs,0.1,0.1,0.1,0.15,0.25,0.8,dRI,A0,dRI:A0,-0.2
B_attacker_costs,0.1,0.1,0.1,0.15,0.25,0.85,dRI,A0,dRI:A0,-0.2
B_attacker_costs,0.1,0.1,0.1,0.15,0.25,0.9,dRI,A0,dRI:A0,-0.2
B_attacker_costs,0.1,0.1,0.1,0.15,0.25,0.95,dRI,A0,dRI:A0,-0.2
B_attacker_costs,0.1,0.1,0.1,0.15,0.25,1.0,dRI,A0,dRI:A0,-0.2
B_attacker_costs,0.1,0.1,0.1,0.15,0.3,0.0,dRID,AD,dRID:AD,-0.49602
B_attacker_costs,0.1,0.1,0.1,0.15,0.3,0.05,dRID,AD,dRID:AD,-0.49602
B_attacker_costs,0.1,0.1,0.1,0.15,0.3,0.1,dRID,AD,dRID:AD,-0.49602
B_attacker_costs,0.1,0.1,0.1,0.15,0.3,0.15,dRID,AD,dRID:AD,-0.49602
B_attacker_costs,0.1,0.1,0.1,0.15,0.3,0.2,dRID,A0,dRID:A0,-0.30000000000000004
B_attacker_costs,0.1,0.1,0.1,0.15,0.3,0.25,dRID,A0,dRID:A0,-0.30000000000000004
B_attacker_costs,0.1,0.1,0.1,0.15,0.3,0.3,dRID,A0,dRID:A0,-0.30000000000000004
B_attacker_costs,0.1,0.1,0.1,0.15,0.3,0.35,dRID,A0,dRID:A0,-0.30000000000000004
B_attacker_costs,0.1,0.1,0.1,0.15,0.3,0.4,dRID,A0,dRID:A0,-0.30000000000000004
B_attacker_costs,0.1,0.1,0.1,0.15,0.3,0.45,dRI,A0,dRI:A0,-0.2
B_attacker_costs,0.1,0.1,0.1,0.15,0.3,0.5,dRI,A0,dRI:A0,-0.2
B_attacker_costs,0.1,0.1,0.1,0.15,0.3,0.55,dRI,A0,dRI:A0,-0.2
B_attacker_costs,0.1,0.1,0.1,0.15,0.3,0.6,dRI,A0,dRI:A0,-0.2
B_attacker_costs,0.1,0.1,0.1,0.15,0.3,0.65,dRI,A0,dRI:A0,-0.2
B_attacker_costs,0.1,0.1,0.1,0.15,0.3,0.7,dRI,A0,dRI:A0,-0.2
B_attacker_costs,0.1,0.1,0.1,0.15,0.3,0.75,dRI,A0,dRI:A0,-0.2
B_attacker_costs,0.1,0.1,0.1,0.15,0.3,0.8,dRI,A0,dRI:A0,-0.2
B_attacker_costs,0.1,0.1,0.1,0.15,0.3,0.85,dRI,A0,dRI:A0,-0.2
B_attacker_costs,0.1,0.1,0.1,0.15,0.3,0.9,dRI,A0,dRI:A0,-0.2
B_attacker_costs,0.1,0.1,0.1,0.15,0.3,0.95,dRI,A0,dRI:A0,-0.2
B_attacker_costs,0.1,0.1,0.1,0.15,0.3,1.0,dRI,A0,dRI:A0,-0.2
B_attacker_costs,0.1,0.1,0.1,0.15,0.35,0.0,dRID,AD,dRID:AD,-0.49602
B_attacker_costs,0.1,0.1,0.1,0.15,0.35,0.05,dRID,AD,dRID:AD,-0.49602
B_attacker_costs,0.1,0.1,0.1,0.15,0.35,0.1,dRID,AD,dRID:AD,-0.49602
B_attacker_costs,0.1,0.1,0.1,0.15,0.35,0.15,dRID,AD,dRID:AD,-0.49602
B_attacker_costs,0.1,0.1,0.1,0.15,0.35,0.2,dRID,A0,dRID:A0,-0.30000000000000004
B_attacker_costs,0.1,0.1,0.1,0.15,0.35,0.25,dRID,A0,dRID:A0,-0.30000000000000004
B_attacker_costs,0.1,0.1,0.1,0.15,0.35,0.3,dRID,A0,dRID:A0,-0.30000000000000004
B_attacker_costs,0.1,0.1,0.1,0.15,0.35,0.35,dRID,A0,dRID:A0,-0.30000000000000004
B_attacker_costs,0.1,0.1,0.1,0.15,0.35,0.4,dRID,A0,dRID:A0,-0.30000000000000004
B_attacker_costs,0.1,0.1,0.1,0.15,0.35,0.45,dRI,A0,dRI:A0,-0.2
B_attacker_costs,0.1,0.1,0.1,0.15,0.35,0.5,dRI,A0,dRI:A0,-0.2
B_attacker_costs,0.1,0.1,0.1,0.15,0.35,0.55,dRI,A0,dRI:A0,-0.2
B_attacker_costs,0.1,0.1,0.1,0.15,0.35,0.6,dRI,A0,dRI:A0,-0.2
B_attacker_costs,0.1,0.1,0.1,0.15,0.35,0.65,dRI,A0,dRI:A0,-0.2
B_attacker_costs,0.1,0.1,0.1,0.15,0.35,0.7,dRI,A0,dRI:A0,-0.2
B_attacker_costs,0.1,0.1,0.1,0.15,0.35,0.75,dRI,A0,dRI:A0,-0.2
B_attacker_costs,0.1,0.1,0.1,0.15,0.35,0.8,dRI,A0,dRI:A0,-0.2
B_attacker_costs,0.1,0.1,0.1,0.15,0.35,0.85,dRI,A0,dRI:A0,-0.2
B_attacker_costs,0.1,0.1,0.1,0.15,0.35,0.9,dRI,A0,dRI:A0,-0.2
B_attacker_costs,0.1,0.1,0.1,0.15,0.35,0.95,dRI,A0,dRI:A0,-0.2
B_attacker_costs,0.1,0.1,0.1,0.15,0.35,1.0,dRI,A0,dRI:A0,-0.2
B_attacker_costs,0.1,0.1,0.1,0.15,0.4,0.0,dRID,AD,dRID:AD,-0.49602
B_attacker_costs,0.1,0.1,0.1,0.15,0.4,0.05,dRID,AD,dRID:AD,-0.49602
B_attacker_costs,0.1,0.1,0.1,0.15,0.4,0.1,dRID,AD,dRID:AD,-0.49602
B_attacker_costs,0.1,0.1,0.1,0.15,0.4,0.15,dRID,AD,dRID:AD,-0.49602
B_attacker_costs,0.1,0.1,0.1,0.15,0.4,0.2,dRID,A0,dRID:A0,-0.30000000000000004
B_attacker_costs,0.1,0.1,0.1,0.15,0.4,0.25,dRID,A0,dRID:A0,-0.30000000000000004
B_attacker_costs,0.1,0.1,0.1,0.15,0.4,0.3,dRID,A0,dRID:A0,-0.30000000000000004
B_attacker_costs,0.1,0.1,0.1,0.15,0.4,0.35,dRID,A0,dRID:A0,-0.30000000000000004
B_attacker_costs,0.1,0.1,0.1,0.15,0.4,0.4,dRID,A0,dRID:A0,-0.30000000000000004
B_attacker_costs,0.1,0.1,0.1,0.15,0.4,0.45,dRI,A0,dRI:A0,-0.2
B_attacker_costs,0.1,0.1,0.1,0.15,0.4,0.5,dRI,A0,dRI:A0,-0.2
B_attacker_costs,0.1,0.1,0.1,0.15,0.4,0.55,dRI,A0,dRI:A0,-0.2
B_attacker_costs,0.1,0.1,0.1,0.15,0.4,0.6,dRI,A0,dRI:A0,-0.2
B_attacker_costs,0.1,0.1,0.1,0.15,0.4,0.65,dRI,A0,dRI:A0,-0.2
B_attacker_costs,0.1,0.1,0.1,0.15,0.4,0.7,dRI,A0,dRI:A0,-0.2
B_attacker_costs,0.1,0.1,0.1,0.15,0.4,0.75,dRI,A0,dRI:A0,-0.2
B_attacker_costs,0.1,0.1,0.1,0.15,0.4,0.8,dRI,A0,dRI:A0,-0.2
B_attacker_costs,0.1,0.1,0.1,0.15,0.4,0.85,dRI,A0,dRI:A0,-0.2
B_attacker_costs,0.1,0.1,0.1,0.15,0.4,0.9,dRI,A0,dRI:A0,-0.2
B_attacker_costs,0.1,0.1,0.1,0.15,0.4,0.95,dRI,A0,dRI:A0,-0.2
B_attacker_costs,0.1,0.1,0.1,0.15,0.4,1.0,dRI,A0,dRI:A0,-0.2
B_attacker_costs,0.1,0.1,0.1,0.15,0.45,0.0,dRID,AD,dRID:AD,-0.49602
B_attacker_costs,0.1,0.1,0.1,0.15,0.45,0.05,dRID,AD,dRID:AD,-0.49602
B_attacker_costs,0.1,0.1,0.1,0.15,0.45,0.1,dRID,AD,dRID:AD,-0.49602
B_attacker_costs,0.1,0.1,0.1,0.15,0.45,0.15,dRID,AD,dRID:AD,-0.49602
B_attacker_costs,0.1,0.1,0.1,0.15,0.45,0.2,dRID,A0,dRID:A0,-0.30000000000000004
B_attacker_costs,0.1,0.1,0.1,0.15,0.45,0.25,dRID,A0,dRID:A0,-0.30000000000000004
B_attacker_costs,0.1,0.1,0.1,0.15,0.45,0.3,dRID,A0,dRID:A0,-0.30000000000000004
B_attacker_costs,0.1,0.1,0.1,0.15,0.45,0.35,dRID,A0,dRID:A0,-0.30000000000000004
B_attacker_costs,0.1,0.1,0.1,0.15,0.45,0.4,dRID,A0,dRID:A0,-0.30000000000000004
B_attacker_costs,0.1,0.1,0.1,0.15,0.45,0.45,dRI,A0,dRI:A0,-0.2
B_attacker_costs,0.1,0.1,0.1,0.15,0.45,0.5,dRI,A0,dRI:A0,-0.2
B_attacker_costs,0.1,0.1,0.1,0.15,0.45,0.55,dRI,A0,dRI:A0,-0.2
B_attacker_costs,0.1,0.1,0.1,0.15,0.45,0.6,dRI,A0,dRI:A0,-0.2
B_attacker_costs,0.1,0.1,0.1,0.15,0.45,0.65,dRI,A0,dRI:A0,-0.2
B_attacker_costs,0.1,0.1,0.1,0.15,0.45,0.7,dRI,A0,dRI:A0,-0.2
B_attacker_costs,0.1,0.1,0.1,0.15,0.45,0.75,dRI,A0,dRI:A0,-0.2
B_attacker_costs,0.1,0.1,0.1,0.15,0.45,0.8,dRI,A0,dRI:A0,-0.2
B_attacker_costs,0.1,0.1,0.1,0.15,0.45,0.85,dRI,A0,dRI:A0,-0.2
B_attacker_costs,0.1,0.1,0.1,0.15,0.45,0.9,dRI,A0,dRI:A0,-0.2
B_attacker_costs,0.1,0.1,0.1,0.15,0.45,0.95,dRI,A0,dRI:A0,-0.2
B_attacker_costs,0.1,0.1,0.1,0.15,0.45,1.0,dRI,A0,dRI:A0,-0.2
B_attacker_costs,0.1,0.1,0.1,0.15,0.5,0.0,dRID,AD,dRID:AD,-0.49602
B_attacker_costs,0.1,0.1,0.1,0.15,0.5,0.05,dRID,AD,dRID:AD,-0.49602
B_attacker_costs,0.1,0.1,0.1,0.15,0.5,0.1,dRID,AD,dRID:AD,-0.49602
B_attacker_costs,0.1,0.1,0.1,0.15,0.5,0.15,dRID,AD,dRID:AD,-0.49602
B_attacker_costs,0.1,0.1,0.1,0.15,0.5,0.2,dRID,A0,dRID:A0,-0.30000000000000004
B_attacker_costs,0.1,0.1,0.1,0.15,0.5,0.25,dRID,A0,dRID:A0,-0.30000000000000004
B_attacker_costs,0.1,0.1,0.1,0.15,0.5,0.3,dRID,A0,dRID:A0,-0.30000000000000004
B_attacker_costs,0.1,0.1,0.1,0.15,0.5,0.35,dRID,A0,dRID:A0,-0.30000000000000004
B_attacker_costs,0.1,0.1,0.1,0.15,0.5,0.4,dRID,A0,dRID:A0,-0.30000000000000004
B_attacker_costs,0.1,0.1,0.1,0.15,0.5,0.45,dRI,A0,dRI:A0,-0.2
B_attacker_costs,0.1,0.1,0.1,0.15,0.5,0.5,dRI,A0,dRI:A0,-0.2
B_attacker_costs,0.1,0.1,0.1,0.15,0.5,0.55,dRI,A0,dRI:A0,-0.2
B_attacker_costs,0.1,0.1,0.1,0.15,0.5,0.6,dRI,A0,dRI:A0,-0.2
B_attacker_costs,0.1,0.1,0.1,0.15,0.5,0.65,dRI,A0,dRI:A0,-0.2
B_attacker_costs,0.1,0.1,0.1,0.15,0.5,0.7,dRI,A0,dRI:A0,-0.2
B_attacker_costs,0.1,0.1,0.1,0.15,0.5,0.75,dRI,A0,dRI:A0,-0.2
B_attacker_costs,0.1,0.1,0.1,0.15,0.5,0.8,dRI,A0,dRI:A0,-0.2
B_attacker_costs,0.1,0.1,0.1,0.15,0.5,0.85,dRI,A0,dRI:A0,-0.2
B_attacker_costs,0.1,0.1,0.1,0.15,0.5,0.9,dRI,A0,dRI:A0,-0.2
B_attacker_costs,0.1,0.1,0.1,0.15,0.5,0.95,dRI,A0,dRI:A0,-0.2
B_attacker_costs,0.1,0.1,0.1,0.15,0.5,1.0,dRI,A0,dRI:A0,-0.2
B_attacker_costs,0.1,0.1,0.1,0.15,0.55,0.0,dRID,AD,dRID:AD,-0.49602
B_attacker_costs,0.1,0.1,0.1,0.15,0.55,0.05,dRID,AD,dRID:AD,-0.49602
B_attacker_costs,0.1,0.1,0.1,0.15,0.55,0.1,dRID,AD,dRID:AD,-0.49602
B_attacker_costs,0.1,0.1,0.1,0.15,0.55,0.15,dRID,AD,dRID:AD,-0.49602
B_attacker_costs,0.1,0.1,0.1,0.15,0.55,0.2,dRID,A0,dRID:A0,-0.30000000000000004
B_attacker_costs,0.1,0.1,0.1,0.15,0.55,0.25,dRID,A0,dRID:A0,-0.30000000000000004
B_attacker_costs,0.1,0.1,0.1,0.15,0.55,0.3,dRID,A0,dRID:A0,-0.30000000000000004
B_attacker_costs,0.1,0.1,0.1,0.15,0.55,0.35,dRID,A0,dRID:A0,-0.30000000000000004
B_attacker_costs,0.1,0.1,0.1,0.15,0.55,0.4,dRID,A0,dRID:A0,-0.30000000000000004
B_attacker_costs,0.1,0.1,0.1,0.15,0.55,0.45,dRI,A0,dRI:A0,-0.2
B_attacker_costs,0.1,0.1,0.1,0.15,0.55,0.5,dRI,A0,dRI:A0,-0.2
B_attacker_costs,0.1,0.1,0.1,0.15,0.55,0.55,dRI,A0,dRI:A0,-0.2
B_attacker_costs,0.1,0.1,0.1,0.15,0.55,0.6,dRI,A0,dRI:A0,-0.2
B_attacker_costs,0.1,0.1,0.1,0.15,0.55,0.65,dRI,A0,dRI:A0,-0.2
B_attacker_costs,0.1,0.1,0.1,0.15,0.55,0.7,dRI,A0,dRI:A0,-0.2
B_attacker_costs,0.1,0.1,0.1,0.15,0.55,0.75,dRI,A0,dRI:A0,-0.2
B_attacker_costs,0.1,0.1,0.1,0.15,0.55,0.8,dRI,A0,dRI:A0,-0.2
B_attacker_costs,0.1,0.1,0.1,0.15,0.55,0.85,dRI,A0,dRI:A0,-0.2
B_attacker_costs,0.1,0.1,0.1,0.15,0.55,0.9,dRI,A0,dRI:A0,-0.2
B_attacker_costs,0.1,0.1,0.1,0.15,0.55,0.95,dRI,A0,dRI:A0,-0.2
B_attacker_costs,0.1,0.1,0.1,0.15,0.55,1.0,dRI,A0,dRI:A0,-0.2
B_attacker_costs,0.1,0.1,0.1,0.15,0.6,0.0,dRID,AD,dRID:AD,-0.49602
B_attacker_costs,0.1,0.1,0.1,0.15,0.6,0.05,dRID,AD,dRID:AD,-0.49602
B_attacker_costs,0.1,0.1,0.1,0.15,0.6,0.1,dRID,AD,dRID:AD,-0.49602
B_attacker_costs,0.1,0.1,0.1,0.15,0.6,0.15,dRID,AD,dRID:AD,-0.49602
B_attacker_costs,0.1,0.1,0.1,0.15,0.6,0.2,dRID,A0,dRID:A0,-0.30000000000000004
B_attacker_costs,0.1,0.1,0.1,0.15,0.6,0.25,dRID,A0,dRID:A0,-0.30000000000000004
B_attacker_costs,0.1,0.1,0.1,0.15,0.6,0.3,dRID,A0,dRID:A0,-0.30000000000000004
B_attacker_costs,0.1,0.1,0.1,0.15,0.6,0.35,dRID,A0,dRID:A0,-0.30000000000000004
B_attacker_costs,0.1,0.1,0.1,0.15,0.6,0.4,dRID,A0,dRID:A0,-0.30000000000000004
B_attacker_costs,0.1,0.1,0.1,0.15,0.6,0.45,dRI,A0,dRI:A0,-0.2
B_attacker_costs,0.1,0.1,0.1,0.15,0.6,0.5,dRI,A0,dRI:A0,-0.2
B_attacker_costs,0.1,0.1,0.1,0.15,0.6,0.55,dRI,A0,dRI:A0,-0.2
B_attacker_costs,0.1,0.1,0.1,0.15,0.6,0.6,dRI,A0,dRI:A0,-0.2
B_attacker_costs,0.1,0.1,0.1,0.15,0.6,0.65,dRI,A0,dRI:A0,-0.2
B_attacker_costs,0.1,0.1,0.1,0.15,0.6,0.7,dRI,A0,dRI:A0,-0.2
B_attacker_costs,0.1,0.1,0.1,0.15,0.6,0.75,dRI,A0,dRI:A0,-0.2
B_attacker_costs,0.1,0.1,0.1,0.15,0.6,0.8,dRI,A0,dRI:A0,-0.2
B_attacker_costs,0.1,0.1,0.1,0.15,0.6,0.85,dRI,A0,dRI:A0,-0.2
B_attacker_costs,0.1,0.1,0.1,0.15,0.6,0.9,dRI,A0,dRI:A0,-0.2
B_attacker_costs,0.1,0.1,0.1,0.15,0.6,0.95,dRI,A0,dRI:A0,-0.2
B_attacker_costs,0.1,0.1,0.1,0.15,0.6,1.0,dRI,A0,dRI:A0,-0.2
B_attacker_costs,0.1,0.1,0.1,0.15,0.65,0.0,dRID,AD,dRID:AD,-0.49602
B_attacker_costs,0.1,0.1,0.1,0.15,0.65,0.05,dRID,AD,dRID:AD,-0.49602
B_attacker_costs,0.1,0.1,0.1,0.15,0.65,0.1,dRID,AD,dRID:AD,-0.49602
B_attacker_costs,0.1,0.1,0.1,0.15,0.65,0.15,dRID,AD,dRID:AD,-0.49602
B_attacker_costs,0.1,0.1,0.1,0.15,0.65,0.2,dRID,A0,dRID:A0,-0.30000000000000004
B_attacker_costs,0.1,0.1,0.1,0.15,0.65,0.25,dRID,A0,dRID:A0,-0.30000000000000004
B_attacker_costs,0.1,0.1,0.1,0.15,0.65,0.3,dRID,A0,dRID:A0,-0.30000000000000004
B_attacker_costs,0.1,0.1,0.1,0.15,0.65,0.35,dRID,A0,dRID:A0,-0.30000000000000004
B_attacker_costs,0.1,0.1,0.1,0.15,0.65,0.4,dRID,A0,dRID:A0,-0.30000000000000004
B_attacker_costs,0.1,0.1,0.1,0.15,0.65,0.45,dRI,A0,dRI:A0,-0.2
B_attacker_costs,0.1,0.1,0.1,0.15,0.65,0.5,dRI,A0,dRI:A0,-0.2
B_attacker_costs,0.1,0.1,0.1,0.15,0.65,0.55,dRI,A0,dRI:A0,-0.2
B_attacker_costs,0.1,0.1,0.1,0.15,0.65,0.6,dRI,A0,dRI:A0,-0.2
B_attacker_costs,0.1,0.1,0.1,0.15,0.65,0.65,dRI,A0,dRI:A0,-0.2
B_attacker_costs,0.1,0.1,0.1,0.15,0.65,0.7,dRI,A0,dRI:A0,-0.2
B_attacker_costs,0.1,0.1,0.1,0.15,0.65,0.75,dRI,A0,dRI:A0,-0.2
B_attacker_costs,0.1,0.1,0.1,0.15,0.65,0.8,dRI,A0,dRI:A0,-0.2
B_attacker_costs,0.1,0.1,0.1,0.15,0.65,0.85,dRI,A0,dRI:A0,-0.2
B_attacker_costs,0.1,0.1,0.1,0.15,0.65,0.9,dRI,A0,dRI:A0,-0.2
B_attacker_costs,0.1,0.1,0.1,0.15,0.65,0.95,dRI,A0,dRI:A0,-0.2
B_attacker_costs,0.1,0.1,0.1,0.15,0.65,1.0,dRI,A0,dRI:A0,-0.2
B_attacker_costs,0.1,0.1,0.1,0.15,0.7,0.0,dRID,AD,dRID:AD,-0.49602
B_attacker_costs,0.1,0.1,0.1,0.15,0.7,0.05,dRID,AD,dRID:AD,-0.49602
B_attacker_costs,0.1,0.1,0.1,0.15,0.7,0.1,dRID,AD,dRID:AD,-0.49602
B_attacker_costs,0.1,0.1,0.1,0.15,0.7,0.15,dRID,AD,dRID:AD,-0.49602
B_attacker_costs,0.1,0.1,0.1,0.15,0.7,0.2,dRID,A0,dRID:A0,-0.30000000000000004
B_attacker_costs,0.1,0.1,0.1,0.15,0.7,0.25,dRID,A0,dRID:A0,-0.30000000000000004
B_attacker_costs,0.1,0.1,0.1,0.15,0.7,0.3,dRID,A0,dRID:A0,-0.30000000000000004
B_attacker_costs,0.1,0.1,0.1,0.15,0.7,0.35,dRID,A0,dRID:A0,-0.30000000000000004
B_attacker_costs,0.1,0.1,0.1,0.15,0.7,0.4,dRID,A0,dRID:A0,-0.30000000000000004
B_attacker_costs,0.1,0.1,0.1,0.15,0.7,0.45,dRI,A0,dRI:A0,-0.2
B_attacker_costs,0.1,0.1,0.1,0.15,0.7,0.5,dRI,A0,dRI:A0,-0.2
B_attacker_costs,0.1,0.1,0.1,0.15,0.7,0.55,dRI,A0,dRI:A0,-0.2
B_attacker_costs,0.1,0.1,0.1,0.15,0.7,0.6,dRI,A0,dRI:A0,-0.2
B_attacker_costs,0.1,0.1,0.1,0.15,0.7,0.65,dRI,A0,dRI:A0,-0.2
B_attacker_costs,0.1,0.1,0.1,0.15,0.7,0.7,dRI,A0,dRI:A0,-0.2
B_attacker_costs,0.1,0.1,0.1,0.15,0.7,0.75,dRI,A0,dRI:A0,-0.2
B_attacker_costs,0.1,0.1,0.1,0.15,0.7,0.8,dRI,A0,dRI:A0,-0.2
B_attacker_costs,0.1,0.1,0.1,0.15,0.7,0.85,dRI,A0,dRI:A0,-0.2
B_attacker_costs,0.1,0.1,0.1,0.15,0.7,0.9,dRI,A0,dRI:A0,-0.2
B_attacker_costs,0.1,0.1,0.1,0.15,0.7,0.95,dRI,A0,dRI:A0,-0.2
B_attacker_costs,0.1,0.1,0.1,0.15,0.7,1.0,dRI,A0,dRI:A0,-0.2
B_attacker_costs,0.1,0.1,0.1,0.15,0.75,0.0,dRID,AD,dRID:AD,-0.49602
B_attacker_costs,0.1,0.1,0.1,0.15,0.75,0.05,dRID,AD,dRID:AD,-0.49602
B_attacker_costs,0.1,0.1,0.1,0.15,0.75,0.1,dRID,AD,dRID:AD,-0.49602
B_attacker_costs,0.1,0.1,0.1,0.15,0.75,0.15,dRID,AD,dRID:AD,-0.49602
B_attacker_costs,0.1,0.1,0.1,0.15,0.75,0.2,dRID,A0,dRID:A0,-0.30000000000000004
B_attacker_costs,0.1,0.1,0.1,0.15,0.75,0.25,dRID,A0,dRID:A0,-0.30000000000000004
B_attacker_costs,0.1,0.1,0.1,0.15,0.75,0.3,dRID,A0,dRID:A0,-0.30000000000000004
B_attacker_costs,0.1,0.1,0.1,0.15,0.75,0.35,dRID,A0,dRID:A0,-0.30000000000000004
B_attacker_costs,0.1,0.1,0.1,0.15,0.75,0.4,dRID,A0,dRID:A0,-0.30000000000000004
B_attacker_costs,0.1,0.1,0.1,0.15,0.75,0.45,dRI,A0,dRI:A0,-0.2
B_attacker_costs,0.1,0.1,0.1,0.15,0.75,0.5,dRI,A0,dRI:A0,-0.2
B_attacker_costs,0.1,0.1,0.1,0.15,0.75,0.55,dRI,A0,dRI:A0,-0.2
B_attacker_costs,0.1,0.1,0.1,0.15,0.75,0.6,dRI,A0,dRI:A0,-0.2
B_attacker_costs,0.1,0.1,0.1,0.15,0.75,0.65,dRI,A0,dRI:A0,-0.2
B_attacker_costs,0.1,0.1,0.1,0.15,0.75,0.7,dRI,A0,dRI:A0,-0.2
B_attacker_costs,0.1,0.1,0.1,0.15,0.75,0.75,dRI,A0,dRI:A0,-0.2
B_attacker_costs,0.1,0.1,0.1,0.15,0.75,0.8,dRI,A0,dRI:A0,-0.2
B_attacker_costs,0.1,0.1,0.1,0.15,0.75,0.85,dRI,A0,dRI:A0,-0.2
B_attacker_costs,0.1,0.1,0.1,0.15,0.75,0.9,dRI,A0,dRI:A0,-0.2
B_attacker_costs,0.1,0.1,0.1,0.15,0.75,0.95,dRI,A0,dRI:A0,-0.2
B_attacker_costs,0.1,0.1,0.1,0.15,0.75,1.0,dRI,A0,dRI:A0,-0.2
B_attacker_costs,0.1,0.1,0.1,0.15,0.8,0.0,dRID,AD,dRID:AD,-0.49602
B_attacker_costs,0.1,0.1,0.1,0.15,0.8,0.05,dRID,AD,dRID:AD,-0.49602
B_attacker_costs,0.1,0.1,0.1,0.15,0.8,0.1,dRID,AD,dRID:AD,-0.49602
B_attacker_costs,0.1,0.1,0.1,0.15,0.8,0.15,dRID,AD,dRID:AD,-0.49602
B_attacker_costs,0.1,0.1,0.1,0.15,0.8,0.2,dRID,A0,dRID:A0,-0.30000000000000004
B_attacker_costs,0.1,0.1,0.1,0.15,0.8,0.25,dRID,A0,dRID:A0,-0.30000000000000004
B_attacker_costs,0.1,0.1,0.1,0.15,0.8,0.3,dRID,A0,dRID:A0,-0.30000000000000004
B_attacker_costs,0.1,0.1,0.1,0.15,0.8,0.35,dRID,A0,dRID:A0,-0.30000000000000004
B_attacker_costs,0.1,0.1,0.1,0.15,0.8,0.4,dRID,A0,dRID:A0,-0.30000000000000004
B_attacker_costs,0.1,0.1,0.1,0.15,0.8,0.45,dRI,A0,dRI:A0,-0.2
B_attacker_costs,0.1,0.1,0.1,0.15,0.8,0.5,dRI,A0,dRI:A0,-0.2
B_attacker_costs,0.1,0.1,0.1,0.15,0.8,0.55,dRI,A0,dRI:A0,-0.2
B_attacker_costs,0.1,0.1,0.1,0.15,0.8,0.6,dRI,A0,dRI:A0,-0.2
B_attacker_costs,0.1,0.1,0.1,0.15,0.8,0.65,dRI,A0,dRI:A0,-0.2
B_attacker_costs,0.1,0.1,0.1,0.15,0.8,0.7,dRI,A0,dRI:A0,-0.2
B_attacker_costs,0.1,0.1,0.1,0.15,0.8,0.75,dRI,A0,dRI:A0,-0.2
B_attacker_costs,0.1,0.1,0.1,0.15,0.8,0.8,dRI,A0,dRI:A0,-0.2
B_attacker_costs,0.1,0.1,0.1,0.15,0.8,0.85,dRI,A0,dRI:A0,-0.2
B_attacker_costs,0.1,0.1,0.1,0.15,0.8,0.9,dRI,A0,dRI:A0,-0.2
B_attacker_costs,0.1,0.1,0.1,0.15,0.8,0.95,dRI,A0,dRI:A0,-0.2
B_attacker_costs,0.1,0.1,0.1,0.15,0.8,1.0,dRI,A0,dRI:A0,-0.2
B_attacker_costs,0.1,0.1,0.1,0.15,0.85,0.0,dRD,AD,dRD:AD,-0.39602000000000004
B_attacker_costs,0.1,0.1,0.1,0.15,0.85,0.05,dRID,AD,dRID:AD,-0.49602
B_attacker_costs,0.1,0.1,0.1,0.15,0.85,0.1,dRID,AD,dRID:AD,-0.49602
B_attacker_costs,0.1,0.1,0.1,0.15,0.85,0.15,dRID,AD,dRID:AD,-0.49602
B_attacker_costs,0.1,0.1,0.1,0.15,0.85,0.2,dRID,A0,dRID:A0,-0.30000000000000004
B_attacker_costs,0.1,0.1,0.1,0.15,0.85,0.25,dRID,A0,dRID:A0,-0.30000000000000004
B_attacker_costs,0.1,0.1,0.1,0.15,0.85,0.3,dRID,A0,dRID:A0,-0.30000000000000004
B_attacker_costs,0.1,0.1,0.1,0.15,0.85,0.35,dRID,A0,dRID:A0,-0.30000000000000004
B_attacker_costs,0.1,0.1,0.1,0.15,0.85,0.4,dRID,A0,dRID:A0,-0.30000000000000004
B_attacker_costs,0.1,0.1,0.1,0.15,0.85,0.45,dRI,A0,dRI:A0,-0.2
B_attacker_costs,0.1,0.1,0.1,0.15,0.85,0.5,dRI,A0,dRI:A0,-0.2
B_attacker_costs,0.1,0.1,0.1,0.15,0.85,0.55,dRI,A0,dRI:A0,-0.2
B_attacker_costs,0.1,0.1,0.1,0.15,0.85,0.6,dRI,A0,dRI:A0,-0.2
B_attacker_costs,0.1,0.1,0.1,0.15,0.85,0.65,dRI,A0,dRI:A0,-0.2
B_attacker_costs,0.1,0.1,0.1,0.15,0.85,0.7,dRI,A0,dRI:A0,-0.2
B_attacker_costs,0.1,0.1,0.1,0.15,0.85,0.75,dRI,A0,dRI:A0,-0.2
B_attacker_costs,0.1,0.1,0.1,0.15,0.85,0.8,dRI,A0,dRI:A0,-0.2
B_attacker_costs,0.1,0.1,0.1,0.15,0.85,0.85,dRI,A0,dRI:A0,-0.2
B_attacker_costs,0.1,0.1,0.1,0.15,0.85,0.9,dRI,A0,dRI:A0,-0.2
B_attacker_costs,0.1,0.1,0.1,0.15,0.85,0.95,dRI,A0,dRI:A0,-0.2
B_attacker_costs,0.1,0.1,0.1,0.15,0.85,1.0,dRI,A0,dRI:A0,-0.2
B_attacker_costs,0.1,0.1,0.1,0.15,0.9,0.0,dRD,AD,dRD:AD,-0.39602000000000004
B_attacker_costs,0.1,0.1,0.1,0.15,0.9,0.05,dRD,AD,dRD:AD,-0.39602000000000004
B_attacker_costs,0.1,0.1,0.1,0.15,0.9,0.1,dRID,AD,dRID:AD,-0.49602
B_attacker_costs,0.1,0.1,0.1,0.15,0.9,0.15,dRID,AD,dRID:AD,-0.49602
B_attacker_costs,0.1,0.1,0.1,0.15,0.9,0.2,dRID,A0,dRID:A0,-0.30000000000000004
B_attacker_costs,0.1,0.1,0.1,0.15,0.9,0.25,dRID,A0,dRID:A0,-0.30000000000000004
B_attacker_costs,0.1,0.1,0.1,0.15,0.9,0.3,dRID,A0,dRID:A0,-0.30000000000000004
B_attacker_costs,0.1,0.1,0.1,0.15,0.9,0.35,dRID,A0,dRID:A0,-0.30000000000000004
B_attacker_costs,0.1,0.1,0.1,0.15,0.9,0.4,dRID,A0,dRID:A0,-0.30000000000000004
B_attacker_costs,0.1,0.1,0.1,0.15,0.9,0.45,dRI,A0,dRI:A0,-0.2
B_attacker_costs,0.1,0.1,0.1,0.15,0.9,0.5,dRI,A0,dRI:A0,-0.2
B_attacker_costs,0.1,0.1,0.1,0.15,0.9,0.55,dRI,A0,dRI:A0,-0.2
B_attacker_costs,0.1,0.1,0.1,0.15,0.9,0.6,dRI,A0,dRI:A0,-0.2
B_attacker_costs,0.1,0.1,0.1,0.15,0.9,0.65,dRI,A0,dRI:A0,-0.2
B_attacker_costs,0.1,0.1,0.1,0.15,0.9,0.7,dRI,A0,dRI:A0,-0.2
B_attacker_costs,0.1,0.1,0.1,0.15,0.9,0.75,dRI,A0,dRI:A0,-0.2
B_attacker_costs,0.1,0.1,0.1,0.15,0.9,0.8,dRI,A0,dRI:A0,-0.2
B_attacker_costs,0.1,0.1,0.1,0.15,0.9,0.85,dRI,A0,dRI:A0,-0.2
B_attacker_costs,0.1,0.1,0.1,0.15,0.9,0.9,dRI,A0,dRI:A0,-0.2
B_attacker_costs,0.1,0.1,0.1,0.15,0.9,0.95,dRI,A0,dRI:A0,-0.2
B_attacker_costs,0.1,0.1,0.1,0.15,0.9,1.0,dRI,A0,dRI:A0,-0.2
B_attacker_costs,0.1,0.1,0.1,0.15,0.95,0.0,dRD,AD,dRD:AD,-0.39602000000000004
B_attacker_costs,0.1,0.1,0.1,0.15,0.95,0.05,dRD,AD,dRD:AD,-0.39602000000000004
B_attacker_costs,0.1,0.1,0.1,0.15,0.95,0.1,dRD,AD,dRD:AD,-0.39602000000000004
B_attacker_costs,0.1,0.1,0.1,0.15,0.95,0.15,dRID,AD,dRID:AD,-0.49602
B_attacker_costs,0.1,0.1,0.1,0.15,0.95,0.2,dRID,A0,dRID:A0,-0.30000000000000004
B_attacker_costs,0.1,0.1,0.1,0.15,0.95,0.25,dRID,A0,dRID:A0,-0.30000000000000004
B_attacker_costs,0.1,0.1,0.1,0.15,0.95,0.3,dRID,A0,dRID:A0,-0.30000000000000004
B_attacker_costs,0.1,0.1,0.1,0.15,0.95,0.35,dRID,A0,dRID:A0,-0.30000000000000004
B_attacker_costs,0.1,0.1,0.1,0.15,0.95,0.4,dRID,A0,dRID:A0,-0.30000000000000004
B_attacker_costs,0.1,0.1,0.1,0.15,0.95,0.45,dRI,A0,dRI:A0,-0.2
B_attacker_costs,0.1,0.1,0.1,0.15,0.95,0.5,dRI,A0,dRI:A0,-0.2
B_attacker_costs,0.1,0.1,0.1,0.15,0.95,0.55,dRI,A0,dRI:A0,-0.2
B_attacker_costs,0.1,0.1,0.1,0.15,0.95,0.6,dRI,A0,dRI:A0,-0.2
B_attacker_costs,0.1,0.1,0.1,0.15,0.95,0.65,dRI,A0,dRI:A0,-0.2
B_attacker_costs,0.1,0.1,0.1,0.15,0.95,0.7,dRI,A0,dRI:A0,-0.2
B_attacker_costs,0.1,0.1,0.1,0.15,0.95,0.75,dRI,A0,dRI:A0,-0.2
B_attacker_costs,0.1,0.1,0.1,0.15,0.95,0.8,dRI,A0,dRI:A0,-0.2
B_attacker_costs,0.1,0.1,0.1,0.15,0.95,0.85,dRI,A0,dRI:A0,-0.2
B_attacker_costs,0.1,0.1,0.1,0.15,0.95,0.9,dRI,A0,dRI:A0,-0.2
B_attacker_costs,0.1,0.1,0.1,0.15,0.95,0.95,dRI,A0,dRI:A0,-0.2
B_attacker_costs,0.1,0.1,0.1,0.15,0.95,1.0,dRI,A0,dRI:A0,-0.2
B_attacker_costs,0.1,0.1,0.1,0.15,1.0,0.0,dRD,AD,dRD:AD,-0.39602000000000004
B_attacker_costs,0.1,0.1,0.1,0.15,1.0,0.05,dRD,AD,dRD:AD,-0.39602000000000004
B_attacker_costs,0.1,0.1,0.1,0.15,1.0,0.1,dRD,AD,dRD:AD,-0.39602000000000004
B_attacker_costs,0.1,0.1,0.1,0.15,1.0,0.15,dRD,AD,dRD:AD,-0.39602000000000004
B_attacker_costs,0.1,0.1,0.1,0.15,1.0,0.2,dRD,A0,dRD:A0,-0.2
B_attacker_costs,0.1,0.1,0.1,0.15,1.0,0.25,dRD,A0,dRD:A0,-0.2
B_attacker_costs,0.1,0.1,0.1,0.15,1.0,0.3,dRD,A0,dRD:A0,-0.2
B_attacker_costs,0.1,0.1,0.1,0.15,1.0,0.35,dRD,A0,dRD:A0,-0.2
B_attacker_costs,0.1,0.1,0.1,0.15,1.0,0.4,dRD,A0,dRD:A0,-0.2
B_attacker_costs,0.1,0.1,0.1,0.15,1.0,0.45,dR,A0,dR:A0,-0.1
B_attacker_costs,0.1,0.1,0.1,0.15,1.0,0.5,dR,A0,dR:A0,-0.1
B_attacker_costs,0.1,0.1,0.1,0.15,1.0,0.55,dR,A0,dR:A0,-0.1
B_attacker_costs,0.1,0.1,0.1,0.15,1.0,0.6,dR,A0,dR:A0,-0.1
B_attacker_costs,0.1,0.1,0.1,0.15,1.0,0.65,dR,A0,dR:A0,-0.1
B_attacker_costs,0.1,0.1,0.1,0.15,1.0,0.7,dR,A0,dR:A0,-0.1
B_attacker_costs,0.1,0.1,0.1,0.15,1.0,0.75,dR,A0,dR:A0,-0.1
B_attacker_costs,0.1,0.1,0.1,0.15,1.0,0.8,dR,A0,dR:A0,-0.1
B_attacker_costs,0.1,0.1,0.1,0.15,1.0,0.85,dR,A0,dR:A0,-0.1
B_attacker_costs,0.1,0.1,0.1,0.15,1.0,0.9,dR,A0,dR:A0,-0.1
B_attacker_costs,0.1,0.1,0.1,0.15,1.0,0.95,dR,A0,dR:A0,-0.1
B_attacker_costs,0.1,0.1,0.1,0.15,1.0,1.0,dR,A0,dR:A0,-0.1
B_attacker_costs,0.1,0.1,0.1,0.2,0.0,0.0,dRID,AD,dRID:AD,-0.49602
B_attacker_costs,0.1,0.1,0.1,0.2,0.0,0.05,dRID,AD,dRID:AD,-0.49602
B_attacker_costs,0.1,0.1,0.1,0.2,0.0,0.1,dRID,AD,dRID:AD,-0.49602
B_attacker_costs,0.1,0.1,0.1,0.2,0.0,0.15,dRID,AD,dRID:AD,-0.49602
B_attacker_costs,0.1,0.1,0.1,0.2,0.0,0.2,dRID,AI,dRID:AI,-0.30000000000000004
B_attacker_costs,0.1,0.1,0.1,0.2,0.0,0.25,dRID,AI,dRID:AI,-0.30000000000000004
B_attacker_costs,0.1,0.1,0.1,0.2,0.0,0.3,dRID,AI,dRID:AI,-0.30000000000000004
B_attacker_costs,0.1,0.1,0.1,0.2,0.0,0.35,dRID,AI,dRID:AI,-0.30000000000000004
B_attacker_costs,0.1,0.1,0.1,0.2,0.0,0.4,dRID,AI,dRID:AI,-0.30000000000000004
B_attacker_costs,0.1,0.1,0.1,0.2,0.0,0.45,dRI,AI,dRI:AI,-0.2
B_attacker_costs,0.1,0.1,0.1,0.2,0.0,0.5,dRI,AI,dRI:AI,-0.2
B_attacker_costs,0.1,0.1,0.1,0.2,0.0,0.55,dRI,AI,dRI:AI,-0.2
B_attacker_costs,0.1,0.1,0.1,0.2,0.0,0.6,dRI,AI,dRI:AI,-0.2
B_attacker_costs,0.1,0.1,0.1,0.2,0.0,0.65,dRI,AI,dRI:AI,-0.2
B_attacker_costs,0.1,0.1,0.1,0.2,0.0,0.7,dRI,AI,dRI:AI,-0.2
B_attacker_costs,0.1,0.1,0.1,0.2,0.0,0.75,dRI,AI,dRI:AI,-0.2
B_attacker_costs,0.1,0.1,0.1,0.2,0.0,0.8,dRI,AI,dRI:AI,-0.2
B_attacker_costs,0.1,0.1,0.1,0.2,0.0,0.85,dRI,AI,dRI:AI,-0.2
B_attacker_costs,0.1,0.1,0.1,0.2,0.0,0.9,dRI,AI,dRI:AI,-0.2
B_attacker_costs,0.1,0.1,0.1,0.2,0.0,0.95,dRI,AI,dRI:AI,-0.2
B_attacker_costs,0.1,0.1,0.1,0.2,0.0,1.0,dRI,AI,dRI:AI,-0.2
B_attacker_costs,0.1,0.1,0.1,0.2,0.05,0.0,dRID,AD,dRID:AD,-0.49602
B_attacker_costs,0.1,0.1,0.1,0.2,0.05,0.05,dRID,AD,dRID:AD,-0.49602
B_attacker_costs,0.1,0.1,0.1,0.2,0.05,0.1,dRID,AD,dRID:AD,-0.49602
B_attacker_costs,0.1,0.1,0.1,0.2,0.05,0.15,dRID,AD,dRID:AD,-0.49602
B_attacker_costs,0.1,0.1,0.1,0.2,0.05,0.2,dRID,A0,dRID:A0,-0.30000000000000004
B_attacker_costs,0.1,0.1,0.1,0.2,0.05,0.25,dRID,A0,dRID:A0,-0.30000000000000004
B_attacker_costs,0.1,0.1,0.1,0.2,0.05,0.3,dRID,A0,dRID:A0,-0.30000000000000004
B_attacker_costs,0.1,0.1,0.1,0.2,0.05,0.35,dRID,A0,dRID:A0,-0.30000000000000004
B_attacker_costs,0.1,0.1,0.1,0.2,0.05,0.4,dRID,A0,dRID:A0,-0.30000000000000004
B_attacker_costs,0.1,0.1,0.1,0.2,0.05,0.45,dRI,A0,dRI:A0,-0.2
B_attacker_costs,0.1,0.1,0.1,0.2,0.05,0.5,dRI,A0,dRI:A0,-0.2
B_attacker_costs,0.1,0.1,0.1,0.2,0.05,0.55,dRI,A0,dRI:A0,-0.2
B_attacker_costs,0.1,0.1,0.1,0.2,0.05,0.6,dRI,A0,dRI:A0,-0.2
B_attacker_costs,0.1,0.1,0.1,0.2,0.05,0.65,dRI,A0,dRI:A0,-0.2
B_attacker_costs,0.1,0.1,0.1,0.2,0.05,0.7,dRI,A0,dRI:A0,-0.2
B_attacker_costs,0.1,0.1,0.1,0.2,0.05,0.75,dRI,A0,dRI:A0,-0.2
B_attacker_costs,0.1,0.1,0.1,0.2,0.05,0.8,dRI,A0,dRI:A0,-0.2
B_attacker_costs,0.1,0.1,0.1,0.2,0.05,0.85,dRI,A0,dRI:A0,-0.2
B_attacker_costs,0.1,0.1,0.1,0.2,0.05,0.9,dRI,A0,dRI:A0,-0.2
B_attacker_costs,0.1,0.1,0.1,0.2,0.05,0.95,dRI,A0,dRI:A0,-0.2
B_attacker_costs,0.1,0.1,0.1,0.2,0.05,1.0,dRI,A0,dRI:A0,-0.2
B_attacker_costs,0.1,0.1,0.1,0.2,0.1,0.0,dRID,AD,dRID:AD,-0.49602
B_attacker_costs,0.1,0.1,0.1,0.2,0.1,0.05,dRID,AD,dRID:AD,-0.49602
B_attacker_costs,0.1,0.1,0.1,0.2,0.1,0.1,dRID,AD,dRID:AD,-0.49602
B_attacker_costs,0.1,0.1,0.1,0.2,0.1,0.15,dRID,AD,dRID:AD,-0.49602
B_attacker_costs,0.1,0.1,0.1,0.2,0.1,0.2,dRID,A0,dRID:A0,-0.30000000000000004
B_attacker_costs,0.1,0.1,0.1,0.2,0.1,0.25,dRID,A0,dRID:A0,-0.30000000000000004
B_attacker_costs,0.1,0.1,0.1,0.2,0.1,0.3,dRID,A0,dRID:A0,-0.30000000000000004
B_attacker_costs,0.1,0.1,0.1,0.2,0.1,0.35,dRID,A0,dRID:A0,-0.30000000000000004
B_attacker_costs,0.1,0.1,0.1,0.2,0.1,0.4,dRID,A0,dRID:A0,-0.30000000000000004
B_attacker_costs,0.1,0.1,0.1,0.2,0.1,0.45,dRI,A0,dRI:A0,-0.2
B_attacker_costs,0.1,0.1,0.1,0.2,0.1,0.5,dRI,A0,dRI:A0,-0.2
B_attacker_costs,0.1,0.1,0.1,0.2,0.1,0.55,dRI,A0,dRI:A0,-0.2
B_attacker_costs,0.1,0.1,0.1,0.2,0.1,0.6,dRI,A0,dRI:A0,-0.2
B_attacker_costs,0.1,0.1,0.1,0.2,0.1,0.65,dRI,A0,dRI:A0,-0.2
B_attacker_costs,0.1,0.1,0.1,0.2,0.1,0.7,dRI,A0,dRI:A0,-0.2
B_attacker_costs,0.1,0.1,0.1,0.2,0.1,0.75,dRI,A0,dRI:A0,-0.2
B_attacker_costs,0.1,0.1,0.1,0.2,0.1,0.8,dRI,A0,dRI:A0,-0.2
B_attacker_costs,0.1,0.1,0.1,0.2,0.1,0.85,dRI,A0,dRI:A0,-0.2
B_attacker_costs,0.1,0.1,0.1,0.2,0.1,0.9,dRI,A0,dRI:A0,-0.2
B_attacker_costs,0.1,0.1,0.1,0.2,0.1,0.95,dRI,A0,dRI:A0,-0.2
B_attacker_costs,0.1,0.1,0.1,0.2,0.1,1.0,dRI,A0,dRI:A0,-0.2
B_attacker_costs,0.1,0.1,0.1,0.2,0.15,0.0,dRID,AD,dRID:AD,-0.49602
B_attacker_costs,0.1,0.1,0.1,0.2,0.15,0.05,dRID,AD,dRID:AD,-0.49602
B_attacker_costs,0.1,0.1,0.1,0.2,0.15,0.1,dRID,AD,dRID:AD,-0.49602
B_attacker_costs,0.1,0.1,0.1,0.2,0.15,0.15,dRID,AD,dRID:AD,-0.49602
B_attacker_costs,0.1,0.1,0.1,0.2,0.15,0.2,dRID,A0,dRID:A0,-0.30000000000000004
B_attacker_costs,0.1,0.1,0.1,0.2,0.15,0.25,dRID,A0,dRID:A0,-0.30000000000000004
B_attacker_costs,0.1,0.1,0.1,0.2,0.15,0.3,dRID,A0,dRID:A0,-0.30000000000000004
B_attacker_costs,0.1,0.1,0.1,0.2,0.15,0.35,dRID,A0,dRID:A0,-0.30000000000000004
B_attacker_costs,0.1,0.1,0.1,0.2,0.15,0.4,dRID,A0,dRID:A0,-0.30000000000000004
B_attacker_costs,0.1,0.1,0.1,0.2,0.15,0.45,dRI,A0,dRI:A0,-0.2
B_attacker_costs,0.1,0.1,0.1,0.2,0.15,0.5,dRI,A0,dRI:A0,-0.2
B_attacker_costs,0.1,0.1,0.1,0.2,0.15,0.55,dRI,A0,dRI:A0,-0.2
B_attacker_costs,0.1,0.1,0.1,0.2,0.15,0.6,dRI,A0,dRI:A0,-0.2
B_attacker_costs,0.1,0.1,0.1,0.2,0.15,0.65,dRI,A0,dRI:A0,-0.2
B_attacker_costs,0.1,0.1,0.1,0.2,0.15,0.7,dRI,A0,dRI:A0,-0.2
B_attacker_costs,0.1,0.1,0.1,0.2,0.15,0.75,dRI,A0,dRI:A0,-0.2
B_attacker_costs,0.1,0.1,0.1,0.2,0.15,0.8,dRI,A0,dRI:A0,-0.2
B_attacker_costs,0.1,0.1,0.1,0.2,0.15,0.85,dRI,A0,dRI:A0,-0.2
B_attacker_costs,0.1,0.1,0.1,0.2,0.15,0.9,dRI,A0,dRI:A0,-0.2
B_attacker_costs,0.1,0.1,0.1,0.2,0.15,0.95,dRI,A0,dRI:A0,-0.2
B_attacker_costs,0.1,0.1,0.1,0.2,0.15,1.0,dRI,A0,dRI:A0,-0.2
B_attacker_costs,0.1,0.1,0.1,0.2,0.2,0.0,dRID,AD,dRID:AD,-0.49602
B_attacker_costs,0.1,0.1,0.1,0.2,0.2,0.05,dRID,AD,dRID:AD,-0.49602
B_attacker_costs,0.1,0.1,0.1,0.2,0.2,0.1,dRID,AD,dRID:AD,-0.49602
B_attacker_costs,0.1,0.1,0.1,0.2,0.2,0.15,dRID,AD,dRID:AD,-0.49602
B_attacker_costs,0.1,0.1,0.1,0.2,0.2,0.2,dRID,A0,dRID:A0,-0.30000000000000004
B_attacker_costs,0.1,0.1,0.1,0.2,0.2,0.25,dRID,A0,dRID:A0,-0.30000000000000004
B_attacker_costs,0.1,0.1,0.1,0.2,0.2,0.3,dRID,A0,dRID:A0,-0.30000000000000004
B_attacker_costs,0.1,0.1,0.1,0.2,0.2,0.35,dRID,A0,dRID:A0,-0.30000000000000004
B_attacker_costs,0.1,0.1,0.1,0.2,0.2,0.4,dRID,A0,dRID:A0,-0.30000000000000004
B_attacker_costs,0.1,0.1,0.1,0.2,0.2,0.45,dRI,A0,dRI:A0,-0.2
B_attacker_costs,0.1,0.1,0.1,0.2,0.2,0.5,dRI,A0,dRI:A0,-0.2
B_attacker_costs,0.1,0.1,0.1,0.2,0.2,0.55,dRI,A0,dRI:A0,-0.2
B_attacker_costs,0.1,0.1,0.1,0.2,0.2,0.6,dRI,A0,dRI:A0,-0.2
B_attacker_costs,0.1,0.1,0.1,0.2,0.2,0.65,dRI,A0,dRI:A0,-0.2
B_attacker_costs,0.1,0.1,0.1,0.2,0.2,0.7,dRI,A0,dRI:A0,-0.2
B_attacker_costs,0.1,0.1,0.1,0.2,0.2,0.75,dRI,A0,dRI:A0,-0.2
B_attacker_costs,0.1,0.1,0.1,0.2,0.2,0.8,dRI,A0,dRI:A0,-0.2
B_attacker_costs,0.1,0.1,0.1,0.2,0.2,0.85,dRI,A0,dRI:A0,-0.2
B_attacker_costs,0.1,0.1,0.1,0.2,0.2,0.9,dRI,A0,dRI:A0,-0.2
B_attacker_costs,0.1,0.1,0.1,0.2,0.2,0.95,dRI,A0,dRI:A0,-0.2
B_attacker_costs,0.1,0.1,0.1,0.2,0.2,1.0,dRI,A0,dRI:A0,-0.2
B_attacker_costs,0.1,0.1,0.1,0.2,0.25,0.0,dRID,AD,dRID:AD,-0.49602
B_attacker_costs,0.1,0.1,0.1,0.2,0.25,0.05,dRID,AD,dRID:AD,-0.49602
B_attacker_costs,0.1,0.1,0.1,0.2,0.25,0.1,dRID,AD,dRID:AD,-0.49602
B_attacker_costs,0.1,0.1,0.1,0.2,0.25,0.15,dRID,AD,dRID:AD,-0.49602
B_attacker_costs,0.1,0.1,0.1,0.2,0.25,0.2,dRID,A0,dRID:A0,-0.30000000000000004
B_attacker_costs,0.1,0.1,0.1,0.2,0.25,0.25,dRID,A0,dRID:A0,-0.30000000000000004
B_attacker_costs,0.1,0.1,0.1,0.2,0.25,0.3,dRID,A0,dRID:A0,-0.30000000000000004
B_attacker_costs,0.1,0.1,0.1,0.2,0.25,0.35,dRID,A0,dRID:A0,-0.30000000000000004
B_attacker_costs,0.1,0.1,0.1,0.2,0.25,0.4,dRID,A0,dRID:A0,-0.30000000000000004
B_attacker_costs,0.1,0.1,0.1,0.2,0.25,0.45,dRI,A0,dRI:A0,-0.2
B_attacker_costs,0.1,0.1,0.1,0.2,0.25,0.5,dRI,A0,dRI:A0,-0.2
B_attacker_costs,0.1,0.1,0.1,0.2,0.25,0.55,dRI,A0,dRI:A0,-0.2
B_attacker_costs,0.1,0.1,0.1,0.2,0.25,0.6,dRI,A0,dRI:A0,-0.2
B_attacker_costs,0.1,0.1,0.1,0.2,0.25,0.65,dRI,A0,dRI:A0,-0.2
B_attacker_costs,0.1,0.1,0.1,0.2,0.25,0.7,dRI,A0,dRI:A0,-0.2
B_attacker_costs,0.1,0.1,0.1,0.2,0.25,0.75,dRI,A0,dRI:A0,-0.2
B_attacker_costs,0.1,0.1,0.1,0.2,0.25,0.8,dRI,A0,dRI:A0,-0.2
B_attacker_costs,0.1,0.1,0.1,0.2,0.25,0.85,dRI,A0,dRI:A0,-0.2
B_attacker_costs,0.1,0.1,0.1,0.2,0.25,0.9,dRI,A0,dRI:A0,-0.2
B_attacker_costs,0.1,0.1,0.1,0.2,0.25,0.95,dRI,A0,dRI:A0,-0.2
B_attacker_costs,0.1,0.1,0.1,0.2,0.25,1.0,dRI,A0,dRI:A0,-0.2
B_attacker_costs,0.1,0.1,0.1,0.2,0.3,0.0,dRID,AD,dRID:AD,-0.49602
B_attacker_costs,0.1,0.1,0.1,0.2,0.3,0.05,dRID,AD,dRID:AD,-0.49602
B_attacker_costs,0.1,0.1,0.1,0.2,0.3,0.1,dRID,AD,dRID:AD,-0.49602
B_attacker_costs,0.1,0.1,0.1,0.2,0.3,0.15,dRID,AD,dRID:AD,-0.49602
B_attacker_costs,0.1,0.1,0.1,0.2,0.3,0.2,dRID,A0,dRID:A0,-0.30000000000000004
B_attacker_costs,0.1,0.1,0.1,0.2,0.3,0.25,dRID,A0,dRID:A0,-0.30000000000000004
B_attacker_costs,0.1,0.1,0.1,0.2,0.3,0.3,dRID,A0,dRID:A0,-0.30000000000000004
B_attacker_costs,0.1,0.1,0.1,0.2,0.3,0.35,dRID,A0,dRID:A0,-0.30000000000000004
B_attacker_costs,0.1,0.1,0.1,0.2,0.3,0.4,dRID,A0,dRID:A0,-0.30000000000000004
B_attacker_costs,0.1,0.1,0.1,0.2,0.3,0.45,dRI,A0,dRI:A0,-0.2
B_attacker_costs,0.1,0.1,0.1,0.2,0.3,0.5,dRI,A0,dRI:A0,-0.2
B_attacker_costs,0.1,0.1,0.1,0.2,0.3,0.55,dRI,A0,dRI:A0,-0.2
B_attacker_costs,0.1,0.1,0.1,0.2,0.3,0.6,dRI,A0,dRI:A0,-0.2
B_attacker_costs,0.1,0.1,0.1,0.2,0.3,0.65,dRI,A0,dRI:A0,-0.2
B_attacker_costs,0.1,0.1,0.1,0.2,0.3,0.7,dRI,A0,dRI:A0,-0.2
B_attacker_costs,0.1,0.1,0.1,0.2,0.3,0.75,dRI,A0,dRI:A0,-0.2
B_attacker_costs,0.1,0.1,0.1,0.2,0.3,0.8,dRI,A0,dRI:A0,-0.2
B_attacker_costs,0.1,0.1,0.1,0.2,0.3,0.85,dRI,A0,dRI:A0,-0.2
B_attacker_costs,0.1,0.1,0.1,0.2,0.3,0.9,dRI,A0,dRI:A0,-0.2
B_attacker_costs,0.1,0.1,0.1,0.2,0.3,0.95,dRI,A0,dRI:A0,-0.2
B_attacker_costs,0.1,0.1,0.1,0.2,0.3,1.0,dRI,A0,dRI:A0,-0.2
B_attacker_costs,0.1,0.1,0.1,0.2,0.35,0.0,dRID,AD,dRID:AD,-0.49602
B_attacker_costs,0.1,0.1,0.1,0.2,0.35,0.05,dRID,AD,dRID:AD,-0.49602
B_attacker_costs,0.1,0.1,0.1,0.2,0.35,0.1,dRID,AD,dRID:AD,-0.49602
B_attacker_costs,0.1,0.1,0.1,0.2,0.35,0.15,dRID,AD,dRID:AD,-0.49602
B_attacker_costs,0.1,0.1,0.1,0.2,0.35,0.2,dRID,A0,dRID:A0,-0.30000000000000004
B_attacker_costs,0.1,0.1,0.1,0.2,0.35,0.25,dRID,A0,dRID:A0,-0.30000000000000004
B_attacker_costs,0.1,0.1,0.1,0.2,0.35,0.3,dRID,A0,dRID:A0,-0.30000000000000004
B_attacker_costs,0.1,0.1,0.1,0.2,0.35,0.35,dRID,A0,dRID:A0,-0.30000000000000004
B_attacker_costs,0.1,0.1,0.1,0.2,0.35,0.4,dRID,A0,dRID:A0,-0.30000000000000004
B_attacker_costs,0.1,0.1,0.1,0.2,0.35,0.45,dRI,A0,dRI:A0,-0.2
B_attacker_costs,0.1,0.1,0.1,0.2,0.35,0.5,dRI,A0,dRI:A0,-0.2
B_attacker_costs,0.1,0.1,0.1,0.2,0.35,0.55,dRI,A0,dRI:A0,-0.2
B_attacker_costs,0.1,0.1,0.1,0.2,0.35,0.6,dRI,A0,dRI:A0,-0.2
B_attacker_costs,0.1,0.1,0.1,0.2,0.35,0.65,dRI,A0,dRI:A0,-0.2
B_attacker_costs,0.1,0.1,0.1,0.2,0.35,0.7,dRI,A0,dRI:A0,-0.2
B_attacker_costs,0.1,0.1,0.1,0.2,0.35,0.75,dRI,A0,dRI:A0,-0.2
B_attacker_costs,0.1,0.1,0.1,0.2,0.35,0.8,dRI,A0,dRI:A0,-0.2
B_attacker_costs,0.1,0.1,0.1,0.2,0.35,0.85,dRI,A0,dRI:A0,-0.2
B_attacker_costs,0.1,0.1,0.1,0.2,0.35,0.9,dRI,A0,dRI:A0,-0.2
B_attacker_costs,0.1,0.1,0.1,0.2,0.35,0.95,dRI,A0,dRI:A0,-0.2
B_attacker_costs,0.1,0.1,0.1,0.2,0.35,1.0,dRI,A0,dRI:A0,-0.2
B_attacker_costs,0.1,0.1,0.1,0.2,0.4,0.0,dRID,AD,dRID:AD,-0.49602
B_attacker_costs,0.1,0.1,0.1,0.2,0.4,0.05,dRID,AD,dRID:AD,-0.49602
B_attacker_costs,0.1,0.1,0.1,0.2,0.4,0.1,dRID,AD,dRID:AD,-0.49602
B_attacker_costs,0.1,0.1,0.1,0.2,0.4,0.15,dRID,AD,dRID:AD,-0.49602
B_attacker_costs,0.1,0.1,0.1,0.2,0.4,0.2,dRID,A0,dRID:A0,-0.30000000000000004
B_attacker_costs,0.1,0.1,0.1,0.2,0.4,0.25,dRID,A0,dRID:A0,-0.30000000000000004
B_attacker_costs,0.1,0.1,0.1,0.2,0.4,0.3,dRID,A0,dRID:A0,-0.30000000000000004
B_attacker_costs,0.1,0.1,0.1,0.2,0.4,0.35,dRID,A0,dRID:A0,-0.30000000000000004
B_attacker_costs,0.1,0.1,0.1,0.2,0.4,0.4,dRID,A0,dRID:A0,-0.30000000000000004
B_attacker_costs,0.1,0.1,0.1,0.2,0.4,0.45,dRI,A0,dRI:A0,-0.2
B_attacker_costs,0.1,0.1,0.1,0.2,0.4,0.5,dRI,A0,dRI:A0,-0.2
B_attacker_costs,0.1,0.1,0.1,0.2,0.4,0.55,dRI,A0,dRI:A0,-0.2
B_attacker_costs,0.1,0.1,0.1,0.2,0.4,0.6,dRI,A0,dRI:A0,-0.2
B_attacker_costs,0.1,0.1,0.1,0.2,0.4,0.65,dRI,A0,dRI:A0,-0.2
B_attacker_costs,0.1,0.1,0.1,0.2,0.4,0.7,dRI,A0,dRI:A0,-0.2
B_attacker_costs,0.1,0.1,0.1,0.2,0.4,0.75,dRI,A0,dRI:A0,-0.2
B_attacker_costs,0.1,0.1,0.1,0.2,0.4,0.8,dRI,A0,dRI:A0,-0.2
B_attacker_costs,0.1,0.1,0.1,0.2,0.4,0.85,dRI,A0,dRI:A0,-0.2
B_attacker_costs,0.1,0.1,0.1,0.2,0.4,0.9,dRI,A0,dRI:A0,-0.2
B_attacker_costs,0.1,0.1,0.1,0.2,0.4,0.95,dRI,A0,dRI:A0,-0.2
B_attacker_costs,0.1,0.1,0.1,0.2,0.4,1.0,dRI,A0,dRI:A0,-0.2
B_attacker_costs,0.1,0.1,0.1,0.2,0.45,0.0,dRID,AD,dRID:AD,-0.49602
B_attacker_costs,0.1,0.1,0.1,0.2,0.45,0.05,dRID,AD,dRID:AD,-0.49602
B_attacker_costs,0.1,0.1,0.1,0.2,0.45,0.1,dRID,AD,dRID:AD,-0.49602
B_attacker_costs,0.1,0.1,0.1,0.2,0.45,0.15,dRID,AD,dRID:AD,-0.49602
B_attacker_costs,0.1,0.1,0.1,0.2,0.45,0.2,dRID,A0,dRID:A0,-0.30000000000000004
B_attacker_costs,0.1,0.1,0.1,0.2,0.45,0.25,dRID,A0,dRID:A0,-0.30000000000000004
B_attacker_costs,0.1,0.1,0.1,0.2,0.45,0.3,dRID,A0,dRID:A0,-0.30000000000000004
B_attacker_costs,0.1,0.1,0.1,0.2,0.45,0.35,dRID,A0,dRID:A0,-0.30000000000000004
B_attacker_costs,0.1,0.1,0.1,0.2,0.45,0.4,dRID,A0,dRID:A0,-0.30000000000000004
B_attacker_costs,0.1,0.1,0.1,0.2,0.45,0.45,dRI,A0,dRI:A0,-0.2
B_attacker_costs,0.1,0.1,0.1,0.2,0.45,0.5,dRI,A0,dRI:A0,-0.2
B_attacker_costs,0.1,0.1,0.1,0.2,0.45,0.55,dRI,A0,dRI:A0,-0.2
B_attacker_costs,0.1,0.1,0.1,0.2,0.45,0.6,dRI,A0,dRI:A0,-0.2
B_attacker_costs,0.1,0.1,0.1,0.2,0.45,0.65,dRI,A0,dRI:A0,-0.2
B_attacker_costs,0.1,0.1,0.1,0.2,0.45,0.7,dRI,A0,dRI:A0,-0.2
B_attacker_costs,0.1,0.1,0.1,0.2,0.45,0.75,dRI,A0,dRI:A0,-0.2
B_attacker_costs,0.1,0.1,0.1,0.2,0.45,0.8,dRI,A0,dRI:A0,-0.2
B_attacker_costs,0.1,0.1,0.1,0.2,0.45,0.85,dRI,A0,dRI:A0,-0.2
B_attacker_costs,0.1,0.1,0.1,0.2,0.45,0.9,dRI,A0,dRI:A0,-0.2
B_attacker_costs,0.1,0.1,0.1,0.2,0.45,0.95,dRI,A0,dRI:A0,-0.2
B_attacker_costs,0.1,0.1,0.1,0.2,0.45,1.0,dRI,A0,dRI:A0,-0.2
B_attacker_costs,0.1,0.1,0.1,0.2,0.5,0.0,dRID,AD,dRID:AD,-0.49602
B_attacker_costs,0.1,0.1,0.1,0.2,0.5,0.05,dRID,AD,dRID:AD,-0.49602
B_attacker_costs,0.1,0.1,0.1,0.2,0.5,0.1,dRID,AD,dRID:AD,-0.49602
B_attacker_costs,0.1,0.1,0.1,0.2,0.5,0.15,dRID,AD,dRID:AD,-0.49602
B_attacker_costs,0.1,0.1,0.1,0.2,0.5,0.2,dRID,A0,dRID:A0,-0.30000000000000004
B_attacker_costs,0.1,0.1,0.1,0.2,0.5,0.25,dRID,A0,dRID:A0,-0.30000000000000004
B_attacker_costs,0.1,0.1,0.1,0.2,0.5,0.3,dRID,A0,dRID:A0,-0.30000000000000004
B_attacker_costs,0.1,0.1,0.1,0.2,0.5,0.35,dRID,A0,dRID:A0,-0.30000000000000004
B_attacker_costs,0.1,0.1,0.1,0.2,0.5,0.4,dRID,A0,dRID:A0,-0.30000000000000004
B_attacker_costs,0.1,0.1,0.1,0.2,0.5,0.45,dRI,A0,dRI:A0,-0.2
B_attacker_costs,0.1,0.1,0.1,0.2,0.5,0.5,dRI,A0,dRI:A0,-0.2
B_attacker_costs,0.1,0.1,0.1,0.2,0.5,0.55,dRI,A0,dRI:A0,-0.2
B_attacker_costs,0.1,0.1,0.1,0.2,0.5,0.6,dRI,A0,dRI:A0,-0.2
B_attacker_costs,0.1,0.1,0.1,0.2,0.5,0.65,dRI,A0,dRI:A0,-0.2
B_attacker_costs,0.1,0.1,0.1,0.2,0.5,0.7,dRI,A0,dRI:A0,-0.2
B_attacker_costs,0.1,0.1,0.1,0.2,0.5,0.75,dRI,A0,dRI:A0,-0.2
B_attacker_costs,0.1,0.1,0.1,0.2,0.5,0.8,dRI,A0,dRI:A0,-0.2
B_attacker_costs,0.1,0.1,0.1,0.2,0.5,0.85,dRI,A0,dRI:A0,-0.2
B_attacker_costs,0.1,0.1,0.1,0.2,0.5,0.9,dRI,A0,dRI:A0,-0.2
B_attacker_costs,0.1,0.1,0.1,0.2,0.5,0.95,dRI,A0,dRI:A0,-0.2
B_attacker_costs,0.1,0.1,0.1,0.2,0.5,1.0,dRI,A0,dRI:A0,-0.2
B_attacker_costs,0.1,0.1,0.1,0.2,0.55,0.0,dRID,AD,dRID:AD,-0.49602
B_attacker_costs,0.1,0.1,0.1,0.2,0.55,0.05,dRID,AD,dRID:AD,-0.49602
B_attacker_costs,0.1,0.1,0.1,0.2,0.55,0.1,dRID,AD,dRID:AD,-0.49602
B_attacker_costs,0.1,0.1,0.1,0.2,0.55,0.15,dRID,AD,dRID:AD,-0.49602
B_attacker_costs,0.1,0.1,0.1,0.2,0.55,0.2,dRID,A0,dRID:A0,-0.30000000000000004
B_attacker_costs,0.1,0.1,0.1,0.2,0.55,0.25,dRID,A0,dRID:A0,-0.30000000000000004
B_attacker_costs,0.1,0.1,0.1,0.2,0.55,0.3,dRID,A0,dRID:A0,-0.30000000000000004
B_attacker_costs,0.1,0.1,0.1,0.2,0.55,0.35,dRID,A0,dRID:A0,-0.30000000000000004
B_attacker_costs,0.1,0.1,0.1,0.2,0.55,0.4,dRID,A0,dRID:A0,-0.30000000000000004
B_attacker_costs,0.1,0.1,0.1,0.2,0.55,0.45,dRI,A0,dRI:A0,-0.2
B_attacker_costs,0.1,0.1,0.1,0.2,0.55,0.5,dRI,A0,dRI:A0,-0.2
B_attacker_costs,0.1,0.1,0.1,0.2,0.55,0.55,dRI,A0,dRI:A0,-0.2
B_attacker_costs,0.1,0.1,0.1,0.2,0.55,0.6,dRI,A0,dRI:A0,-0.2
B_attacker_costs,0.1,0.1,0.1,0.2,0.55,0.65,dRI,A0,dRI:A0,-0.2
B_attacker_costs,0.1,0.1,0.1,0.2,0.55,0.7,dRI,A0,dRI:A0,-0.2
B_attacker_costs,0.1,0.1,0.1,0.2,0.55,0.75,dRI,A0,dRI:A0,-0.2
B_attacker_costs,0.1,0.1,0.1,0.2,0.55,0.8,dRI,A0,dRI:A0,-0.2
B_attacker_costs,0.1,0.1,0.1,0.2,0.55,0.85,dRI,A0,dRI:A0,-0.2
B_attacker_costs,0.1,0.1,0.1,0.2,0.55,0.9,dRI,A0,dRI:A0,-0.2
B_attacker_costs,0.1,0.1,0.1,0.2,0.55,0.95,dRI,A0,dRI:A0,-0.2
B_attacker_costs,0.1,0.1,0.1,0.2,0.55,1.0,dRI,A0,dRI:A0,-0.2
B_attacker_costs,0.1,0.1,0.1,0.2,0.6,0.0,dRID,AD,dRID:AD,-0.49602
B_attacker_costs,0.1,0.1,0.1,0.2,0.6,0.05,dRID,AD,dRID:AD,-0.49602
B_attacker_costs,0.1,0.1,0.1,0.2,0.6,0.1,dRID,AD,dRID:AD,-0.49602
B_attacker_costs,0.1,0.1,0.1,0.2,0.6,0.15,dRID,AD,dRID:AD,-0.49602
B_attacker_costs,0.1,0.1,0.1,0.2,0.6,0.2,dRID,A0,dRID:A0,-0.30000000000000004
B_attacker_costs,0.1,0.1,0.1,0.2,0.6,0.25,dRID,A0,dRID:A0,-0.30000000000000004
B_attacker_costs,0.1,0.1,0.1,0.2,0.6,0.3,dRID,A0,dRID:A0,-0.30000000000000004
B_attacker_costs,0.1,0.1,0.1,0.2,0.6,0.35,dRID,A0,dRID:A0,-0.30000000000000004
B_attacker_costs,0.1,0.1,0.1,0.2,0.6,0.4,dRID,A0,dRID:A0,-0.30000000000000004
B_attacker_costs,0.1,0.1,0.1,0.2,0.6,0.45,dRI,A0,dRI:A0,-0.2
B_attacker_costs,0.1,0.1,0.1,0.2,0.6,0.5,dRI,A0,dRI:A0,-0.2
B_attacker_costs,0.1,0.1,0.1,0.2,0.6,0.55,dRI,A0,dRI:A0,-0.2
B_attacker_costs,0.1,0.1,0.1,0.2,0.6,0.6,dRI,A0,dRI:A0,-0.2
B_attacker_costs,0.1,0.1,0.1,0.2,0.6,0.65,dRI,A0,dRI:A0,-0.2
B_attacker_costs,0.1,0.1,0.1,0.2,0.6,0.7,dRI,A0,dRI:A0,-0.2
B_attacker_costs,0.1,0.1,0.1,0.2,0.6,0.75,dRI,A0,dRI:A0,-0.2
B_attacker_costs,0.1,0.1,0.1,0.2,0.6,0.8,dRI,A0,dRI:A0,-0.2
B_attacker_costs,0.1,0.1,0.1,0.2,0.6,0.85,dRI,A0,dRI:A0,-0.2
B_attacker_costs,0.1,0.1,0.1,0.2,0.6,0.9,dRI,A0,dRI:A0,-0.2
B_attacker_costs,0.1,0.1,0.1,0.2,0.6,0.95,dRI,A0,dRI:A0,-0.2
B_attacker_costs,0.1,0.1,0.1,0.2,0.6,1.0,dRI,A0,dRI:A0,-0.2
B_attacker_costs,0.1,0.1,0.1,0.2,0.65,0.0,dRID,AD,dRID:AD,-0.49602
B_attacker_costs,0.1,0.1,0.1,0.2,0.65,0.05,dRID,AD,dRID:AD,-0.49602
B_attacker_costs,0.1,0.1,0.1,0.2,0.65,0.1,dRID,AD,dRID:AD,-0.49602
B_attacker_costs,0.1,0.1,0.1,0.2,0.65,0.15,dRID,AD,dRID:AD,-0.49602
B_attacker_costs,0.1,0.1,0.1,0.2,0.65,0.2,dRID,A0,dRID:A0,-0.30000000000000004
B_attacker_costs,0.1,0.1,0.1,0.2,0.65,0.25,dRID,A0,dRID:A0,-0.30000000000000004
B_attacker_costs,0.1,0.1,0.1,0.2,0.65,0.3,dRID,A0,dRID:A0,-0.30000000000000004
B_attacker_costs,0.1,0.1,0.1,0.2,0.65,0.35,dRID,A0,dRID:A0,-0.30000000000000004
B_attacker_costs,0.1,0.1,0.1,0.2,0.65,0.4,dRID,A0,dRID:A0,-0.30000000000000004
B_attacker_costs,0.1,0.1,0.1,0.2,0.65,0.45,dRI,A0,dRI:A0,-0.2
B_attacker_costs,0.1,0.1,0.1,0.2,0.65,0.5,dRI,A0,dRI:A0,-0.2
B_attacker_costs,0.1,0.1,0.1,0.2,0.65,0.55,dRI,A0,dRI:A0,-0.2
B_attacker_costs,0.1,0.1,0.1,0.2,0.65,0.6,dRI,A0,dRI:A0,-0.2
B_attacker_costs,0.1,0.1,0.1,0.2,0.65,0.65,dRI,A0,dRI:A0,-0.2
B_attacker_costs,0.1,0.1,0.1,0.2,0.65,0.7,dRI,A0,dRI:A0,-0.2
B_attacker_costs,0.1,0.1,0.1,0.2,0.65,0.75,dRI,A0,dRI:A0,-0.2
B_attacker_costs,0.1,0.1,0.1,0.2,0.65,0.8,dRI,A0,dRI:A0,-0.2
B_attacker_costs,0.1,0.1,0.1,0.2,0.65,0.85,dRI,A0,dRI:A0,-0.2
B_attacker_costs,0.1,0.1,0.1,0.2,0.65,0.9,dRI,A0,dRI:A0,-0.2
B_attacker_costs,0.1,0.1,0.1,0.2,0.65,0.95,dRI,A0,dRI:A0,-0.2
B_attacker_costs,0.1,0.1,0.1,0.2,0.65,1.0,dRI,A0,dRI:A0,-0.2
B_attacker_costs,0.1,0.1,0.1,0.2,0.7,0.0,dRID,AD,dRID:AD,-0.49602
B_attacker_costs,0.1,0.1,0.1,0.2,0.7,0.05,dRID,AD,dRID:AD,-0.49602
B_attacker_costs,0.1,0.1,0.1,0.2,0.7,0.1,dRID,AD,dRID:AD,-0.49602
B_attacker_costs,0.1,0.1,0.1,0.2,0.7,0.15,dRID,AD,dRID:AD,-0.49602
B_attacker_costs,0.1,0.1,0.1,0.2,0.7,0.2,dRID,A0,dRID:A0,-0.30000000000000004
B_attacker_costs,0.1,0.1,0.1,0.2,0.7,0.25,dRID,A0,dRID:A0,-0.30000000000000004
B_attacker_costs,0.1,0.1,0.1,0.2,0.7,0.3,dRID,A0,dRID:A0,-0.30000000000000004
B_attacker_costs,0.1,0.1,0.1,0.2,0.7,0.35,dRID,A0,dRID:A0,-0.30000000000000004
B_attacker_costs,0.1,0.1,0.1,0.2,0.7,0.4,dRID,A0,dRID:A0,-0.30000000000000004
B_attacker_costs,0.1,0.1,0.1,0.2,0.7,0.45,dRI,A0,dRI:A0,-0.2
B_attacker_costs,0.1,0.1,0.1,0.2,0.7,0.5,dRI,A0,dRI:A0,-0.2
B_attacker_costs,0.1,0.1,0.1,0.2,0.7,0.55,dRI,A0,dRI:A0,-0.2
B_attacker_costs,0.1,0.1,0.1,0.2,0.7,0.6,dRI,A0,dRI:A0,-0.2
B_attacker_costs,0.1,0.1,0.1,0.2,0.7,0.65,dRI,A0,dRI:A0,-0.2
B_attacker_costs,0.1,0.1,0.1,0.2,0.7,0.7,dRI,A0,dRI:A0,-0.2
B_attacker_costs,0.1,0.1,0.1,0.2,0.7,0.75,dRI,A0,dRI:A0,-0.2
B_attacker_costs,0.1,0.1,0.1,0.2,0.7,0.8,dRI,A0,dRI:A0,-0.2
B_attacker_costs,0.1,0.1,0.1,0.2,0.7,0.85,dRI,A0,dRI:A0,-0.2
B_attacker_costs,0.1,0.1,0.1,0.2,0.7,0.9,dRI,A0,dRI:A0,-0.2
B_attacker_costs,0.1,0.1,0.1,0.2,0.7,0.95,dRI,A0,dRI:A0,-0.2
B_attacker_costs,0.1,0.1,0.1,0.2,0.7,1.0,dRI,A0,dRI:A0,-0.2
B_attacker_costs,0.1,0.1,0.1,0.2,0.75,0.0,dRID,AD,dRID:AD,-0.49602
B_attacker_costs,0.1,0.1,0.1,0.2,0.75,0.05,dRID,AD,dRID:AD,-0.49602
B_attacker_costs,0.1,0.1,0.1,0.2,0.75,0.1,dRID,AD,dRID:AD,-0.49602
B_attacker_costs,0.1,0.1,0.1,0.2,0.75,0.15,dRID,AD,dRID:AD,-0.49602
B_attacker_costs,0.1,0.1,0.1,0.2,0.75,0.2,dRID,A0,dRID:A0,-0.30000000000000004
B_attacker_costs,0.1,0.1,0.1,0.2,0.75,0.25,dRID,A0,dRID:A0,-0.30000000000000004
B_attacker_costs,0.1,0.1,0.1,0.2,0.75,0.3,dRID,A0,dRID:A0,-0.30000000000000004
B_attacker_costs,0.1,0.1,0.1,0.2,0.75,0.35,dRID,A0,dRID:A0,-0.30000000000000004
B_attacker_costs,0.1,0.1,0.1,0.2,0.75,0.4,dRID,A0,dRID:A0,-0.30000000000000004
B_attacker_costs,0.1,0.1,0.1,0.2,0.75,0.45,dRI,A0,dRI:A0,-0.2
B_attacker_costs,0.1,0.1,0.1,0.2,0.75,0.5,dRI,A0,dRI:A0,-0.2
B_attacker_costs,0.1,0.1,0.1,0.2,0.75,0.55,dRI,A0,dRI:A0,-0.2
B_attacker_costs,0.1,0.1,0.1,0.2,0.75,0.6,dRI,A0,dRI:A0,-0.2
B_attacker_costs,0.1,0.1,0.1,0.2,0.75,0.65,dRI,A0,dRI:A0,-0.2
B_attacker_costs,0.1,0.1,0.1,0.2,0.75,0.7,dRI,A0,dRI:A0,-0.2
B_attacker_costs,0.1,0.1,0.1,0.2,0.75,0.75,dRI,A0,dRI:A0,-0.2
B_attacker_costs,0.1,0.1,0.1,0.2,0.75,0.8,dRI,A0,dRI:A0,-0.2
B_attacker_costs,0.1,0.1,0.1,0.2,0.75,0.85,dRI,A0,dRI:A0,-0.2
B_attacker_costs,0.1,0.1,0.1,0.2,0.75,0.9,dRI,A0,dRI:A0,-0.2
B_attacker_costs,0.1,0.1,0.1,0.2,0.75,0.95,dRI,A0,dRI:A0,-0.2
B_attacker_costs,0.1,0.1,0.1,0.2,0.75,1.0,dRI,A0,dRI:A0,-0.2
B_attacker_costs,0.1,0.1,0.1,0.2,0.8,0.0,dRID,AD,dRID:AD,-0.49602
B_attacker_costs,0.1,0.1,0.1,0.2,0.8,0.05,dRID,AD,dRID:AD,-0.49602
B_attacker_costs,0.1,0.1,0.1,0.2,0.8,0.1,dRID,AD,dRID:AD,-0.49602
B_attacker_costs,0.1,0.1,0.1,0.2,0.8,0.15,dRID,AD,dRID:AD,-0.49602
B_attacker_costs,0.1,0.1,0.1,0.2,0.8,0.2,dRID,A0,dRID:A0,-0.30000000000000004
B_attacker_costs,0.1,0.1,0.1,0.2,0.8,0.25,dRID,A0,dRID:A0,-0.30000000000000004
B_attacker_costs,0.1,0.1,0.1,0.2,0.8,0.3,dRID,A0,dRID:A0,-0.30000000000000004
B_attacker_costs,0.1,0.1,0.1,0.2,0.8,0.35,dRID,A0,dRID:A0,-0.30000000000000004
B_attacker_costs,0.1,0.1,0.1,0.2,0.8,0.4,dRID,A0,dRID:A0,-0.30000000000000004
B_attacker_costs,0.1,0.1,0.1,0.2,0.8,0.45,dRI,A0,dRI:A0,-0.2
B_attacker_costs,0.1,0.1,0.1,0.2,0.8,0.5,dRI,A0,dRI:A0,-0.2
B_attacker_costs,0.1,0.1,0.1,0.2,0.8,0.55,dRI,A0,dRI:A0,-0.2
B_attacker_costs,0.1,0.1,0.1,0.2,0.8,0.6,dRI,A0,dRI:A0,-0.2
B_attacker_costs,0.1,0.1,0.1,0.2,0.8,0.65,dRI,A0,dRI:A0,-0.2
B_attacker_costs,0.1,0.1,0.1,0.2,0.8,0.7,dRI,A0,dRI:A0,-0.2
B_attacker_costs,0.1,0.1,0.1,0.2,0.8,0.75,dRI,A0,dRI:A0,-0.2
B_attacker_costs,0.1,0.1,0.1,0.2,0.8,0.8,dRI,A0,dRI:A0,-0.2
B_attacker_costs,0.1,0.1,0.1,0.2,0.8,0.85,dRI,A0,dRI:A0,-0.2
B_attacker_costs,0.1,0.1,0.1,0.2,0.8,0.9,dRI,A0,dRI:A0,-0.2
B_attacker_costs,0.1,0.1,0.1,0.2,0.8,0.95,dRI,A0,dRI:A0,-0.2
B_attacker_costs,0.1,0.1,0.1,0.2,0.8,1.0,dRI,A0,dRI:A0,-0.2
B_attacker_costs,0.1,0.1,0.1,0.2,0.85,0.0,dRD,AD,dRD:AD,-0.39602000000000004
B_attacker_costs,0.1,0.1,0.1,0.2,0.85,0.05,dRID,AD,dRID:AD,-0.49602
B_attacker_costs,0.1,0.1,0.1,0.2,0.85,0.1,dRID,AD,dRID:AD,-0.49602
B_attacker_costs,0.1,0.1,0.1,0.2,0.85,0.15,dRID,AD,dRID:AD,-0.49602
B_attacker_costs,0.1,0.1,0.1,0.2,0.85,0.2,dRID,A0,dRID:A0,-0.30000000000000004
B_attacker_costs,0.1,0.1,0.1,0.2,0.85,0.25,dRID,A0,dRID:A0,-0.30000000000000004
B_attacker_costs,0.1,0.1,0.1,0.2,0.85,0.3,dRID,A0,dRID:A0,-0.30000000000000004
B_attacker_costs,0.1,0.1,0.1,0.2,0.85,0.35,dRID,A0,dRID:A0,-0.30000000000000004
B_attacker_costs,0.1,0.1,0.1,0.2,0.85,0.4,dRID,A0,dRID:A0,-0.30000000000000004
B_attacker_costs,0.1,0.1,0.1,0.2,0.85,0.45,dRI,A0,dRI:A0,-0.2
B_attacker_costs,0.1,0.1,0.1,0.2,0.85,0.5,dRI,A0,dRI:A0,-0.2
B_attacker_costs,0.1,0.1,0.1,0.2,0.85,0.55,dRI,A0,dRI:A0,-0.2
B_attacker_costs,0.1,0.1,0.1,0.2,0.85,0.6,dRI,A0,dRI:A0,-0.2
B_attacker_costs,0.1,0.1,0.1,0.2,0.85,0.65,dRI,A0,dRI:A0,-0.2
B_attacker_costs,0.1,0.1,0.1,0.2,0.85,0.7,dRI,A0,dRI:A0,-0.2
B_attacker_costs,0.1,0.1,0.1,0.2,0.85,0.75,dRI,A0,dRI:A0,-0.2
B_attacker_costs,0.1,0.1,0.1,0.2,0.85,0.8,dRI,A0,dRI:A0,-0.2
B_attacker_costs,0.1,0.1,0.1,0.2,0.85,0.85,dRI,A0,dRI:A0,-0.2
B_attacker_costs,0.1,0.1,0.1,0.2,0.85,0.9,dRI,A0,dRI:A0,-0.2
B_attacker_costs,0.1,0.1,0.1,0.2,0.85,0.95,dRI,A0,dRI:A0,-0.2
B_attacker_costs,0.1,0.1,0.1,0.2,0.85,1.0,dRI,A0,dRI:A0,-0.2
B_attacker_costs,0.1,0.1,0.1,0.2,0.9,0.0,dRD,AD,dRD:AD,-0.39602000000000004
B_attacker_costs,0.1,0.1,0.1,0.2,0.9,0.05,dRD,AD,dRD:AD,-0.39602000000000004
B_attacker_costs,0.1,0.1,0.1,0.2,0.9,0.1,dRID,AD,dRID:AD,-0.49602
B_attacker_costs,0.1,0.1,0.1,0.2,0.9,0.15,dRID,AD,dRID:AD,-0.49602
B_attacker_costs,0.1,0.1,0.1,0.2,0.9,0.2,dRID,A0,dRID:A0,-0.30000000000000004
B_attacker_costs,0.1,0.1,0.1,0.2,0.9,0.25,dRID,A0,dRID:A0,-0.30000000000000004
B_attacker_costs,0.1,0.1,0.1,0.2,0.9,0.3,dRID,A0,dRID:A0,-0.30000000000000004
B_attacker_costs,0.1,0.1,0.1,0.2,0.9,0.35,dRID,A0,dRID:A0,-0.30000000000000004
B_attacker_costs,0.1,0.1,0.1,0.2,0.9,0.4,dRID,A0,dRID:A0,-0.30000000000000004
B_attacker_costs,0.1,0.1,0.1,0.2,0.9,0.45,dRI,A0,dRI:A0,-0.2
B_attacker_costs,0.1,0.1,0.1,0.2,0.9,0.5,dRI,A0,dRI:A0,-0.2
B_attacker_costs,0.1,0.1,0.1,0.2,0.9,0.55,dRI,A0,dRI:A0,-0.2
B_attacker_costs,0.1,0.1,0.1,0.2,0.9,0.6,dRI,A0,dRI:A0,-0.2
B_attacker_costs,0.1,0.1,0.1,0.2,0.9,0.65,dRI,A0,dRI:A0,-0.2
B_attacker_costs,0.1,0.1,0.1,0.2,0.9,0.7,dRI,A0,dRI:A0,-0.2
B_attacker_costs,0.1,0.1,0.1,0.2,0.9,0.75,dRI,A0,dRI:A0,-0.2
B_attacker_costs,0.1,0.1,0.1,0.2,0.9,0.8,dRI,A0,dRI:A0,-0.2
B_attacker_costs,0.1,0.1,0.1,0.2,0.9,0.85,dRI,A0,dRI:A0,-0.2
B_attacker_costs,0.1,0.1,0.1,0.2,0.9,0.9,dRI,A0,dRI:A0,-0.2
B_attacker_costs,0.1,0.1,0.1,0.2,0.9,0.95,dRI,A0,dRI:A0,-0.2
B_attacker_costs,0.1,0.1,0.1,0.2,0.9,1.0,dRI,A0,dRI:A0,-0.2
B_attacker_costs,0.1,0.1,0.1,0.2,0.95,0.0,dRD,AD,dRD:AD,-0.39602000000000004
B_attacker_costs,0.1,0.1,0.1,0.2,0.95,0.05,dRD,AD,dRD:AD,-0.39602000000000004
B_attacker_costs,0.1,0.1,0.1,0.2,0.95,0.1,dRD,AD,dRD:AD,-0.39602000000000004
B_attacker_costs,0.1,0.1,0.1,0.2,0.95,0.15,dRID,AD,dRID:AD,-0.49602
B_attacker_costs,0.1,0.1,0.1,0.2,0.95,0.2,dRID,A0,dRID:A0,-0.30000000000000004
B_attacker_costs,0.1,0.1,0.1,0.2,0.95,0.25,dRID,A0,dRID:A0,-0.30000000000000004
B_attacker_costs,0.1,0.1,0.1,0.2,0.95,0.3,dRID,A0,dRID:A0,-0.30000000000000004
B_attacker_costs,0.1,0.1,0.1,0.2,0.95,0.35,dRID,A0,dRID:A0,-0.30000000000000004
B_attacker_costs,0.1,0.1,0.1,0.2,0.95,0.4,dRID,A0,dRID:A0,-0.30000000000000004
B_attacker_costs,0.1,0.1,0.1,0.2,0.95,0.45,dRI,A0,dRI:A0,-0.2
B_attacker_costs,0.1,0.1,0.1,0.2,0.95,0.5,dRI,A0,dRI:A0,-0.2
B_attacker_costs,0.1,0.1,0.1,0.2,0.95,0.55,dRI,A0,dRI:A0,-0.2
B_attacker_costs,0.1,0.1,0.1,0.2,0.95,0.6,dRI,A0,dRI:A0,-0.2
B_attacker_costs,0.1,0.1,0.1,0.2,0.95,0.65,dRI,A0,dRI:A0,-0.2
B_attacker_costs,0.1,0.1,0.1,0.2,0.95,0.7,dRI,A0,dRI:A0,-0.2
B_attacker_costs,0.1,0.1,0.1,0.2,0.95,0.75,dRI,A0,dRI:A0,-0.2
B_attacker_costs,0.1,0.1,0.1,0.2,0.95,0.8,dRI,A0,dRI:A0,-0.2
B_attacker_costs,0.1,0.1,0.1,0.2,0.95,0.85,dRI,A0,dRI:A0,-0.2
B_attacker_costs,0.1,0.1,0.1,0.2,0.95,0.9,dRI,A0,dRI:A0,-0.2
B_attacker_costs,0.1,0.1,0.1,0.2,0.95,0.95,dRI,A0,dRI:A0,-0.2
B_attacker_costs,0.1,0.1,0.1,0.2,0.95,1.0,dRI,A0,dRI:A0,-0.2
B_attacker_costs,0.1,0.1,0.1,0.2,1.0,0.0,dRD,AD,dRD:AD,-0.39602000000000004
B_attacker_costs,0.1,0.1,0.1,0.2,1.0,0.05,dRD,AD,dRD:AD,-0.39602000000000004
B_attacker_costs,0.1,0.1,0.1,0.2,1.0,0.1,dRD,AD,dRD:AD,-0.39602000000000004
B_attacker_costs,0.1,0.1,0.1,0.2,1.0,0.15,dRD,AD,dRD:AD,-0.39602000000000004
B_attacker_costs,0.1,0.1,0.1,0.2,1.0,0.2,dRD,A0,dRD:A0,-0.2
B_attacker_costs,0.1,0.1,0.1,0.2,1.0,0.25,dRD,A0,dRD:A0,-0.2
B_attacker_costs,0.1,0.1,0.1,0.2,1.0,0.3,dRD,A0,dRD:A0,-0.2
B_attacker_costs,0.1,0.1,0.1,0.2,1.0,0.35,dRD,A0,dRD:A0,-0.2
B_attacker_costs,0.1,0.1,0.1,0.2,1.0,0.4,dRD,A0,dRD:A0,-0.2
B_attacker_costs,0.1,0.1,0.1,0.2,1.0,0.45,dR,A0,dR:A0,-0.1
B_attacker_costs,0.1,0.1,0.1,0.2,1.0,0.5,dR,A0,dR:A0,-0.1
B_attacker_costs,0.1,0.1,0.1,0.2,1.0,0.55,dR,A0,dR:A0,-0.1
B_attacker_costs,0.1,0.1,0.1,0.2,1.0,0.6,dR,A0,dR:A0,-0.1
B_attacker_costs,0.1,0.1,0.1,0.2,1.0,0.65,dR,A0,dR:A0,-0.1
B_attacker_costs,0.1,0.1,0.1,0.2,1.0,0.7,dR,A0,dR:A0,-0.1
B_attacker_costs,0.1,0.1,0.1,0.2,1.0,0.75,dR,A0,dR:A0,-0.1
B_attacker_costs,0.1,0.1,0.1,0.2,1.0,0.8,dR,A0,dR:A0,-0.1
B_attacker_costs,0.1,0.1,0.1,0.2,1.0,0.85,dR,A0,dR:A0,-0.1
B_attacker_costs,0.1,0.1,0.1,0.2,1.0,0.9,dR,A0,dR:A0,-0.1
B_attacker_costs,0.1,0.1,0.1,0.2,1.0,0.95,dR,A0,dR:A0,-0.1
B_attacker_costs,0.1,0.1,0.1,0.2,1.0,1.0,dR,A0,dR:A0,-0.1
B_attacker_costs,0.1,0.1,0.1,0.25,0.0,0.0,dRID,AD,dRID:AD,-0.49602
B_attacker_costs,0.1,0.1,0.1,0.25,0.0,0.05,dRID,AD,dRID:AD,-0.49602
B_attacker_costs,0.1,0.1,0.1,0.25,0.0,0.1,dRID,AD,dRID:AD,-0.49602
B_attacker_costs,0.1,0.1,0.1,0.25,0.0,0.15,dRID,AD,dRID:AD,-0.49602
B_attacker_costs,0.1,0.1,0.1,0.25,0.0,0.2,dRID,AI,dRID:AI,-0.30000000000000004
B_attacker_costs,0.1,0.1,0.1,0.25,0.0,0.25,dRID,AI,dRID:AI,-0.30000000000000004
B_attacker_costs,0.1,0.1,0.1,0.25,0.0,0.3,dRID,AI,dRID:AI,-0.30000000000000004
B_attacker_costs,0.1,0.1,0.1,0.25,0.0,0.35,dRID,AI,dRID:AI,-0.30000000000000004
B_attacker_costs,0.1,0.1,0.1,0.25,0.0,0.4,dRID,AI,dRID:AI,-0.30000000000000004
B_attacker_costs,0.1,0.1,0.1,0.25,0.0,0.45,dRI,AI,dRI:AI,-0.2
B_attacker_costs,0.1,0.1,0.1,0.25,0.0,0.5,dRI,AI,dRI:AI,-0.2
B_attacker_costs,0.1,0.1,0.1,0.25,0.0,0.55,dRI,AI,dRI:AI,-0.2
B_attacker_costs,0.1,0.1,0.1,0.25,0.0,0.6,dRI,AI,dRI:AI,-0.2
B_attacker_costs,0.1,0.1,0.1,0.25,0.0,0.65,dRI,AI,dRI:AI,-0.2
B_attacker_costs,0.1,0.1,0.1,0.25,0.0,0.7,dRI,AI,dRI:AI,-0.2
B_attacker_costs,0.1,0.1,0.1,0.25,0.0,0.75,dRI,AI,dRI:AI,-0.2
B_attacker_costs,0.1,0.1,0.1,0.25,0.0,0.8,dRI,AI,dRI:AI,-0.2
B_attacker_costs,0.1,0.1,0.1,0.25,0.0,0.85,dRI,AI,dRI:AI,-0.2
B_attacker_costs,0.1,0.1,0.1,0.25,0.0,0.9,dRI,AI,dRI:AI,-0.2
B_attacker_costs,0.1,0.1,0.1,0.25,0.0,0.95,dRI,AI,dRI:AI,-0.2
B_attacker_costs,0.1,0.1,0.1,0.25,0.0,1.0,dRI,AI,dRI:AI,-0.2
B_attacker_costs,0.1,0.1,0.1,0.25,0.05,0.0,dRID,AD,dRID:AD,-0.49602
B_attacker_costs,0.1,0.1,0.1,0.25,0.05,0.05,dRID,AD,dRID:AD,-0.49602
B_attacker_costs,0.1,0.1,0.1,0.25,0.05,0.1,dRID,AD,dRID:AD,-0.49602
B_attacker_costs,0.1,0.1,0.1,0.25,0.05,0.15,dRID,AD,dRID:AD,-0.49602
B_attacker_costs,0.1,0.1,0.1,0.25,0.05,0.2,dRID,A0,dRID:A0,-0.30000000000000004
B_attacker_costs,0.1,0.1,0.1,0.25,0.05,0.25,dRID,A0,dRID:A0,-0.30000000000000004
B_attacker_costs,0.1,0.1,0.1,0.25,0.05,0.3,dRID,A0,dRID:A0,-0.30000000000000004
B_attacker_costs,0.1,0.1,0.1,0.25,0.05,0.35,dRID,A0,dRID:A0,-0.30000000000000004
B_attacker_costs,0.1,0.1,0.1,0.25,0.05,0.4,dRID,A0,dRID:A0,-0.30000000000000004
B_attacker_costs,0.1,0.1,0.1,0.25,0.05,0.45,dRI,A0,dRI:A0,-0.2
B_attacker_costs,0.1,0.1,0.1,0.25,0.05,0.5,dRI,A0,dRI:A0,-0.2
B_attacker_costs,0.1,0.1,0.1,0.25,0.05,0.55,dRI,A0,dRI:A0,-0.2
B_attacker_costs,0.1,0.1,0.1,0.25,0.05,0.6,dRI,A0,dRI:A0,-0.2
B_attacker_costs,0.1,0.1,0.1,0.25,0.05,0.65,dRI,A0,dRI:A0,-0.2
B_attacker_costs,0.1,0.1,0.1,0.25,0.05,0.7,dRI,A0,dRI:A0,-0.2
B_attacker_costs,0.1,0.1,0.1,0.25,0.05,0.75,dRI,A0,dRI:A0,-0.2
B_attacker_costs,0.1,0.1,0.1,0.25,0.05,0.8,dRI,A0,dRI:A0,-0.2
B_attacker_costs,0.1,0.1,0.1,0.25,0.05,0.85,dRI,A0,dRI:A0,-0.2
B_attacker_costs,0.1,0.1,0.1,0.25,0.05,0.9,dRI,A0,dRI:A0,-0.2
B_attacker_costs,0.1,0.1,0.1,0.25,0.05,0.95,dRI,A0,dRI:A0,-0.2
B_attacker_costs,0.1,0.1,0.1,0.25,0.05,1.0,dRI,A0,dRI:A0,-0.2
B_attacker_costs,0.1,0.1,0.1,0.25,0.1,0.0,dRID,AD,dRID:AD,-0.49602
B_attacker_costs,0.1,0.1,0.1,0.25,0.1,0.05,dRID,AD,dRID:AD,-0.49602
B_attacker_costs,0.1,0.1,0.1,0.25,0.1,0.1,dRID,AD,dRID:AD,-0.49602
B_attacker_costs,0.1,0.1,0.1,0.25,0.1,0.15,dRID,AD,dRID:AD,-0.49602
B_attacker_costs,0.1,0.1,0.1,0.25,0.1,0.2,dRID,A0,dRID:A0,-0.30000000000000004
B_attacker_costs,0.1,0.1,0.1,0.25,0.1,0.25,dRID,A0,dRID:A0,-0.30000000000000004
B_attacker_costs,0.1,0.1,0.1,0.25,0.1,0.3,dRID,A0,dRID:A0,-0.30000000000000004
B_attacker_costs,0.1,0.1,0.1,0.25,0.1,0.35,dRID,A0,dRID:A0,-0.30000000000000004
B_attacker_costs,0.1,0.1,0.1,0.25,0.1,0.4,dRID,A0,dRID:A0,-0.30000000000000004
B_attacker_costs,0.1,0.1,0.1,0.25,0.1,0.45,dRI,A0,dRI:A0,-0.2
B_attacker_costs,0.1,0.1,0.1,0.25,0.1,0.5,dRI,A0,dRI:A0,-0.2
B_attacker_costs,0.1,0.1,0.1,0.25,0.1,0.55,dRI,A0,dRI:A0,-0.2
B_attacker_costs,0.1,0.1,0.1,0.25,0.1,0.6,dRI,A0,dRI:A0,-0.2
B_attacker_costs,0.1,0.1,0.1,0.25,0.1,0.65,dRI,A0,dRI:A0,-0.2
B_attacker_costs,0.1,0.1,0.1,0.25,0.1,0.7,dRI,A0,dRI:A0,-0.2
B_attacker_costs,0.1,0.1,0.1,0.25,0.1,0.75,dRI,A0,dRI:A0,-0.2
B_attacker_costs,0.1,0.1,0.1,0.25,0.1,0.8,dRI,A0,dRI:A0,-0.2
B_attacker_costs,0.1,0.1,0.1,0.25,0.1,0.85,dRI,A0,dRI:A0,-0.2
B_attacker_costs,0.1,0.1,0.1,0.25,0.1,0.9,dRI,A0,dRI:A0,-0.2
B_attacker_costs,0.1,0.1,0.1,0.25,0.1,0.95,dRI,A0,dRI:A0,-0.2
B_attacker_costs,0.1,0.1,0.1,0.25,0.1,1.0,dRI,A0,dRI:A0,-0.2
B_attacker_costs,0.1,0.1,0.1,0.25,0.15,0.0,dRID,AD,dRID:AD,-0.49602
B_attacker_costs,0.1,0.1,0.1,0.25,0.15,0.05,dRID,AD,dRID:AD,-0.49602
B_attacker_costs,0.1,0.1,0.1,0.25,0.15,0.1,dRID,AD,dRID:AD,-0.49602
B_attacker_costs,0.1,0.1,0.1,0.25,0.15,0.15,dRID,AD,dRID:AD,-0.49602
B_attacker_costs,0.1,0.1,0.1,0.25,0.15,0.2,dRID,A0,dRID:A0,-0.30000000000000004
B_attacker_costs,0.1,0.1,0.1,0.25,0.15,0.25,dRID,A0,dRID:A0,-0.30000000000000004
B_attacker_costs,0.1,0.1,0.1,0.25,0.15,0.3,dRID,A0,dRID:A0,-0.30000000000000004
B_attacker_costs,0.1,0.1,0.1,0.25,0.15,0.35,dRID,A0,dRID:A0,-0.30000000000000004
B_attacker_costs,0.1,0.1,0.1,0.25,0.15,0.4,dRID,A0,dRID:A0,-0.30000000000000004
B_attacker_costs,0.1,0.1,0.1,0.25,0.15,0.45,dRI,A0,dRI:A0,-0.2
B_attacker_costs,0.1,0.1,0.1,0.25,0.15,0.5,dRI,A0,dRI:A0,-0.2
B_attacker_costs,0.1,0.1,0.1,0.25,0.15,0.55,dRI,A0,dRI:A0,-0.2
B_attacker_costs,0.1,0.1,0.1,0.25,0.15,0.6,dRI,A0,dRI:A0,-0.2
B_attacker_costs,0.1,0.1,0.1,0.25,0.15,0.65,dRI,A0,dRI:A0,-0.2
B_attacker_costs,0.1,0.1,0.1,0.25,0.15,0.7,dRI,A0,dRI:A0,-0.2
B_attacker_costs,0.1,0.1,0.1,0.25,0.15,0.75,dRI,A0,dRI:A0,-0.2
B_attacker_costs,0.1,0.1,0.1,0.25,0.15,0.8,dRI,A0,dRI:A0,-0.2
B_attacker_costs,0.1,0.1,0.1,0.25,0.15,0.85,dRI,A0,dRI:A0,-0.2
B_attacker_costs,0.1,0.1,0.1,0.25,0.15,0.9,dRI,A0,dRI:A0,-0.2
B_attacker_costs,0.1,0.1,0.1,0.25,0.15,0.95,dRI,A0,dRI:A0,-0.2
B_attacker_costs,0.1,0.1,0.1,0.25,0.15,1.0,dRI,A0,dRI:A0,-0.2
B_attacker_costs,0.1,0.1,0.1,0.25,0.2,0.0,dRID,AD,dRID:AD,-0.49602
B_attacker_costs,0.1,0.1,0.1,0.25,0.2,0.05,dRID,AD,dRID:AD,-0.49602
B_attacker_costs,0.1,0.1,0.1,0.25,0.2,0.1,dRID,AD,dRID:AD,-0.49602
B_attacker_costs,0.1,0.1,0.1,0.25,0.2,0.15,dRID,AD,dRID:AD,-0.49602
B_attacker_costs,0.1,0.1,0.1,0.25,0.2,0.2,dRID,A0,dRID:A0,-0.30000000000000004
B_attacker_costs,0.1,0.1,0.1,0.25,0.2,0.25,dRID,A0,dRID:A0,-0.30000000000000004
B_attacker_costs,0.1,0.1,0.1,0.25,0.2,0.3,dRID,A0,dRID:A0,-0.30000000000000004
B_attacker_costs,0.1,0.1,0.1,0.25,0.2,0.35,dRID,A0,dRID:A0,-0.30000000000000004
B_attacker_costs,0.1,0.1,0.1,0.25,0.2,0.4,dRID,A0,dRID:A0,-0.30000000000000004
B_attacker_costs,0.1,0.1,0.1,0.25,0.2,0.45,dRI,A0,dRI:A0,-0.2
B_attacker_costs,0.1,0.1,0.1,0.25,0.2,0.5,dRI,A0,dRI:A0,-0.2
B_attacker_costs,0.1,0.1,0.1,0.25,0.2,0.55,dRI,A0,dRI:A0,-0.2
B_attacker_costs,0.1,0.1,0.1,0.25,0.2,0.6,dRI,A0,dRI:A0,-0.2
B_attacker_costs,0.1,0.1,0.1,0.25,0.2,0.65,dRI,A0,dRI:A0,-0.2
B_attacker_costs,0.1,0.1,0.1,0.25,0.2,0.7,dRI,A0,dRI:A0,-0.2
B_attacker_costs,0.1,0.1,0.1,0.25,0.2,0.75,dRI,A0,dRI:A0,-0.2
B_attacker_costs,0.1,0.1,0.1,0.25,0.2,0.8,dRI,A0,dRI:A0,-0.2
B_attacker_costs,0.1,0.1,0.1,0.25,0.2,0.85,dRI,A0,dRI:A0,-0.2
B_attacker_costs,0.1,0.1,0.1,0.25,0.2,0.9,dRI,A0,dRI:A0,-0.2
B_attacker_costs,0.1,0.1,0.1,0.25,0.2,0.95,dRI,A0,dRI:A0,-0.2
B_attacker_costs,0.1,0.1,0.1,0.25,0.2,1.0,dRI,A0,dRI:A0,-0.2
B_attacker_costs,0.1,0.1,0.1,0.25,0.25,0.0,dRID,AD,dRID:AD,-0.49602
B_attacker_costs,0.1,0.1,0.1,0.25,0.25,0.05,dRID,AD,dRID:AD,-0.49602
B_attacker_costs,0.1,0.1,0.1,0.25,0.25,0.1,dRID,AD,dRID:AD,-0.49602
B_attacker_costs,0.1,0.1,0.1,0.25,0.25,0.15,dRID,AD,dRID:AD,-0.49602
B_attacker_costs,0.1,0.1,0.1,0.25,0.25,0.2,dRID,A0,dRID:A0,-0.30000000000000004
B_attacker_costs,0.1,0.1,0.1,0.25,0.25,0.25,dRID,A0,dRID:A0,-0.30000000000000004
B_attacker_costs,0.1,0.1,0.1,0.25,0.25,0.3,dRID,A0,dRID:A0,-0.30000000000000004
B_attacker_costs,0.1,0.1,0.1,0.25,0.25,0.35,dRID,A0,dRID:A0,-0.30000000000000004
B_attacker_costs,0.1,0.1,0.1,0.25,0.25,0.4,dRID,A0,dRID:A0,-0.30000000000000004
B_attacker_costs,0.1,0.1,0.1,0.25,0.25,0.45,dRI,A0,dRI:A0,-0.2
B_attacker_costs,0.1,0.1,0.1,0.25,0.25,0.5,dRI,A0,dRI:A0,-0.2
B_attacker_costs,0.1,0.1,0.1,0.25,0.25,0.55,dRI,A0,dRI:A0,-0.2
B_attacker_costs,0.1,0.1,0.1,0.25,0.25,0.6,dRI,A0,dRI:A0,-0.2
B_attacker_costs,0.1,0.1,0.1,0.25,0.25,0.65,dRI,A0,dRI:A0,-0.2
B_attacker_costs,0.1,0.1,0.1,0.25,0.25,0.7,dRI,A0,dRI:A0,-0.2
B_attacker_costs,0.1,0.1,0.1,0.25,0.25,0.75,dRI,A0,dRI:A0,-0.2
B_attacker_costs,0.1,0.1,0.1,0.25,0.25,0.8,dRI,A0,dRI:A0,-0.2
B_attacker_costs,0.1,0.1,0.1,0.25,0.25,0.85,dRI,A0,dRI:A0,-0.2
B_attacker_costs,0.1,0.1,0.1,0.25,0.25,0.9,dRI,A0,dRI:A0,-0.2
B_attacker_costs,0.1,0.1,0.1,0.25,0.25,0.95,dRI,A0,dRI:A0,-0.2
B_attacker_costs,0.1,0.1,0.1,0.25,0.25,1.0,dRI,A0,dRI:A0,-0.2
B_attacker_costs,0.1,0.1,0.1,0.25,0.3,0.0,dRID,AD,dRID:AD,-0.49602
B_attacker_costs,0.1,0.1,0.1,0.25,0.3,0.05,dRID,AD,dRID:AD,-0.49602
B_attacker_costs,0.1,0.1,0.1,0.25,0.3,0.1,dRID,AD,dRID:AD,-0.49602
B_attacker_costs,0.1,0.1,0.1,0.25,0.3,0.15,dRID,AD,dRID:AD,-0.49602
B_attacker_costs,0.1,0.1,0.1,0.25,0.3,0.2,dRID,A0,dRID:A0,-0.30000000000000004
B_attacker_costs,0.1,0.1,0.1,0.25,0.3,0.25,dRID,A0,dRID:A0,-0.30000000000000004
B_attacker_costs,0.1,0.1,0.1,0.25,0.3,0.3,dRID,A0,dRID:A0,-0.30000000000000004
B_attacker_costs,0.1,0.1,0.1,0.25,0.3,0.35,dRID,A0,dRID:A0,-0.30000000000000004
B_attacker_costs,0.1,0.1,0.1,0.25,0.3,0.4,dRID,A0,dRID:A0,-0.30000000000000004
B_attacker_costs,0.1,0.1,0.1,0.25,0.3,0.45,dRI,A0,dRI:A0,-0.2
B_attacker_costs,0.1,0.1,0.1,0.25,0.3,0.5,dRI,A0,dRI:A0,-0.2
B_attacker_costs,0.1,0.1,0.1,0.25,0.3,0.55,dRI,A0,dRI:A0,-0.2
B_attacker_costs,0.1,0.1,0.1,0.25,0.3,0.6,dRI,A0,dRI:A0,-0.2
B_attacker_costs,0.1,0.1,0.1,0.25,0.3,0.65,dRI,A0,dRI:A0,-0.2
B_attacker_costs,0.1,0.1,0.1,0.25,0.3,0.7,dRI,A0,dRI:A0,-0.2
B_attacker_costs,0.1,0.1,0.1,0.25,0.3,0.75,dRI,A0,dRI:A0,-0.2
B_attacker_costs,0.1,0.1,0.1,0.25,0.3,0.8,dRI,A0,dRI:A0,-0.2
B_attacker_costs,0.1,0.1,0.1,0.25,0.3,0.85,dRI,A0,dRI:A0,-0.2
B_attacker_costs,0.1,0.1,0.1,0.25,0.3,0.9,dRI,A0,dRI:A0,-0.2
B_attacker_costs,0.1,0.1,0.1,0.25,0.3,0.95,dRI,A0,dRI:A0,-0.2
B_attacker_costs,0.1,0.1,0.1,0.25,0.3,1.0,dRI,A0,dRI:A0,-0.2
B_attacker_costs,0.1,0.1,0.1,0.25,0.35,0.0,dRID,AD,dRID:AD,-0.49602
B_attacker_costs,0.1,0.1,0.1,0.25,0.35,0.05,dRID,AD,dRID:AD,-0.49602
B_attacker_costs,0.1,0.1,0.1,0.25,0.35,0.1,dRID,AD,dRID:AD,-0.49602
B_attacker_costs,0.1,0.1,0.1,0.25,0.35,0.15,dRID,AD,dRID:AD,-0.49602
B_attacker_costs,0.1,0.1,0.1,0.25,0.35,0.2,dRID,A0,dRID:A0,-0.30000000000000004
B_attacker_costs,0.1,0.1,0.1,0.25,0.35,0.25,dRID,A0,dRID:A0,-0.30000000000000004
B_attacker_costs,0.1,0.1,0.1,0.25,0.35,0.3,dRID,A0,dRID:A0,-0.30000000000000004
B_attacker_costs,0.1,0.1,0.1,0.25,0.35,0.35,dRID,A0,dRID:A0,-0.30000000000000004
B_attacker_costs,0.1,0.1,0.1,0.25,0.35,0.4,dRID,A0,dRID:A0,-0.30000000000000004
B_attacker_costs,0.1,0.1,0.1,0.25,0.35,0.45,dRI,A0,dRI:A0,-0.2
B_attacker_costs,0.1,0.1,0.1,0.25,0.35,0.5,dRI,A0,dRI:A0,-0.2
B_attacker_costs,0.1,0.1,0.1,0.25,0.35,0.55,dRI,A0,dRI:A0,-0.2
B_attacker_costs,0.1,0.1,0.1,0.25,0.35,0.6,dRI,A0,dRI:A0,-0.2
B_attacker_costs,0.1,0.1,0.1,0.25,0.35,0.65,dRI,A0,dRI:A0,-0.2
B_attacker_costs,0.1,0.1,0.1,0.25,0.35,0.7,dRI,A0,dRI:A0,-0.2
B_attacker_costs,0.1,0.1,0.1,0.25,0.35,0.75,dRI,A0,dRI:A0,-0.2
B_attacker_costs,0.1,0.1,0.1,0.25,0.35,0.8,dRI,A0,dRI:A0,-0.2
B_attacker_costs,0.1,0.1,0.1,0.25,0.35,0.85,dRI,A0,dRI:A0,-0.2
B_attacker_costs,0.1,0.1,0.1,0.25,0.35,0.9,dRI,A0,dRI:A0,-0.2
B_attacker_costs,0.1,0.1,0.1,0.25,0.35,0.95,dRI,A0,dRI:A0,-0.2
B_attacker_costs,0.1,0.1,0.1,0.25,0.35,1.0,dRI,A0,dRI:A0,-0.2
B_attacker_costs,0.1,0.1,0.1,0.25,0.4,0.0,dRID,AD,dRID:AD,-0.49602
B_attacker_costs,0.1,0.1,0.1,0.25,0.4,0.05,dRID,AD,dRID:AD,-0.49602
B_attacker_costs,0.1,0.1,0.1,0.25,0.4,0.1,dRID,AD,dRID:AD,-0.49602
B_attacker_costs,0.1,0.1,0.1,0.25,0.4,0.15,dRID,AD,dRID:AD,-0.49602
B_attacker_costs,0.1,0.1,0.1,0.25,0.4,0.2,dRID,A0,dRID:A0,-0.30000000000000004
B_attacker_costs,0.1,0.1,0.1,0.25,0.4,0.25,dRID,A0,dRID:A0,-0.30000000000000004
B_attacker_costs,0.1,0.1,0.1,0.25,0.4,0.3,dRID,A0,dRID:A0,-0.30000000000000004
B_attacker_costs,0.1,0.1,0.1,0.25,0.4,0.35,dRID,A0,dRID:A0,-0.30000000000000004
B_attacker_costs,0.1,0.1,0.1,0.25,0.4,0.4,dRID,A0,dRID:A0,-0.30000000000000004
B_attacker_costs,0.1,0.1,0.1,0.25,0.4,0.45,dRI,A0,dRI:A0,-0.2
B_attacker_costs,0.1,0.1,0.1,0.25,0.4,0.5,dRI,A0,dRI:A0,-0.2
B_attacker_costs,0.1,0.1,0.1,0.25,0.4,0.55,dRI,A0,dRI:A0,-0.2
B_attacker_costs,0.1,0.1,0.1,0.25,0.4,0.6,dRI,A0,dRI:A0,-0.2
B_attacker_costs,0.1,0.1,0.1,0.25,0.4,0.65,dRI,A0,dRI:A0,-0.2
B_attacker_costs,0.1,0.1,0.1,0.25,0.4,0.7,dRI,A0,dRI:A0,-0.2
B_attacker_costs,0.1,0.1,0.1,0.25,0.4,0.75,dRI,A0,dRI:A0,-0.2
B_attacker_costs,0.1,0.1,0.1,0.25,0.4,0.8,dRI,A0,dRI:A0,-0.2
B_attacker_costs,0.1,0.1,0.1,0.25,0.4,0.85,dRI,A0,dRI:A0,-0.2
B_attacker_costs,0.1,0.1,0.1,0.25,0.4,0.9,dRI,A0,dRI:A0,-0.2
B_attacker_costs,0.1,0.1,0.1,0.25,0.4,0.95,dRI,A0,dRI:A0,-0.2
B_attacker_costs,0.1,0.1,0.1,0.25,0.4,1.0,dRI,A0,dRI:A0,-0.2
B_attacker_costs,0.1,0.1,0.1,0.25,0.45,0.0,dRID,AD,dRID:AD,-0.49602
B_attacker_costs,0.1,0.1,0.1,0.25,0.45,0.05,dRID,AD,dRID:AD,-0.49602
B_attacker_costs,0.1,0.1,0.1,0.25,0.45,0.1,dRID,AD,dRID:AD,-0.49602
B_attacker_costs,0.1,0.1,0.1,0.25,0.45,0.15,dRID,AD,dRID:AD,-0.49602
B_attacker_costs,0.1,0.1,0.1,0.25,0.45,0.2,dRID,A0,dRID:A0,-0.30000000000000004
B_attacker_costs,0.1,0.1,0.1,0.25,0.45,0.25,dRID,A0,dRID:A0,-0.30000000000000004
B_attacker_costs,0.1,0.1,0.1,0.25,0.45,0.3,dRID,A0,dRID:A0,-0.30000000000000004
B_attacker_costs,0.1,0.1,0.1,0.25,0.45,0.35,dRID,A0,dRID:A0,-0.30000000000000004
B_attacker_costs,0.1,0.1,0.1,0.25,0.45,0.4,dRID,A0,dRID:A0,-0.30000000000000004
B_attacker_costs,0.1,0.1,0.1,0.25,0.45,0.45,dRI,A0,dRI:A0,-0.2
B_attacker_costs,0.1,0.1,0.1,0.25,0.45,0.5,dRI,A0,dRI:A0,-0.2
B_attacker_costs,0.1,0.1,0.1,0.25,0.45,0.55,dRI,A0,dRI:A0,-0.2
B_attacker_costs,0.1,0.1,0.1,0.25,0.45,0.6,dRI,A0,dRI:A0,-0.2
B_attacker_costs,0.1,0.1,0.1,0.25,0.45,0.65,dRI,A0,dRI:A0,-0.2
B_attacker_costs,0.1,0.1,0.1,0.25,0.45,0.7,dRI,A0,dRI:A0,-0.2
B_attacker_costs,0.1,0.1,0.1,0.25,0.45,0.75,dRI,A0,dRI:A0,-0.2
B_attacker_costs,0.1,0.1,0.1,0.25,0.45,0.8,dRI,A0,dRI:A0,-0.2
B_attacker_costs,0.1,0.1,0.1,0.25,0.45,0.85,dRI,A0,dRI:A0,-0.2
B_attacker_costs,0.1,0.1,0.1,0.25,0.45,0.9,dRI,A0,dRI:A0,-0.2
B_attacker_costs,0.1,0.1,0.1,0.25,0.45,0.95,dRI,A0,dRI:A0,-0.2
B_attacker_costs,0.1,0.1,0.1,0.25,0.45,1.0,dRI,A0,dRI:A0,-0.2
B_attacker_costs,0.1,0.1,0.1,0.25,0.5,0.0,dRID,AD,dRID:AD,-0.49602
B_attacker_costs,0.1,0.1,0.1,0.25,0.5,0.05,dRID,AD,dRID:AD,-0.49602
B_attacker_costs,0.1,0.1,0.1,0.25,0.5,0.1,dRID,AD,dRID:AD,-0.49602
B_attacker_costs,0.1,0.1,0.1,0.25,0.5,0.15,dRID,AD,dRID:AD,-0.49602
B_attacker_costs,0.1,0.1,0.1,0.25,0.5,0.2,dRID,A0,dRID:A0,-0.30000000000000004
B_attacker_costs,0.1,0.1,0.1,0.25,0.5,0.25,dRID,A0,dRID:A0,-0.30000000000000004
B_attacker_costs,0.1,0.1,0.1,0.25,0.5,0.3,dRID,A0,dRID:A0,-0.30000000000000004
B_attacker_costs,0.1,0.1,0.1,0.25,0.5,0.35,dRID,A0,dRID:A0,-0.30000000000000004
B_attacker_costs,0.1,0.1,0.1,0.25,0.5,0.4,dRID,A0,dRID:A0,-0.30000000000000004
B_attacker_costs,0.1,0.1,0.1,0.25,0.5,0.45,dRI,A0,dRI:A0,-0.2
B_attacker_costs,0.1,0.1,0.1,0.25,0.5,0.5,dRI,A0,dRI:A0,-0.2
B_attacker_costs,0.1,0.1,0.1,0.25,0.5,0.55,dRI,A0,dRI:A0,-0.2
B_attacker_costs,0.1,0.1,0.1,0.25,0.5,0.6,dRI,A0,dRI:A0,-0.2
B_attacker_costs,0.1,0.1,0.1,0.25,0.5,0.65,dRI,A0,dRI:A0,-0.2
B_attacker_costs,0.1,0.1,0.1,0.25,0.5,0.7,dRI,A0,dRI:A0,-0.2
B_attacker_costs,0.1,0.1,0.1,0.25,0.5,0.75,dRI,A0,dRI:A0,-0.2
B_attacker_costs,0.1,0.1,0.1,0.25,0.5,0.8,dRI,A0,dRI:A0,-0.2
B_attacker_costs,0.1,0.1,0.1,0.25,0.5,0.85,dRI,A0,dRI:A0,-0.2
B_attacker_costs,0.1,0.1,0.1,0.25,0.5,0.9,dRI,A0,dRI:A0,-0.2
B_attacker_costs,0.1,0.1,0.1,0.25,0.5,0.95,dRI,A0,dRI:A0,-0.2
B_attacker_costs,0.1,0.1,0.1,0.25,0.5,1.0,dRI,A0,dRI:A0,-0.2
B_attacker_costs,0.1,0.1,0.1,0.25,0.55,0.0,dRID,AD,dRID:AD,-0.49602
B_attacker_costs,0.1,0.1,0.1,0.25,0.55,0.05,dRID,AD,dRID:AD,-0.49602
B_attacker_costs,0.1,0.1,0.1,0.25,0.55,0.1,dRID,AD,dRID:AD,-0.49602
B_attacker_costs,0.1,0.1,0.1,0.25,0.55,0.15,dRID,AD,dRID:AD,-0.49602
B_attacker_costs,0.1,0.1,0.1,0.25,0.55,0.2,dRID,A0,dRID:A0,-0.30000000000000004
B_attacker_costs,0.1,0.1,0.1,0.25,0.55,0.25,dRID,A0,dRID:A0,-0.30000000000000004
B_attacker_costs,0.1,0.1,0.1,0.25,0.55,0.3,dRID,A0,dRID:A0,-0.30000000000000004
B_attacker_costs,0.1,0.1,0.1,0.25,0.55,0.35,dRID,A0,dRID:A0,-0.30000000000000004
B_attacker_costs,0.1,0.1,0.1,0.25,0.55,0.4,dRID,A0,dRID:A0,-0.30000000000000004
B_attacker_costs,0.1,0.1,0.1,0.25,0.55,0.45,dRI,A0,dRI:A0,-0.2
B_attacker_costs,0.1,0.1,0.1,0.25,0.55,0.5,dRI,A0,dRI:A0,-0.2
B_attacker_costs,0.1,0.1,0.1,0.25,0.55,0.55,dRI,A0,dRI:A0,-0.2
B_attacker_costs,0.1,0.1,0.1,0.25,0.55,0.6,dRI,A0,dRI:A0,-0.2
B_attacker_costs,0.1,0.1,0.1,0.25,0.55,0.65,dRI,A0,dRI:A0,-0.2
B_attacker_costs,0.1,0.1,0.1,0.25,0.55,0.7,dRI,A0,dRI:A0,-0.2
B_attacker_costs,0.1,0.1,0.1,0.25,0.55,0.75,dRI,A0,dRI:A0,-0.2
B_attacker_costs,0.1,0.1,0.1,0.25,0.55,0.8,dRI,A0,dRI:A0,-0.2
B_attacker_costs,0.1,0.1,0.1,0.25,0.55,0.85,dRI,A0,dRI:A0,-0.2
B_attacker_costs,0.1,0.1,0.1,0.25,0.55,0.9,dRI,A0,dRI:A0,-0.2
B_attacker_costs,0.1,0.1,0.1,0.25,0.55,0.95,dRI,A0,dRI:A0,-0.2
B_attacker_costs,0.1,0.1,0.1,0.25,0.55,1.0,dRI,A0,dRI:A0,-0.2
B_attacker_costs,0.1,0.1,0.1,0.25,0.6,0.0,dRID,AD,dRID:AD,-0.49602
B_attacker_costs,0.1,0.1,0.1,0.25,0.6,0.05,dRID,AD,dRID:AD,-0.49602
B_attacker_costs,0.1,0.1,0.1,0.25,0.6,0.1,dRID,AD,dRID:AD,-0.49602
B_attacker_costs,0.1,0.1,0.1,0.25,0.6,0.15,dRID,AD,dRID:AD,-0.49602
B_attacker_costs,0.1,0.1,0.1,0.25,0.6,0.2,dRID,A0,dRID:A0,-0.30000000000000004
B_attacker_costs,0.1,0.1,0.1,0.25,0.6,0.25,dRID,A0,dRID:A0,-0.30000000000000004
B_attacker_costs,0.1,0.1,0.1,0.25,0.6,0.3,dRID,A0,dRID:A0,-0.30000000000000004
B_attacker_costs,0.1,0.1,0.1,0.25,0.6,0.35,dRID,A0,dRID:A0,-0.30000000000000004
B_attacker_costs,0.1,0.1,0.1,0.25,0.6,0.4,dRID,A0,dRID:A0,-0.30000000000000004
B_attacker_costs,0.1,0.1,0.1,0.25,0.6,0.45,dRI,A0,dRI:A0,-0.2
B_attacker_costs,0.1,0.1,0.1,0.25,0.6,0.5,dRI,A0,dRI:A0,-0.2
B_attacker_costs,0.1,0.1,0.1,0.25,0.6,0.55,dRI,A0,dRI:A0,-0.2
B_attacker_costs,0.1,0.1,0.1,0.25,0.6,0.6,dRI,A0,dRI:A0,-0.2
B_attacker_costs,0.1,0.1,0.1,0.25,0.6,0.65,dRI,A0,dRI:A0,-0.2
B_attacker_costs,0.1,0.1,0.1,0.25,0.6,0.7,dRI,A0,dRI:A0,-0.2
B_attacker_costs,0.1,0.1,0.1,0.25,0.6,0.75,dRI,A0,dRI:A0,-0.2
B_attacker_costs,0.1,0.1,0.1,0.25,0.6,0.8,dRI,A0,dRI:A0,-0.2
B_attacker_costs,0.1,0.1,0.1,0.25,0.6,0.85,dRI,A0,dRI:A0,-0.2
B_attacker_costs,0.1,0.1,0.1,0.25,0.6,0.9,dRI,A0,dRI:A0,-0.2
B_attacker_costs,0.1,0.1,0.1,0.25,0.6,0.95,dRI,A0,dRI:A0,-0.2
B_attacker_costs,0.1,0.1,0.1,0.25,0.6,1.0,dRI,A0,dRI:A0,-0.2
B_attacker_costs,0.1,0.1,0.1,0.25,0.65,0.0,dRID,AD,dRID:AD,-0.49602
B_attacker_costs,0.1,0.1,0.1,0.25,0.65,0.05,dRID,AD,dRID:AD,-0.49602
B_attacker_costs,0.1,0.1,0.1,0.25,0.65,0.1,dRID,AD,dRID:AD,-0.49602
B_attacker_costs,0.1,0.1,0.1,0.25,0.65,0.15,dRID,AD,dRID:AD,-0.49602
B_attacker_costs,0.1,0.1,0.1,0.25,0.65,0.2,dRID,A0,dRID:A0,-0.30000000000000004
B_attacker_costs,0.1,0.1,0.1,0.25,0.65,0.25,dRID,A0,dRID:A0,-0.30000000000000004
B_attacker_costs,0.1,0.1,0.1,0.25,0.65,0.3,dRID,A0,dRID:A0,-0.30000000000000004
B_attacker_costs,0.1,0.1,0.1,0.25,0.65,0.35,dRID,A0,dRID:A0,-0.30000000000000004
B_attacker_costs,0.1,0.1,0.1,0.25,0.65,0.4,dRID,A0,dRID:A0,-0.30000000000000004
B_attacker_costs,0.1,0.1,0.1,0.25,0.65,0.45,dRI,A0,dRI:A0,-0.2
B_attacker_costs,0.1,0.1,0.1,0.25,0.65,0.5,dRI,A0,dRI:A0,-0.2
B_attacker_costs,0.1,0.1,0.1,0.25,0.65,0.55,dRI,A0,dRI:A0,-0.2
B_attacker_costs,0.1,0.1,0.1,0.25,0.65,0.6,dRI,A0,dRI:A0,-0.2
B_attacker_costs,0.1,0.1,0.1,0.25,0.65,0.65,dRI,A0,dRI:A0,-0.2
B_attacker_costs,0.1,0.1,0.1,0.25,0.65,0.7,dRI,A0,dRI:A0,-0.2
B_attacker_costs,0.1,0.1,0.1,0.25,0.65,0.75,dRI,A0,dRI:A0,-0.2
B_attacker_costs,0.1,0.1,0.1,0.25,0.65,0.8,dRI,A0,dRI:A0,-0.2
B_attacker_costs,0.1,0.1,0.1,0.25,0.65,0.85,dRI,A0,dRI:A0,-0.2
B_attacker_costs,0.1,0.1,0.1,0.25,0.65,0.9,dRI,A0,dRI:A0,-0.2
B_attacker_costs,0.1,0.1,0.1,0.25,0.65,0.95,dRI,A0,dRI:A0,-0.2
B_attacker_costs,0.1,0.1,0.1,0.25,0.65,1.0,dRI,A0,dRI:A0,-0.2
B_attacker_costs,0.1,0.1,0.1,0.25,0.7,0.0,dRID,AD,dRID:AD,-0.49602
B_attacker_costs,0.1,0.1,0.1,0.25,0.7,0.05,dRID,AD,dRID:AD,-0.49602
B_attacker_costs,0.1,0.1,0.1,0.25,0.7,0.1,dRID,AD,dRID:AD,-0.49602
B_attacker_costs,0.1,0.1,0.1,0.25,0.7,0.15,dRID,AD,dRID:AD,-0.49602
B_attacker_costs,0.1,0.1,0.1,0.25,0.7,0.2,dRID,A0,dRID:A0,-0.30000000000000004
B_attacker_costs,0.1,0.1,0.1,0.25,0.7,0.25,dRID,A0,dRID:A0,-0.30000000000000004
B_attacker_costs,0.1,0.1,0.1,0.25,0.7,0.3,dRID,A0,dRID:A0,-0.30000000000000004
B_attacker_costs,0.1,0.1,0.1,0.25,0.7,0.35,dRID,A0,dRID:A0,-0.30000000000000004
B_attacker_costs,0.1,0.1,0.1,0.25,0.7,0.4,dRID,A0,dRID:A0,-0.30000000000000004
B_attacker_costs,0.1,0.1,0.1,0.25,0.7,0.45,dRI,A0,dRI:A0,-0.2
B_attacker_costs,0.1,0.1,0.1,0.25,0.7,0.5,dRI,A0,dRI:A0,-0.2
B_attacker_costs,0.1,0.1,0.1,0.25,0.7,0.55,dRI,A0,dRI:A0,-0.2
B_attacker_costs,0.1,0.1,0.1,0.25,0.7,0.6,dRI,A0,dRI:A0,-0.2
B_attacker_costs,0.1,0.1,0.1,0.25,0.7,0.65,dRI,A0,dRI:A0,-0.2
B_attacker_costs,0.1,0.1,0.1,0.25,0.7,0.7,dRI,A0,dRI:A0,-0.2
B_attacker_costs,0.1,0.1,0.1,0.25,0.7,0.75,dRI,A0,dRI:A0,-0.2
B_attacker_costs,0.1,0.1,0.1,0.25,0.7,0.8,dRI,A0,dRI:A0,-0.2
B_attacker_costs,0.1,0.1,0.1,0.25,0.7,0.85,dRI,A0,dRI:A0,-0.2
B_attacker_costs,0.1,0.1,0.1,0.25,0.7,0.9,dRI,A0,dRI:A0,-0.2
B_attacker_costs,0.1,0.1,0.1,0.25,0.7,0.95,dRI,A0,dRI:A0,-0.2
B_attacker_costs,0.1,0.1,0.1,0.25,0.7,1.0,dRI,A0,dRI:A0,-0.2
B_attacker_costs,0.1,0.1,0.1,0.25,0.75,0.0,dRID,AD,dRID:AD,-0.49602
B_attacker_costs,0.1,0.1,0.1,0.25,0.75,0.05,dRID,AD,dRID:AD,-0.49602
B_attacker_costs,0.1,0.1,0.1,0.25,0.75,0.1,dRID,AD,dRID:AD,-0.49602
B_attacker_costs,0.1,0.1,0.1,0.25,0.75,0.15,dRID,AD,dRID:AD,-0.49602
B_attacker_costs,0.1,0.1,0.1,0.25,0.75,0.2,dRID,A0,dRID:A0,-0.30000000000000004
B_attacker_costs,0.1,0.1,0.1,0.25,0.75,0.25,dRID,A0,dRID:A0,-0.30000000000000004
B_attacker_costs,0.1,0.1,0.1,0.25,0.75,0.3,dRID,A0,dRID:A0,-0.30000000000000004
B_attacker_costs,0.1,0.1,0.1,0.25,0.75,0.35,dRID,A0,dRID:A0,-0.30000000000000004
B_attacker_costs,0.1,0.1,0.1,0.25,0.75,0.4,dRID,A0,dRID:A0,-0.30000000000000004
B_attacker_costs,0.1,0.1,0.1,0.25,0.75,0.45,dRI,A0,dRI:A0,-0.2
B_attacker_costs,0.1,0.1,0.1,0.25,0.75,0.5,dRI,A0,dRI:A0,-0.2
B_attacker_costs,0.1,0.1,0.1,0.25,0.75,0.55,dRI,A0,dRI:A0,-0.2
B_attacker_costs,0.1,0.1,0.1,0.25,0.75,0.6,dRI,A0,dRI:A0,-0.2
B_attacker_costs,0.1,0.1,0.1,0.25,0.75,0.65,dRI,A0,dRI:A0,-0.2
B_attacker_costs,0.1,0.1,0.1,0.25,0.75,0.7,dRI,A0,dRI:A0,-0.2
B_attacker_costs,0.1,0.1,0.1,0.25,0.75,0.75,dRI,A0,dRI:A0,-0.2
B_attacker_costs,0.1,0.1,0.1,0.25,0.75,0.8,dRI,A0,dRI:A0,-0.2
B_attacker_costs,0.1,0.1,0.1,0.25,0.75,0.85,dRI,A0,dRI:A0,-0.2
B_attacker_costs,0.1,0.1,0.1,0.25,0.75,0.9,dRI,A0,dRI:A0,-0.2
B_attacker_costs,0.1,0.1,0.1,0.25,0.75,0.95,dRI,A0,dRI:A0,-0.2
B_attacker_costs,0.1,0.1,0.1,0.25,0.75,1.0,dRI,A0,dRI:A0,-0.2
B_attacker_costs,0.1,0.1,0.1,0.25,0.8,0.0,dRID,AD,dRID:AD,-0.49602
B_attacker_costs,0.1,0.1,0.1,0.25,0.8,0.05,dRID,AD,dRID:AD,-0.49602
B_attacker_costs,0.1,0.1,0.1,0.25,0.8,0.1,dRID,AD,dRID:AD,-0.49602
B_attacker_costs,0.1,0.1,0.1,0.25,0.8,0.15,dRID,AD,dRID:AD,-0.49602
B_attacker_costs,0.1,0.1,0.1,0.25,0.8,0.2,dRID,A0,dRID:A0,-0.30000000000000004
B_attacker_costs,0.1,0.1,0.1,0.25,0.8,0.25,dRID,A0,dRID:A0,-0.30000000000000004
B_attacker_costs,0.1,0.1,0.1,0.25,0.8,0.3,dRID,A0,dRID:A0,-0.30000000000000004
B_attacker_costs,0.1,0.1,0.1,0.25,0.8,0.35,dRID,A0,dRID:A0,-0.30000000000000004
B_attacker_costs,0.1,0.1,0.1,0.25,0.8,0.4,dRID,A0,dRID:A0,-0.30000000000000004
B_attacker_costs,0.1,0.1,0.1,0.25,0.8,0.45,dRI,A0,dRI:A0,-0.2
B_attacker_costs,0.1,0.1,0.1,0.25,0.8,0.5,dRI,A0,dRI:A0,-0.2
B_attacker_costs,0.1,0.1,0.1,0.25,0.8,0.55,dRI,A0,dRI:A0,-0.2
B_attacker_costs,0.1,0.1,0.1,0.25,0.8,0.6,dRI,A0,dRI:A0,-0.2
B_attacker_costs,0.1,0.1,0.1,0.25,0.8,0.65,dRI,A0,dRI:A0,-0.2
B_attacker_costs,0.1,0.1,0.1,0.25,0.8,0.7,dRI,A0,dRI:A0,-0.2
B_attacker_costs,0.1,0.1,0.1,0.25,0.8,0.75,dRI,A0,dRI:A0,-0.2
B_attacker_costs,0.1,0.1,0.1,0.25,0.8,0.8,dRI,A0,dRI:A0,-0.2
B_attacker_costs,0.1,0.1,0.1,0.25,0.8,0.85,dRI,A0,dRI:A0,-0.2
B_attacker_costs,0.1,0.1,0.1,0.25,0.8,0.9,dRI,A0,dRI:A0,-0.2
B_attacker_costs,0.1,0.1,0.1,0.25,0.8,0.95,dRI,A0,dRI:A0,-0.2
B_attacker_costs,0.1,0.1,0.1,0.25,0.8,1.0,dRI,A0,dRI:A0,-0.2
B_attacker_costs,0.1,0.1,0.1,0.25,0.85,0.0,dRD,AD,dRD:AD,-0.39602000000000004
B_attacker_costs,0.1,0.1,0.1,0.25,0.85,0.05,dRID,AD,dRID:AD,-0.49602
B_attacker_costs,0.1,0.1,0.1,0.25,0.85,0.1,dRID,AD,dRID:AD,-0.49602
B_attacker_costs,0.1,0.1,0.1,0.25,0.85,0.15,dRID,AD,dRID:AD,-0.49602
B_attacker_costs,0.1,0.1,0.1,0.25,0.85,0.2,dRID,A0,dRID:A0,-0.30000000000000004
B_attacker_costs,0.1,0.1,0.1,0.25,0.85,0.25,dRID,A0,dRID:A0,-0.30000000000000004
B_attacker_costs,0.1,0.1,0.1,0.25,0.85,0.3,dRID,A0,dRID:A0,-0.30000000000000004
B_attacker_costs,0.1,0.1,0.1,0.25,0.85,0.35,dRID,A0,dRID:A0,-0.30000000000000004
B_attacker_costs,0.1,0.1,0.1,0.25,0.85,0.4,dRID,A0,dRID:A0,-0.30000000000000004
B_attacker_costs,0.1,0.1,0.1,0.25,0.85,0.45,dRI,A0,dRI:A0,-0.2
B_attacker_costs,0.1,0.1,0.1,0.25,0.85,0.5,dRI,A0,dRI:A0,-0.2
B_attacker_costs,0.1,0.1,0.1,0.25,0.85,0.55,dRI,A0,dRI:A0,-0.2
B_attacker_costs,0.1,0.1,0.1,0.25,0.85,0.6,dRI,A0,dRI:A0,-0.2
B_attacker_costs,0.1,0.1,0.1,0.25,0.85,0.65,dRI,A0,dRI:A0,-0.2
B_attacker_costs,0.1,0.1,0.1,0.25,0.85,0.7,dRI,A0,dRI:A0,-0.2
B_attacker_costs,0.1,0.1,0.1,0.25,0.85,0.75,dRI,A0,dRI:A0,-0.2
B_attacker_costs,0.1,0.1,0.1,0.25,0.85,0.8,dRI,A0,dRI:A0,-0.2
B_attacker_costs,0.1,0.1,0.1,0.25,0.85,0.85,dRI,A0,dRI:A0,-0.2
B_attacker_costs,0.1,0.1,0.1,0.25,0.85,0.9,dRI,A0,dRI:A0,-0.2
B_attacker_costs,0.1,0.1,0.1,0.25,0.85,0.95,dRI,A0,dRI:A0,-0.2
B_attacker_costs,0.1,0.1,0.1,0.25,0.85,1.0,dRI,A0,dRI:A0,-0.2
B_attacker_costs,0.1,0.1,0.1,0.25,0.9,0.0,dRD,AD,dRD:AD,-0.39602000000000004
B_attacker_costs,0.1,0.1,0.1,0.25,0.9,0.05,dRD,AD,dRD:AD,-0.39602000000000004
B_attacker_costs,0.1,0.1,0.1,0.25,0.9,0.1,dRID,AD,dRID:AD,-0.49602
B_attacker_costs,0.1,0.1,0.1,0.25,0.9,0.15,dRID,AD,dRID:AD,-0.49602
B_attacker_costs,0.1,0.1,0.1,0.25,0.9,0.2,dRID,A0,dRID:A0,-0.30000000000000004
B_attacker_costs,0.1,0.1,0.1,0.25,0.9,0.25,dRID,A0,dRID:A0,-0.30000000000000004
B_attacker_costs,0.1,0.1,0.1,0.25,0.9,0.3,dRID,A0,dRID:A0,-0.30000000000000004
B_attacker_costs,0.1,0.1,0.1,0.25,0.9,0.35,dRID,A0,dRID:A0,-0.30000000000000004
B_attacker_costs,0.1,0.1,0.1,0.25,0.9,0.4,dRID,A0,dRID:A0,-0.30000000000000004
B_attacker_costs,0.1,0.1,0.1,0.25,0.9,0.45,dRI,A0,dRI:A0,-0.2
B_attacker_costs,0.1,0.1,0.1,0.25,0.9,0.5,dRI,A0,dRI:A0,-0.2
B_attacker_costs,0.1,0.1,0.1,0.25,0.9,0.55,dRI,A0,dRI:A0,-0.2
B_attacker_costs,0.1,0.1,0.1,0.25,0.9,0.6,dRI,A0,dRI:A0,-0.2
B_attacker_costs,0.1,0.1,0.1,0.25,0.9,0.65,dRI,A0,dRI:A0,-0.2
B_attacker_costs,0.1,0.1,0.1,0.25,0.9,0.7,dRI,A0,dRI:A0,-0.2
B_attacker_costs,0.1,0.1,0.1,0.25,0.9,0.75,dRI,A0,dRI:A0,-0.2
B_attacker_costs,0.1,0.1,0.1,0.25,0.9,0.8,dRI,A0,dRI:A0,-0.2
B_attacker_costs,0.1,0.1,0.1,0.25,0.9,0.85,dRI,A0,dRI:A0,-0.2
B_attacker_costs,0.1,0.1,0.1,0.25,0.9,0.9,dRI,A0,dRI:A0,-0.2
B_attacker_costs,0.1,0.1,0.1,0.25,0.9,0.95,dRI,A0,dRI:A0,-0.2
B_attacker_costs,0.1,0.1,0.1,0.25,0.9,1.0,dRI,A0,dRI:A0,-0.2
B_attacker_costs,0.1,0.1,0.1,0.25,0.95,0.0,dRD,AD,dRD:AD,-0.39602000000000004
B_attacker_costs,0.1,0.1,0.1,0.25,0.95,0.05,dRD,AD,dRD:AD,-0.39602000000000004
B_attacker_costs,0.1,0.1,0.1,0.25,0.95,0.1,dRD,AD,dRD:AD,-0.39602000000000004
B_attacker_costs,0.1,0.1,0.1,0.25,0.95,0.15,dRID,AD,dRID:AD,-0.49602
B_attacker_costs,0.1,0.1,0.1,0.25,0.95,0.2,dRID,A0,dRID:A0,-0.30000000000000004
B_attacker_costs,0.1,0.1,0.1,0.25,0.95,0.25,dRID,A0,dRID:A0,-0.30000000000000004
B_attacker_costs,0.1,0.1,0.1,0.25,0.95,0.3,dRID,A0,dRID:A0,-0.30000000000000004
B_attacker_costs,0.1,0.1,0.1,0.25,0.95,0.35,dRID,A0,dRID:A0,-0.30000000000000004
B_attacker_costs,0.1,0.1,0.1,0.25,0.95,0.4,dRID,A0,dRID:A0,-0.30000000000000004
B_attacker_costs,0.1,0.1,0.1,0.25,0.95,0.45,dRI,A0,dRI:A0,-0.2
B_attacker_costs,0.1,0.1,0.1,0.25,0.95,0.5,dRI,A0,dRI:A0,-0.2
B_attacker_costs,0.1,0.1,0.1,0.25,0.95,0.55,dRI,A0,dRI:A0,-0.2
B_attacker_costs,0.1,0.1,0.1,0.25,0.95,0.6,dRI,A0,dRI:A0,-0.2
B_attacker_costs,0.1,0.1,0.1,0.25,0.95,0.65,dRI,A0,dRI:A0,-0.2
B_attacker_costs,0.1,0.1,0.1,0.25,0.95,0.7,dRI,A0,dRI:A0,-0.2
B_attacker_costs,0.1,0.1,0.1,0.25,0.95,0.75,dRI,A0,dRI:A0,-0.2
B_attacker_costs,0.1,0.1,0.1,0.25,0.95,0.8,dRI,A0,dRI:A0,-0.2
B_attacker_costs,0.1,0.1,0.1,0.25,0.95,0.85,dRI,A0,dRI:A0,-0.2
B_attacker_costs,0.1,0.1,0.1,0.25,0.95,0.9,dRI,A0,dRI:A0,-0.2
B_attacker_costs,0.1,0.1,0.1,0.25,0.95,0.95,dRI,A0,dRI:A0,-0.2
B_attacker_costs,0.1,0.1,0.1,0.25,0.95,1.0,dRI,A0,dRI:A0,-0.2
B_attacker_costs,0.1,0.1,0.1,0.25,1.0,0.0,dRD,AD,dRD:AD,-0.39602000000000004
B_attacker_costs,0.1,0.1,0.1,0.25,1.0,0.05,dRD,AD,dRD:AD,-0.39602000000000004
B_attacker_costs,0.1,0.1,0.1,0.25,1.0,0.1,dRD,AD,dRD:AD,-0.39602000000000004
B_attacker_costs,0.1,0.1,0.1,0.25,1.0,0.15,dRD,AD,dRD:AD,-0.39602000000000004
B_attacker_costs,0.1,0.1,0.1,0.25,1.0,0.2,dRD,A0,dRD:A0,-0.2
B_attacker_costs,0.1,0.1,0.1,0.25,1.0,0.25,dRD,A0,dRD:A0,-0.2
B_attacker_costs,0.1,0.1,0.1,0.25,1.0,0.3,dRD,A0,dRD:A0,-0.2
B_attacker_costs,0.1,0.1,0.1,0.25,1.0,0.35,dRD,A0,dRD:A0,-0.2
B_attacker_costs,0.1,0.1,0.1,0.25,1.0,0.4,dRD,A0,dRD:A0,-0.2
B_attacker_costs,0.1,0.1,0.1,0.25,1.0,0.45,dR,A0,dR:A0,-0.1
B_attacker_costs,0.1,0.1,0.1,0.25,1.0,0.5,dR,A0,dR:A0,-0.1
B_attacker_costs,0.1,0.1,0.1,0.25,1.0,0.55,dR,A0,dR:A0,-0.1
B_attacker_costs,0.1,0.1,0.1,0.25,1.0,0.6,dR,A0,dR:A0,-0.1
B_attacker_costs,0.1,0.1,0.1,0.25,1.0,0.65,dR,A0,dR:A0,-0.1
B_attacker_costs,0.1,0.1,0.1,0.25,1.0,0.7,dR,A0,dR:A0,-0.1
B_attacker_costs,0.1,0.1,0.1,0.25,1.0,0.75,dR,A0,dR:A0,-0.1
B_attacker_costs,0.1,0.1,0.1,0.25,1.0,0.8,dR,A0,dR:A0,-0.1
B_attacker_costs,0.1,0.1,0.1,0.25,1.0,0.85,dR,A0,dR:A0,-0.1
B_attacker_costs,0.1,0.1,0.1,0.25,1.0,0.9,dR,A0,dR:A0,-0.1
B_attacker_costs,0.1,0.1,0.1,0.25,1.0,0.95,dR,A0,dR:A0,-0.1
B_attacker_costs,0.1,0.1,0.1,0.25,1.0,1.0,dR,A0,dR:A0,-0.1
B_attacker_costs,0.1,0.1,0.1,0.3,0.0,0.0,dRID,AD,dRID:AD,-0.49602
B_attacker_costs,0.1,0.1,0.1,0.3,0.0,0.05,dRID,AD,dRID:AD,-0.49602
B_attacker_costs,0.1,0.1,0.1,0.3,0.0,0.1,dRID,AD,dRID:AD,-0.49602
B_attacker_costs,0.1,0.1,0.1,0.3,0.0,0.15,dRID,AD,dRID:AD,-0.49602
B_attacker_costs,0.1,0.1,0.1,0.3,0.0,0.2,dRID,AI,dRID:AI,-0.30000000000000004
B_attacker_costs,0.1,0.1,0.1,0.3,0.0,0.25,dRID,AI,dRID:AI,-0.30000000000000004
B_attacker_costs,0.1,0.1,0.1,0.3,0.0,0.3,dRID,AI,dRID:AI,-0.30000000000000004
B_attacker_costs,0.1,0.1,0.1,0.3,0.0,0.35,dRID,AI,dRID:AI,-0.30000000000000004
B_attacker_costs,0.1,0.1,0.1,0.3,0.0,0.4,dRID,AI,dRID:AI,-0.30000000000000004
B_attacker_costs,0.1,0.1,0.1,0.3,0.0,0.45,dRI,AI,dRI:AI,-0.2
B_attacker_costs,0.1,0.1,0.1,0.3,0.0,0.5,dRI,AI,dRI:AI,-0.2
B_attacker_costs,0.1,0.1,0.1,0.3,0.0,0.55,dRI,AI,dRI:AI,-0.2
B_attacker_costs,0.1,0.1,0.1,0.3,0.0,0.6,dRI,AI,dRI:AI,-0.2
B_attacker_costs,0.1,0.1,0.1,0.3,0.0,0.65,dRI,AI,dRI:AI,-0.2
B_attacker_costs,0.1,0.1,0.1,0.3,0.0,0.7,dRI,AI,dRI:AI,-0.2
B_attacker_costs,0.1,0.1,0.1,0.3,0.0,0.75,dRI,AI,dRI:AI,-0.2
B_attacker_costs,0.1,0.1,0.1,0.3,0.0,0.8,dRI,AI,dRI:AI,-0.2
B_attacker_costs,0.1,0.1,0.1,0.3,0.0,0.85,dRI,AI,dRI:AI,-0.2
B_attacker_costs,0.1,0.1,0.1,0.3,0.0,0.9,dRI,AI,dRI:AI,-0.2
B_attacker_costs,0.1,0.1,0.1,0.3,0.0,0.95,dRI,AI,dRI:AI,-0.2
B_attacker_costs,0.1,0.1,0.1,0.3,0.0,1.0,dRI,AI,dRI:AI,-0.2
B_attacker_costs,0.1,0.1,0.1,0.3,0.05,0.0,dRID,AD,dRID:AD,-0.49602
B_attacker_costs,0.1,0.1,0.1,0.3,0.05,0.05,dRID,AD,dRID:AD,-0.49602
B_attacker_costs,0.1,0.1,0.1,0.3,0.05,0.1,dRID,AD,dRID:AD,-0.49602
B_attacker_costs,0.1,0.1,0.1,0.3,0.05,0.15,dRID,AD,dRID:AD,-0.49602
B_attacker_costs,0.1,0.1,0.1,0.3,0.05,0.2,dRID,A0,dRID:A0,-0.30000000000000004
B_attacker_costs,0.1,0.1,0.1,0.3,0.05,0.25,dRID,A0,dRID:A0,-0.30000000000000004
B_attacker_costs,0.1,0.1,0.1,0.3,0.05,0.3,dRID,A0,dRID:A0,-0.30000000000000004
B_attacker_costs,0.1,0.1,0.1,0.3,0.05,0.35,dRID,A0,dRID:A0,-0.30000000000000004
B_attacker_costs,0.1,0.1,0.1,0.3,0.05,0.4,dRID,A0,dRID:A0,-0.30000000000000004
B_attacker_costs,0.1,0.1,0.1,0.3,0.05,0.45,dRI,A0,dRI:A0,-0.2
B_attacker_costs,0.1,0.1,0.1,0.3,0.05,0.5,dRI,A0,dRI:A0,-0.2
B_attacker_costs,0.1,0.1,0.1,0.3,0.05,0.55,dRI,A0,dRI:A0,-0.2
B_attacker_costs,0.1,0.1,0.1,0.3,0.05,0.6,dRI,A0,dRI:A0,-0.2
B_attacker_costs,0.1,0.1,0.1,0.3,0.05,0.65,dRI,A0,dRI:A0,-0.2
B_attacker_costs,0.1,0.1,0.1,0.3,0.05,0.7,dRI,A0,dRI:A0,-0.2
B_attacker_costs,0.1,0.1,0.1,0.3,0.05,0.75,dRI,A0,dRI:A0,-0.2
B_attacker_costs,0.1,0.1,0.1,0.3,0.05,0.8,dRI,A0,dRI:A0,-0.2
B_attacker_costs,0.1,0.1,0.1,0.3,0.05,0.85,dRI,A0,dRI:A0,-0.2
B_attacker_costs,0.1,0.1,0.1,0.3,0.05,0.9,dRI,A0,dRI:A0,-0.2
B_attacker_costs,0.1,0.1,0.1,0.3,0.05,0.95,dRI,A0,dRI:A0,-0.2
B_attacker_costs,0.1,0.1,0.1,0.3,0.05,1.0,dRI,A0,dRI:A0,-0.2
B_attacker_costs,0.1,0.1,0.1,0.3,0.1,0.0,dRID,AD,dRID:AD,-0.49602
B_attacker_costs,0.1,0.1,0.1,0.3,0.1,0.05,dRID,AD,dRID:AD,-0.49602
B_attacker_costs,0.1,0.1,0.1,0.3,0.1,0.1,dRID,AD,dRID:AD,-0.49602
B_attacker_costs,0.1,0.1,0.1,0.3,0.1,0.15,dRID,AD,dRID:AD,-0.49602
B_attacker_costs,0.1,0.1,0.1,0.3,0.1,0.2,dRID,A0,dRID:A0,-0.30000000000000004
B_attacker_costs,0.1,0.1,0.1,0.3,0.1,0.25,dRID,A0,dRID:A0,-0.30000000000000004
B_attacker_costs,0.1,0.1,0.1,0.3,0.1,0.3,dRID,A0,dRID:A0,-0.30000000000000004
B_attacker_costs,0.1,0.1,0.1,0.3,0.1,0.35,dRID,A0,dRID:A0,-0.30000000000000004
B_attacker_costs,0.1,0.1,0.1,0.3,0.1,0.4,dRID,A0,dRID:A0,-0.30000000000000004
B_attacker_costs,0.1,0.1,0.1,0.3,0.1,0.45,dRI,A0,dRI:A0,-0.2
B_attacker_costs,0.1,0.1,0.1,0.3,0.1,0.5,dRI,A0,dRI:A0,-0.2
B_attacker_costs,0.1,0.1,0.1,0.3,0.1,0.55,dRI,A0,dRI:A0,-0.2
B_attacker_costs,0.1,0.1,0.1,0.3,0.1,0.6,dRI,A0,dRI:A0,-0.2
B_attacker_costs,0.1,0.1,0.1,0.3,0.1,0.65,dRI,A0,dRI:A0,-0.2
B_attacker_costs,0.1,0.1,0.1,0.3,0.1,0.7,dRI,A0,dRI:A0,-0.2
B_attacker_costs,0.1,0.1,0.1,0.3,0.1,0.75,dRI,A0,dRI:A0,-0.2
B_attacker_costs,0.1,0.1,0.1,0.3,0.1,0.8,dRI,A0,dRI:A0,-0.2
B_attacker_costs,0.1,0.1,0.1,0.3,0.1,0.85,dRI,A0,dRI:A0,-0.2
B_attacker_costs,0.1,0.1,0.1,0.3,0.1,0.9,dRI,A0,dRI:A0,-0.2
B_attacker_costs,0.1,0.1,0.1,0.3,0.1,0.95,dRI,A0,dRI:A0,-0.2
B_attacker_costs,0.1,0.1,0.1,0.3,0.1,1.0,dRI,A0,dRI:A0,-0.2
B_attacker_costs,0.1,0.1,0.1,0.3,0.15,0.0,dRID,AD,dRID:AD,-0.49602
B_attacker_costs,0.1,0.1,0.1,0.3,0.15,0.05,dRID,AD,dRID:AD,-0.49602
B_attacker_costs,0.1,0.1,0.1,0.3,0.15,0.1,dRID,AD,dRID:AD,-0.49602
B_attacker_costs,0.1,0.1,0.1,0.3,0.15,0.15,dRID,AD,dRID:AD,-0.49602
B_attacker_costs,0.1,0.1,0.1,0.3,0.15,0.2,dRID,A0,dRID:A0,-0.30000000000000004
B_attacker_costs,0.1,0.1,0.1,0.3,0.15,0.25,dRID,A0,dRID:A0,-0.30000000000000004
B_attacker_costs,0.1,0.1,0.1,0.3,0.15,0.3,dRID,A0,dRID:A0,-0.30000000000000004
B_attacker_costs,0.1,0.1,0.1,0.3,0.15,0.35,dRID,A0,dRID:A0,-0.30000000000000004
B_attacker_costs,0.1,0.1,0.1,0.3,0.15,0.4,dRID,A0,dRID:A0,-0.30000000000000004
B_attacker_costs,0.1,0.1,0.1,0.3,0.15,0.45,dRI,A0,dRI:A0,-0.2
B_attacker_costs,0.1,0.1,0.1,0.3,0.15,0.5,dRI,A0,dRI:A0,-0.2
B_attacker_costs,0.1,0.1,0.1,0.3,0.15,0.55,dRI,A0,dRI:A0,-0.2
B_attacker_costs,0.1,0.1,0.1,0.3,0.15,0.6,dRI,A0,dRI:A0,-0.2
B_attacker_costs,0.1,0.1,0.1,0.3,0.15,0.65,dRI,A0,dRI:A0,-0.2
B_attacker_costs,0.1,0.1,0.1,0.3,0.15,0.7,dRI,A0,dRI:A0,-0.2
B_attacker_costs,0.1,0.1,0.1,0.3,0.15,0.75,dRI,A0,dRI:A0,-0.2
B_attacker_costs,0.1,0.1,0.1,0.3,0.15,0.8,dRI,A0,dRI:A0,-0.2
B_attacker_costs,0.1,0.1,0.1,0.3,0.15,0.85,dRI,A0,dRI:A0,-0.2
B_attacker_costs,0.1,0.1,0.1,0.3,0.15,0.9,dRI,A0,dRI:A0,-0.2
B_attacker_costs,0.1,0.1,0.1,0.3,0.15,0.95,dRI,A0,dRI:A0,-0.2
B_attacker_costs,0.1,0.1,0.1,0.3,0.15,1.0,dRI,A0,dRI:A0,-0.2
B_attacker_costs,0.1,0.1,0.1,0.3,0.2,0.0,dRID,AD,dRID:AD,-0.49602
B_attacker_costs,0.1,0.1,0.1,0.3,0.2,0.05,dRID,AD,dRID:AD,-0.49602
B_attacker_costs,0.1,0.1,0.1,0.3,0.2,0.1,dRID,AD,dRID:AD,-0.49602
B_attacker_costs,0.1,0.1,0.1,0.3,0.2,0.15,dRID,AD,dRID:AD,-0.49602
B_attacker_costs,0.1,0.1,0.1,0.3,0.2,0.2,dRID,A0,dRID:A0,-0.30000000000000004
B_attacker_costs,0.1,0.1,0.1,0.3,0.2,0.25,dRID,A0,dRID:A0,-0.30000000000000004
B_attacker_costs,0.1,0.1,0.1,0.3,0.2,0.3,dRID,A0,dRID:A0,-0.30000000000000004
B_attacker_costs,0.1,0.1,0.1,0.3,0.2,0.35,dRID,A0,dRID:A0,-0.30000000000000004
B_attacker_costs,0.1,0.1,0.1,0.3,0.2,0.4,dRID,A0,dRID:A0,-0.30000000000000004
B_attacker_costs,0.1,0.1,0.1,0.3,0.2,0.45,dRI,A0,dRI:A0,-0.2
B_attacker_costs,0.1,0.1,0.1,0.3,0.2,0.5,dRI,A0,dRI:A0,-0.2
B_attacker_costs,0.1,0.1,0.1,0.3,0.2,0.55,dRI,A0,dRI:A0,-0.2
B_attacker_costs,0.1,0.1,0.1,0.3,0.2,0.6,dRI,A0,dRI:A0,-0.2
B_attacker_costs,0.1,0.1,0.1,0.3,0.2,0.65,dRI,A0,dRI:A0,-0.2
B_attacker_costs,0.1,0.1,0.1,0.3,0.2,0.7,dRI,A0,dRI:A0,-0.2
B_attacker_costs,0.1,0.1,0.1,0.3,0.2,0.75,dRI,A0,dRI:A0,-0.2
B_attacker_costs,0.1,0.1,0.1,0.3,0.2,0.8,dRI,A0,dRI:A0,-0.2
B_attacker_costs,0.1,0.1,0.1,0.3,0.2,0.85,dRI,A0,dRI:A0,-0.2
B_attacker_costs,0.1,0.1,0.1,0.3,0.2,0.9,dRI,A0,dRI:A0,-0.2
B_attacker_costs,0.1,0.1,0.1,0.3,0.2,0.95,dRI,A0,dRI:A0,-0.2
B_attacker_costs,0.1,0.1,0.1,0.3,0.2,1.0,dRI,A0,dRI:A0,-0.2
B_attacker_costs,0.1,0.1,0.1,0.3,0.25,0.0,dRID,AD,dRID:AD,-0.49602
B_attacker_costs,0.1,0.1,0.1,0.3,0.25,0.05,dRID,AD,dRID:AD,-0.49602
B_attacker_costs,0.1,0.1,0.1,0.3,0.25,0.1,dRID,AD,dRID:AD,-0.49602
B_attacker_costs,0.1,0.1,0.1,0.3,0.25,0.15,dRID,AD,dRID:AD,-0.49602
B_attacker_costs,0.1,0.1,0.1,0.3,0.25,0.2,dRID,A0,dRID:A0,-0.30000000000000004
B_attacker_costs,0.1,0.1,0.1,0.3,0.25,0.25,dRID,A0,dRID:A0,-0.30000000000000004
B_attacker_costs,0.1,0.1,0.1,0.3,0.25,0.3,dRID,A0,dRID:A0,-0.30000000000000004
B_attacker_costs,0.1,0.1,0.1,0.3,0.25,0.35,dRID,A0,dRID:A0,-0.30000000000000004
B_attacker_costs,0.1,0.1,0.1,0.3,0.25,0.4,dRID,A0,dRID:A0,-0.30000000000000004
B_attacker_costs,0.1,0.1,0.1,0.3,0.25,0.45,dRI,A0,dRI:A0,-0.2
B_attacker_costs,0.1,0.1,0.1,0.3,0.25,0.5,dRI,A0,dRI:A0,-0.2
B_attacker_costs,0.1,0.1,0.1,0.3,0.25,0.55,dRI,A0,dRI:A0,-0.2
B_attacker_costs,0.1,0.1,0.1,0.3,0.25,0.6,dRI,A0,dRI:A0,-0.2
B_attacker_costs,0.1,0.1,0.1,0.3,0.25,0.65,dRI,A0,dRI:A0,-0.2
B_attacker_costs,0.1,0.1,0.1,0.3,0.25,0.7,dRI,A0,dRI:A0,-0.2
B_attacker_costs,0.1,0.1,0.1,0.3,0.25,0.75,dRI,A0,dRI:A0,-0.2
B_attacker_costs,0.1,0.1,0.1,0.3,0.25,0.8,dRI,A0,dRI:A0,-0.2
B_attacker_costs,0.1,0.1,0.1,0.3,0.25,0.85,dRI,A0,dRI:A0,-0.2
B_attacker_costs,0.1,0.1,0.1,0.3,0.25,0.9,dRI,A0,dRI:A0,-0.2
B_attacker_costs,0.1,0.1,0.1,0.3,0.25,0.95,dRI,A0,dRI:A0,-0.2
B_attacker_costs,0.1,0.1,0.1,0.3,0.25,1.0,dRI,A0,dRI:A0,-0.2
B_attacker_costs,0.1,0.1,0.1,0.3,0.3,0.0,dRID,AD,dRID:AD,-0.49602
B_attacker_costs,0.1,0.1,0.1,0.3,0.3,0.05,dRID,AD,dRID:AD,-0.49602
B_attacker_costs,0.1,0.1,0.1,0.3,0.3,0.1,dRID,AD,dRID:AD,-0.49602
B_attacker_costs,0.1,0.1,0.1,0.3,0.3,0.15,dRID,AD,dRID:AD,-0.49602
B_attacker_costs,0.1,0.1,0.1,0.3,0.3,0.2,dRID,A0,dRID:A0,-0.30000000000000004
B_attacker_costs,0.1,0.1,0.1,0.3,0.3,0.25,dRID,A0,dRID:A0,-0.30000000000000004
B_attacker_costs,0.1,0.1,0.1,0.3,0.3,0.3,dRID,A0,dRID:A0,-0.30000000000000004
B_attacker_costs,0.1,0.1,0.1,0.3,0.3,0.35,dRID,A0,dRID:A0,-0.30000000000000004
B_attacker_costs,0.1,0.1,0.1,0.3,0.3,0.4,dRID,A0,dRID:A0,-0.30000000000000004
B_attacker_costs,0.1,0.1,0.1,0.3,0.3,0.45,dRI,A0,dRI:A0,-0.2
B_attacker_costs,0.1,0.1,0.1,0.3,0.3,0.5,dRI,A0,dRI:A0,-0.2
B_attacker_costs,0.1,0.1,0.1,0.3,0.3,0.55,dRI,A0,dRI:A0,-0.2
B_attacker_costs,0.1,0.1,0.1,0.3,0.3,0.6,dRI,A0,dRI:A0,-0.2
B_attacker_costs,0.1,0.1,0.1,0.3,0.3,0.65,dRI,A0,dRI:A0,-0.2
B_attacker_costs,0.1,0.1,0.1,0.3,0.3,0.7,dRI,A0,dRI:A0,-0.2
B_attacker_costs,0.1,0.1,0.1,0.3,0.3,0.75,dRI,A0,dRI:A0,-0.2
B_attacker_costs,0.1,0.1,0.1,0.3,0.3,0.8,dRI,A0,dRI:A0,-0.2
B_attacker_costs,0.1,0.1,0.1,0.3,0.3,0.85,dRI,A0,dRI:A0,-0.2
B_attacker_costs,0.1,0.1,0.1,0.3,0.3,0.9,dRI,A0,dRI:A0,-0.2
B_attacker_costs,0.1,0.1,0.1,0.3,0.3,0.95,dRI,A0,dRI:A0,-0.2
B_attacker_costs,0.1,0.1,0.1,0.3,0.3,1.0,dRI,A0,dRI:A0,-0.2
B_attacker_costs,0.1,0.1,0.1,0.3,0.35,0.0,dRID,AD,dRID:AD,-0.49602
B_attacker_costs,0.1,0.1,0.1,0.3,0.35,0.05,dRID,AD,dRID:AD,-0.49602
B_attacker_costs,0.1,0.1,0.1,0.3,0.35,0.1,dRID,AD,dRID:AD,-0.49602
B_attacker_costs,0.1,0.1,0.1,0.3,0.35,0.15,dRID,AD,dRID:AD,-0.49602
B_attacker_costs,0.1,0.1,0.1,0.3,0.35,0.2,dRID,A0,dRID:A0,-0.30000000000000004
B_attacker_costs,0.1,0.1,0.1,0.3,0.35,0.25,dRID,A0,dRID:A0,-0.30000000000000004
B_attacker_costs,0.1,0.1,0.1,0.3,0.35,0.3,dRID,A0,dRID:A0,-0.30000000000000004
B_attacker_costs,0.1,0.1,0.1,0.3,0.35,0.35,dRID,A0,dRID:A0,-0.30000000000000004
B_attacker_costs,0.1,0.1,0.1,0.3,0.35,0.4,dRID,A0,dRID:A0,-0.30000000000000004
B_attacker_costs,0.1,0.1,0.1,0.3,0.35,0.45,dRI,A0,dRI:A0,-0.2
B_attacker_costs,0.1,0.1,0.1,0.3,0.35,0.5,dRI,A0,dRI:A0,-0.2
B_attacker_costs,0.1,0.1,0.1,0.3,0.35,0.55,dRI,A0,dRI:A0,-0.2
B_attacker_costs,0.1,0.1,0.1,0.3,0.35,0.6,dRI,A0,dRI:A0,-0.2
B_attacker_costs,0.1,0.1,0.1,0.3,0.35,0.65,dRI,A0,dRI:A0,-0.2
B_attacker_costs,0.1,0.1,0.1,0.3,0.35,0.7,dRI,A0,dRI:A0,-0.2
B_attacker_costs,0.1,0.1,0.1,0.3,0.35,0.75,dRI,A0,dRI:A0,-0.2
B_attacker_costs,0.1,0.1,0.1,0.3,0.35,0.8,dRI,A0,dRI:A0,-0.2
B_attacker_costs,0.1,0.1,0.1,0.3,0.35,0.85,dRI,A0,dRI:A0,-0.2
B_attacker_costs,0.1,0.1,0.1,0.3,0.35,0.9,dRI,A0,dRI:A0,-0.2
B_attacker_costs,0.1,0.1,0.1,0.3,0.35,0.95,dRI,A0,dRI:A0,-0.2
B_attacker_costs,0.1,0.1,0.1,0.3,0.35,1.0,dRI,A0,dRI:A0,-0.2
B_attacker_costs,0.1,0.1,0.1,0.3,0.4,0.0,dRID,AD,dRID:AD,-0.49602
B_attacker_costs,0.1,0.1,0.1,0.3,0.4,0.05,dRID,AD,dRID:AD,-0.49602
B_attacker_costs,0.1,0.1,0.1,0.3,0.4,0.1,dRID,AD,dRID:AD,-0.49602
B_attacker_costs,0.1,0.1,0.1,0.3,0.4,0.15,dRID,AD,dRID:AD,-0.49602
B_attacker_costs,0.1,0.1,0.1,0.3,0.4,0.2,dRID,A0,dRID:A0,-0.30000000000000004
B_attacker_costs,0.1,0.1,0.1,0.3,0.4,0.25,dRID,A0,dRID:A0,-0.30000000000000004
B_attacker_costs,0.1,0.1,0.1,0.3,0.4,0.3,dRID,A0,dRID:A0,-0.30000000000000004
B_attacker_costs,0.1,0.1,0.1,0.3,0.4,0.35,dRID,A0,dRID:A0,-0.30000000000000004
B_attacker_costs,0.1,0.1,0.1,0.3,0.4,0.4,dRID,A0,dRID:A0,-0.30000000000000004
B_attacker_costs,0.1,0.1,0.1,0.3,0.4,0.45,dRI,A0,dRI:A0,-0.2
B_attacker_costs,0.1,0.1,0.1,0.3,0.4,0.5,dRI,A0,dRI:A0,-0.2
B_attacker_costs,0.1,0.1,0.1,0.3,0.4,0.55,dRI,A0,dRI:A0,-0.2
B_attacker_costs,0.1,0.1,0.1,0.3,0.4,0.6,dRI,A0,dRI:A0,-0.2
B_attacker_costs,0.1,0.1,0.1,0.3,0.4,0.65,dRI,A0,dRI:A0,-0.2
B_attacker_costs,0.1,0.1,0.1,0.3,0.4,0.7,dRI,A0,dRI:A0,-0.2
B_attacker_costs,0.1,0.1,0.1,0.3,0.4,0.75,dRI,A0,dRI:A0,-0.2
B_attacker_costs,0.1,0.1,0.1,0.3,0.4,0.8,dRI,A0,dRI:A0,-0.2
B_attacker_costs,0.1,0.1,0.1,0.3,0.4,0.85,dRI,A0,dRI:A0,-0.2
B_attacker_costs,0.1,0.1,0.1,0.3,0.4,0.9,dRI,A0,dRI:A0,-0.2
B_attacker_costs,0.1,0.1,0.1,0.3,0.4,0.95,dRI,A0,dRI:A0,-0.2
B_attacker_costs,0.1,0.1,0.1,0.3,0.4,1.0,dRI,A0,dRI:A0,-0.2
B_attacker_costs,0.1,0.1,0.1,0.3,0.45,0.0,dRID,AD,dRID:AD,-0.49602
B_attacker_costs,0.1,0.1,0.1,0.3,0.45,0.05,dRID,AD,dRID:AD,-0.49602
B_attacker_costs,0.1,0.1,0.1,0.3,0.45,0.1,dRID,AD,dRID:AD,-0.49602
B_attacker_costs,0.1,0.1,0.1,0.3,0.45,0.15,dRID,AD,dRID:AD,-0.49602
B_attacker_costs,0.1,0.1,0.1,0.3,0.45,0.2,dRID,A0,dRID:A0,-0.30000000000000004
B_attacker_costs,0.1,0.1,0.1,0.3,0.45,0.25,dRID,A0,dRID:A0,-0.30000000000000004
B_attacker_costs,0.1,0.1,0.1,0.3,0.45,0.3,dRID,A0,dRID:A0,-0.30000000000000004
B_attacker_costs,0.1,0.1,0.1,0.3,0.45,0.35,dRID,A0,dRID:A0,-0.30000000000000004
B_attacker_costs,0.1,0.1,0.1,0.3,0.45,0.4,dRID,A0,dRID:A0,-0.30000000000000004
B_attacker_costs,0.1,0.1,0.1,0.3,0.45,0.45,dRI,A0,dRI:A0,-0.2
B_attacker_costs,0.1,0.1,0.1,0.3,0.45,0.5,dRI,A0,dRI:A0,-0.2
B_attacker_costs,0.1,0.1,0.1,0.3,0.45,0.55,dRI,A0,dRI:A0,-0.2
B_attacker_costs,0.1,0.1,0.1,0.3,0.45,0.6,dRI,A0,dRI:A0,-0.2
B_attacker_costs,0.1,0.1,0.1,0.3,0.45,0.65,dRI,A0,dRI:A0,-0.2
B_attacker_costs,0.1,0.1,0.1,0.3,0.45,0.7,dRI,A0,dRI:A0,-0.2
B_attacker_costs,0.1,0.1,0.1,0.3,0.45,0.75,dRI,A0,dRI:A0,-0.2
B_attacker_costs,0.1,0.1,0.1,0.3,0.45,0.8,dRI,A0,dRI:A0,-0.2
B_attacker_costs,0.1,0.1,0.1,0.3,0.45,0.85,dRI,A0,dRI:A0,-0.2
B_attacker_costs,0.1,0.1,0.1,0.3,0.45,0.9,dRI,A0,dRI:A0,-0.2
B_attacker_costs,0.1,0.1,0.1,0.3,0.45,0.95,dRI,A0,dRI:A0,-0.2
B_attacker_costs,0.1,0.1,0.1,0.3,0.45,1.0,dRI,A0,dRI:A0,-0.2
B_attacker_costs,0.1,0.1,0.1,0.3,0.5,0.0,dRID,AD,dRID:AD,-0.49602
B_attacker_costs,0.1,0.1,0.1,0.3,0.5,0.05,dRID,AD,dRID:AD,-0.49602
B_attacker_costs,0.1,0.1,0.1,0.3,0.5,0.1,dRID,AD,dRID:AD,-0.49602
B_attacker_costs,0.1,0.1,0.1,0.3,0.5,0.15,dRID,AD,dRID:AD,-0.49602
B_attacker_costs,0.1,0.1,0.1,0.3,0.5,0.2,dRID,A0,dRID:A0,-0.30000000000000004
B_attacker_costs,0.1,0.1,0.1,0.3,0.5,0.25,dRID,A0,dRID:A0,-0.30000000000000004
B_attacker_costs,0.1,0.1,0.1,0.3,0.5,0.3,dRID,A0,dRID:A0,-0.30000000000000004
B_attacker_costs,0.1,0.1,0.1,0.3,0.5,0.35,dRID,A0,dRID:A0,-0.30000000000000004
B_attacker_costs,0.1,0.1,0.1,0.3,0.5,0.4,dRID,A0,dRID:A0,-0.30000000000000004
B_attacker_costs,0.1,0.1,0.1,0.3,0.5,0.45,dRI,A0,dRI:A0,-0.2
B_attacker_costs,0.1,0.1,0.1,0.3,0.5,0.5,dRI,A0,dRI:A0,-0.2
B_attacker_costs,0.1,0.1,0.1,0.3,0.5,0.55,dRI,A0,dRI:A0,-0.2
B_attacker_costs,0.1,0.1,0.1,0.3,0.5,0.6,dRI,A0,dRI:A0,-0.2
B_attacker_costs,0.1,0.1,0.1,0.3,0.5,0.65,dRI,A0,dRI:A0,-0.2
B_attacker_costs,0.1,0.1,0.1,0.3,0.5,0.7,dRI,A0,dRI:A0,-0.2
B_attacker_costs,0.1,0.1,0.1,0.3,0.5,0.75,dRI,A0,dRI:A0,-0.2
B_attacker_costs,0.1,0.1,0.1,0.3,0.5,0.8,dRI,A0,dRI:A0,-0.2
B_attacker_costs,0.1,0.1,0.1,0.3,0.5,0.85,dRI,A0,dRI:A0,-0.2
B_attacker_costs,0.1,0.1,0.1,0.3,0.5,0.9,dRI,A0,dRI:A0,-0.2
B_attacker_costs,0.1,0.1,0.1,0.3,0.5,0.95,dRI,A0,dRI:A0,-0.2
B_attacker_costs,0.1,0.1,0.1,0.3,0.5,1.0,dRI,A0,dRI:A0,-0.2
B_attacker_costs,0.1,0.1,0.1,0.3,0.55,0.0,dRID,AD,dRID:AD,-0.49602
B_attacker_costs,0.1,0.1,0.1,0.3,0.55,0.05,dRID,AD,dRID:AD,-0.49602
B_attacker_costs,0.1,0.1,0.1,0.3,0.55,0.1,dRID,AD,dRID:AD,-0.49602
B_attacker_costs,0.1,0.1,0.1,0.3,0.55,0.15,dRID,AD,dRID:AD,-0.49602
B_attacker_costs,0.1,0.1,0.1,0.3,0.55,0.2,dRID,A0,dRID:A0,-0.30000000000000004
B_attacker_costs,0.1,0.1,0.1,0.3,0.55,0.25,dRID,A0,dRID:A0,-0.30000000000000004
B_attacker_costs,0.1,0.1,0.1,0.3,0.55,0.3,dRID,A0,dRID:A0,-0.30000000000000004
B_attacker_costs,0.1,0.1,0.1,0.3,0.55,0.35,dRID,A0,dRID:A0,-0.30000000000000004
B_attacker_costs,0.1,0.1,0.1,0.3,0.55,0.4,dRID,A0,dRID:A0,-0.30000000000000004
B_attacker_costs,0.1,0.1,0.1,0.3,0.55,0.45,dRI,A0,dRI:A0,-0.2
B_attacker_costs,0.1,0.1,0.1,0.3,0.55,0.5,dRI,A0,dRI:A0,-0.2
B_attacker_costs,0.1,0.1,0.1,0.3,0.55,0.55,dRI,A0,dRI:A0,-0.2
B_attacker_costs,0.1,0.1,0.1,0.3,0.55,0.6,dRI,A0,dRI:A0,-0.2
B_attacker_costs,0.1,0.1,0.1,0.3,0.55,0.65,dRI,A0,dRI:A0,-0.2
B_attacker_costs,0.1,0.1,0.1,0.3,0.55,0.7,dRI,A0,dRI:A0,-0.2
B_attacker_costs,0.1,0.1,0.1,0.3,0.55,0.75,dRI,A0,dRI:A0,-0.2
B_attacker_costs,0.1,0.1,0.1,0.3,0.55,0.8,dRI,A0,dRI:A0,-0.2
B_attacker_costs,0.1,0.1,0.1,0.3,0.55,0.85,dRI,A0,dRI:A0,-0.2
B_attacker_costs,0.1,0.1,0.1,0.3,0.55,0.9,dRI,A0,dRI:A0,-0.2
B_attacker_costs,0.1,0.1,0.1,0.3,0.55,0.95,dRI,A0,dRI:A0,-0.2
B_attacker_costs,0.1,0.1,0.1,0.3,0.55,1.0,dRI,A0,dRI:A0,-0.2
B_attacker_costs,0.1,0.1,0.1,0.3,0.6,0.0,dRID,AD,dRID:AD,-0.49602
B_attacker_costs,0.1,0.1,0.1,0.3,0.6,0.05,dRID,AD,dRID:AD,-0.49602
B_attacker_costs,0.1,0.1,0.1,0.3,0.6,0.1,dRID,AD,dRID:AD,-0.49602
B_attacker_costs,0.1,0.1,0.1,0.3,0.6,0.15,dRID,AD,dRID:AD,-0.49602
B_attacker_costs,0.1,0.1,0.1,0.3,0.6,0.2,dRID,A0,dRID:A0,-0.30000000000000004
B_attacker_costs,0.1,0.1,0.1,0.3,0.6,0.25,dRID,A0,dRID:A0,-0.30000000000000004
B_attacker_costs,0.1,0.1,0.1,0.3,0.6,0.3,dRID,A0,dRID:A0,-0.30000000000000004
B_attacker_costs,0.1,0.1,0.1,0.3,0.6,0.35,dRID,A0,dRID:A0,-0.30000000000000004
B_attacker_costs,0.1,0.1,0.1,0.3,0.6,0.4,dRID,A0,dRID:A0,-0.30000000000000004
B_attacker_costs,0.1,0.1,0.1,0.3,0.6,0.45,dRI,A0,dRI:A0,-0.2
B_attacker_costs,0.1,0.1,0.1,0.3,0.6,0.5,dRI,A0,dRI:A0,-0.2
B_attacker_costs,0.1,0.1,0.1,0.3,0.6,0.55,dRI,A0,dRI:A0,-0.2
B_attacker_costs,0.1,0.1,0.1,0.3,0.6,0.6,dRI,A0,dRI:A0,-0.2
B_attacker_costs,0.1,0.1,0.1,0.3,0.6,0.65,dRI,A0,dRI:A0,-0.2
B_attacker_costs,0.1,0.1,0.1,0.3,0.6,0.7,dRI,A0,dRI:A0,-0.2
B_attacker_costs,0.1,0.1,0.1,0.3,0.6,0.75,dRI,A0,dRI:A0,-0.2
B_attacker_costs,0.1,0.1,0.1,0.3,0.6,0.8,dRI,A0,dRI:A0,-0.2
B_attacker_costs,0.1,0.1,0.1,0.3,0.6,0.85,dRI,A0,dRI:A0,-0.2
B_attacker_costs,0.1,0.1,0.1,0.3,0.6,0.9,dRI,A0,dRI:A0,-0.2
B_attacker_costs,0.1,0.1,0.1,0.3,0.6,0.95,dRI,A0,dRI:A0,-0.2
B_attacker_costs,0.1,0.1,0.1,0.3,0.6,1.0,dRI,A0,dRI:A0,-0.2
B_attacker_costs,0.1,0.1,0.1,0.3,0.65,0.0,dRID,AD,dRID:AD,-0.49602
B_attacker_costs,0.1,0.1,0.1,0.3,0.65,0.05,dRID,AD,dRID:AD,-0.49602
B_attacker_costs,0.1,0.1,0.1,0.3,0.65,0.1,dRID,AD,dRID:AD,-0.49602
B_attacker_costs,0.1,0.1,0.1,0.3,0.65,0.15,dRID,AD,dRID:AD,-0.49602
B_attacker_costs,0.1,0.1,0.1,0.3,0.65,0.2,dRID,A0,dRID:A0,-0.30000000000000004
B_attacker_costs,0.1,0.1,0.1,0.3,0.65,0.25,dRID,A0,dRID:A0,-0.30000000000000004
B_attacker_costs,0.1,0.1,0.1,0.3,0.65,0.3,dRID,A0,dRID:A0,-0.30000000000000004
B_attacker_costs,0.1,0.1,0.1,0.3,0.65,0.35,dRID,A0,dRID:A0,-0.30000000000000004
B_attacker_costs,0.1,0.1,0.1,0.3,0.65,0.4,dRID,A0,dRID:A0,-0.30000000000000004
B_attacker_costs,0.1,0.1,0.1,0.3,0.65,0.45,dRI,A0,dRI:A0,-0.2
B_attacker_costs,0.1,0.1,0.1,0.3,0.65,0.5,dRI,A0,dRI:A0,-0.2
B_attacker_costs,0.1,0.1,0.1,0.3,0.65,0.55,dRI,A0,dRI:A0,-0.2
B_attacker_costs,0.1,0.1,0.1,0.3,0.65,0.6,dRI,A0,dRI:A0,-0.2
B_attacker_costs,0.1,0.1,0.1,0.3,0.65,0.65,dRI,A0,dRI:A0,-0.2
B_attacker_costs,0.1,0.1,0.1,0.3,0.65,0.7,dRI,A0,dRI:A0,-0.2
B_attacker_costs,0.1,0.1,0.1,0.3,0.65,0.75,dRI,A0,dRI:A0,-0.2
B_attacker_costs,0.1,0.1,0.1,0.3,0.65,0.8,dRI,A0,dRI:A0,-0.2
B_attacker_costs,0.1,0.1,0.1,0.3,0.65,0.85,dRI,A0,dRI:A0,-0.2
B_attacker_costs,0.1,0.1,0.1,0.3,0.65,0.9,dRI,A0,dRI:A0,-0.2
B_attacker_costs,0.1,0.1,0.1,0.3,0.65,0.95,dRI,A0,dRI:A0,-0.2
B_attacker_costs,0.1,0.1,0.1,0.3,0.65,1.0,dRI,A0,dRI:A0,-0.2
B_attacker_costs,0.1,0.1,0.1,0.3,0.7,0.0,dRID,AD,dRID:AD,-0.49602
B_attacker_costs,0.1,0.1,0.1,0.3,0.7,0.05,dRID,AD,dRID:AD,-0.49602
B_attacker_costs,0.1,0.1,0.1,0.3,0.7,0.1,dRID,AD,dRID:AD,-0.49602
B_attacker_costs,0.1,0.1,0.1,0.3,0.7,0.15,dRID,AD,dRID:AD,-0.49602
B_attacker_costs,0.1,0.1,0.1,0.3,0.7,0.2,dRID,A0,dRID:A0,-0.30000000000000004
B_attacker_costs,0.1,0.1,0.1,0.3,0.7,0.25,dRID,A0,dRID:A0,-0.30000000000000004
B_attacker_costs,0.1,0.1,0.1,0.3,0.7,0.3,dRID,A0,dRID:A0,-0.30000000000000004
B_attacker_costs,0.1,0.1,0.1,0.3,0.7,0.35,dRID,A0,dRID:A0,-0.30000000000000004
B_attacker_costs,0.1,0.1,0.1,0.3,0.7,0.4,dRID,A0,dRID:A0,-0.30000000000000004
B_attacker_costs,0.1,0.1,0.1,0.3,0.7,0.45,dRI,A0,dRI:A0,-0.2
B_attacker_costs,0.1,0.1,0.1,0.3,0.7,0.5,dRI,A0,dRI:A0,-0.2
B_attacker_costs,0.1,0.1,0.1,0.3,0.7,0.55,dRI,A0,dRI:A0,-0.2
B_attacker_costs,0.1,0.1,0.1,0.3,0.7,0.6,dRI,A0,dRI:A0,-0.2
B_attacker_costs,0.1,0.1,0.1,0.3,0.7,0.65,dRI,A0,dRI:A0,-0.2
B_attacker_costs,0.1,0.1,0.1,0.3,0.7,0.7,dRI,A0,dRI:A0,-0.2
B_attacker_costs,0.1,0.1,0.1,0.3,0.7,0.75,dRI,A0,dRI:A0,-0.2
B_attacker_costs,0.1,0.1,0.1,0.3,0.7,0.8,dRI,A0,dRI:A0,-0.2
B_attacker_costs,0.1,0.1,0.1,0.3,0.7,0.85,dRI,A0,dRI:A0,-0.2
B_attacker_costs,0.1,0.1,0.1,0.3,0.7,0.9,dRI,A0,dRI:A0,-0.2
B_attacker_costs,0.1,0.1,0.1,0.3,0.7,0.95,dRI,A0,dRI:A0,-0.2
B_attacker_costs,0.1,0.1,0.1,0.3,0.7,1.0,dRI,A0,dRI:A0,-0.2
B_attacker_costs,0.1,0.1,0.1,0.3,0.75,0.0,dRID,AD,dRID:AD,-0.49602
B_attacker_costs,0.1,0.1,0.1,0.3,0.75,0.05,dRID,AD,dRID:AD,-0.49602
B_attacker_costs,0.1,0.1,0.1,0.3,0.75,0.1,dRID,AD,dRID:AD,-0.49602
B_attacker_costs,0.1,0.1,0.1,0.3,0.75,0.15,dRID,AD,dRID:AD,-0.49602
B_attacker_costs,0.1,0.1,0.1,0.3,0.75,0.2,dRID,A0,dRID:A0,-0.30000000000000004
B_attacker_costs,0.1,0.1,0.1,0.3,0.75,0.25,dRID,A0,dRID:A0,-0.30000000000000004
B_attacker_costs,0.1,0.1,0.1,0.3,0.75,0.3,dRID,A0,dRID:A0,-0.30000000000000004
B_attacker_costs,0.1,0.1,0.1,0.3,0.75,0.35,dRID,A0,dRID:A0,-0.30000000000000004
B_attacker_costs,0.1,0.1,0.1,0.3,0.75,0.4,dRID,A0,dRID:A0,-0.30000000000000004
B_attacker_costs,0.1,0.1,0.1,0.3,0.75,0.45,dRI,A0,dRI:A0,-0.2
B_attacker_costs,0.1,0.1,0.1,0.3,0.75,0.5,dRI,A0,dRI:A0,-0.2
B_attacker_costs,0.1,0.1,0.1,0.3,0.75,0.55,dRI,A0,dRI:A0,-0.2
B_attacker_costs,0.1,0.1,0.1,0.3,0.75,0.6,dRI,A0,dRI:A0,-0.2
B_attacker_costs,0.1,0.1,0.1,0.3,0.75,0.65,dRI,A0,dRI:A0,-0.2
B_attacker_costs,0.1,0.1,0.1,0.3,0.75,0.7,dRI,A0,dRI:A0,-0.2
B_attacker_costs,0.1,0.1,0.1,0.3,0.75,0.75,dRI,A0,dRI:A0,-0.2
B_attacker_costs,0.1,0.1,0.1,0.3,0.75,0.8,dRI,A0,dRI:A0,-0.2
B_attacker_costs,0.1,0.1,0.1,0.3,0.75,0.85,dRI,A0,dRI:A0,-0.2
B_attacker_costs,0.1,0.1,0.1,0.3,0.75,0.9,dRI,A0,dRI:A0,-0.2
B_attacker_costs,0.1,0.1,0.1,0.3,0.75,0.95,dRI,A0,dRI:A0,-0.2
B_attacker_costs,0.1,0.1,0.1,0.3,0.75,1.0,dRI,A0,dRI:A0,-0.2
B_attacker_costs,0.1,0.1,0.1,0.3,0.8,0.0,dRID,AD,dRID:AD,-0.49602
B_attacker_costs,0.1,0.1,0.1,0.3,0.8,0.05,dRID,AD,dRID:AD,-0.49602
B_attacker_costs,0.1,0.1,0.1,0.3,0.8,0.1,dRID,AD,dRID:AD,-0.49602
B_attacker_costs,0.1,0.1,0.1,0.3,0.8,0.15,dRID,AD,dRID:AD,-0.49602
B_attacker_costs,0.1,0.1,0.1,0.3,0.8,0.2,dRID,A0,dRID:A0,-0.30000000000000004
B_attacker_costs,0.1,0.1,0.1,0.3,0.8,0.25,dRID,A0,dRID:A0,-0.30000000000000004
B_attacker_costs,0.1,0.1,0.1,0.3,0.8,0.3,dRID,A0,dRID:A0,-0.30000000000000004
B_attacker_costs,0.1,0.1,0.1,0.3,0.8,0.35,dRID,A0,dRID:A0,-0.30000000000000004
B_attacker_costs,0.1,0.1,0.1,0.3,0.8,0.4,dRID,A0,dRID:A0,-0.30000000000000004
B_attacker_costs,0.1,0.1,0.1,0.3,0.8,0.45,dRI,A0,dRI:A0,-0.2
B_attacker_costs,0.1,0.1,0.1,0.3,0.8,0.5,dRI,A0,dRI:A0,-0.2
B_attacker_costs,0.1,0.1,0.1,0.3,0.8,0.55,dRI,A0,dRI:A0,-0.2
B_attacker_costs,0.1,0.1,0.1,0.3,0.8,0.6,dRI,A0,dRI:A0,-0.2
B_attacker_costs,0.1,0.1,0.1,0.3,0.8,0.65,dRI,A0,dRI:A0,-0.2
B_attacker_costs,0.1,0.1,0.1,0.3,0.8,0.7,dRI,A0,dRI:A0,-0.2
B_attacker_costs,0.1,0.1,0.1,0.3,0.8,0.75,dRI,A0,dRI:A0,-0.2
B_attacker_costs,0.1,0.1,0.1,0.3,0.8,0.8,dRI,A0,dRI:A0,-0.2
B_attacker_costs,0.1,0.1,0.1,0.3,0.8,0.85,dRI,A0,dRI:A0,-0.2
B_attacker_costs,0.1,0.1,0.1,0.3,0.8,0.9,dRI,A0,dRI:A0,-0.2
B_attacker_costs,0.1,0.1,0.1,0.3,0.8,0.95,dRI,A0,dRI:A0,-0.2
B_attacker_costs,0.1,0.1,0.1,0.3,0.8,1.0,dRI,A0,dRI:A0,-0.2
B_attacker_costs,0.1,0.1,0.1,0.3,0.85,0.0,dRD,AD,dRD:AD,-0.39602000000000004
B_attacker_costs,0.1,0.1,0.1,0.3,0.85,0.05,dRID,AD,dRID:AD,-0.49602
B_attacker_costs,0.1,0.1,0.1,0.3,0.85,0.1,dRID,AD,dRID:AD,-0.49602
B_attacker_costs,0.1,0.1,0.1,0.3,0.85,0.15,dRID,AD,dRID:AD,-0.49602
B_attacker_costs,0.1,0.1,0.1,0.3,0.85,0.2,dRID,A0,dRID:A0,-0.30000000000000004
B_attacker_costs,0.1,0.1,0.1,0.3,0.85,0.25,dRID,A0,dRID:A0,-0.30000000000000004
B_attacker_costs,0.1,0.1,0.1,0.3,0.85,0.3,dRID,A0,dRID:A0,-0.30000000000000004
B_attacker_costs,0.1,0.1,0.1,0.3,0.85,0.35,dRID,A0,dRID:A0,-0.30000000000000004
B_attacker_costs,0.1,0.1,0.1,0.3,0.85,0.4,dRID,A0,dRID:A0,-0.30000000000000004
B_attacker_costs,0.1,0.1,0.1,0.3,0.85,0.45,dRI,A0,dRI:A0,-0.2
B_attacker_costs,0.1,0.1,0.1,0.3,0.85,0.5,dRI,A0,dRI:A0,-0.2
B_attacker_costs,0.1,0.1,0.1,0.3,0.85,0.55,dRI,A0,dRI:A0,-0.2
B_attacker_costs,0.1,0.1,0.1,0.3,0.85,0.6,dRI,A0,dRI:A0,-0.2
B_attacker_costs,0.1,0.1,0.1,0.3,0.85,0.65,dRI,A0,dRI:A0,-0.2
B_attacker_costs,0.1,0.1,0.1,0.3,0.85,0.7,dRI,A0,dRI:A0,-0.2
B_attacker_costs,0.1,0.1,0.1,0.3,0.85,0.75,dRI,A0,dRI:A0,-0.2
B_attacker_costs,0.1,0.1,0.1,0.3,0.85,0.8,dRI,A0,dRI:A0,-0.2
B_attacker_costs,0.1,0.1,0.1,0.3,0.85,0.85,dRI,A0,dRI:A0,-0.2
B_attacker_costs,0.1,0.1,0.1,0.3,0.85,0.9,dRI,A0,dRI:A0,-0.2
B_attacker_costs,0.1,0.1,0.1,0.3,0.85,0.95,dRI,A0,dRI:A0,-0.2
B_attacker_costs,0.1,0.1,0.1,0.3,0.85,1.0,dRI,A0,dRI:A0,-0.2
B_attacker_costs,0.1,0.1,0.1,0.3,0.9,0.0,dRD,AD,dRD:AD,-0.39602000000000004
B_attacker_costs,0.1,0.1,0.1,0.3,0.9,0.05,dRD,AD,dRD:AD,-0.39602000000000004
B_attacker_costs,0.1,0.1,0.1,0.3,0.9,0.1,dRID,AD,dRID:AD,-0.49602
B_attacker_costs,0.1,0.1,0.1,0.3,0.9,0.15,dRID,AD,dRID:AD,-0.49602
B_attacker_costs,0.1,0.1,0.1,0.3,0.9,0.2,dRID,A0,dRID:A0,-0.30000000000000004
B_attacker_costs,0.1,0.1,0.1,0.3,0.9,0.25,dRID,A0,dRID:A0,-0.30000000000000004
B_attacker_costs,0.1,0.1,0.1,0.3,0.9,0.3,dRID,A0,dRID:A0,-0.30000000000000004
B_attacker_costs,0.1,0.1,0.1,0.3,0.9,0.35,dRID,A0,dRID:A0,-0.30000000000000004
B_attacker_costs,0.1,0.1,0.1,0.3,0.9,0.4,dRID,A0,dRID:A0,-0.30000000000000004
B_attacker_costs,0.1,0.1,0.1,0.3,0.9,0.45,dRI,A0,dRI:A0,-0.2
B_attacker_costs,0.1,0.1,0.1,0.3,0.9,0.5,dRI,A0,dRI:A0,-0.2
B_attacker_costs,0.1,0.1,0.1,0.3,0.9,0.55,dRI,A0,dRI:A0,-0.2
B_attacker_costs,0.1,0.1,0.1,0.3,0.9,0.6,dRI,A0,dRI:A0,-0.2
B_attacker_costs,0.1,0.1,0.1,0.3,0.9,0.65,dRI,A0,dRI:A0,-0.2
B_attacker_costs,0.1,0.1,0.1,0.3,0.9,0.7,dRI,A0,dRI:A0,-0.2
B_attacker_costs,0.1,0.1,0.1,0.3,0.9,0.75,dRI,A0,dRI:A0,-0.2
B_attacker_costs,0.1,0.1,0.1,0.3,0.9,0.8,dRI,A0,dRI:A0,-0.2
B_attacker_costs,0.1,0.1,0.1,0.3,0.9,0.85,dRI,A0,dRI:A0,-0.2
B_attacker_costs,0.1,0.1,0.1,0.3,0.9,0.9,dRI,A0,dRI:A0,-0.2
B_attacker_costs,0.1,0.1,0.1,0.3,0.9,0.95,dRI,A0,dRI:A0,-0.2
B_attacker_costs,0.1,0.1,0.1,0.3,0.9,1.0,dRI,A0,dRI:A0,-0.2
B_attacker_costs,0.1,0.1,0.1,0.3,0.95,0.0,dRD,AD,dRD:AD,-0.39602000000000004
B_attacker_costs,0.1,0.1,0.1,0.3,0.95,0.05,dRD,AD,dRD:AD,-0.39602000000000004
B_attacker_costs,0.1,0.1,0.1,0.3,0.95,0.1,dRD,AD,dRD:AD,-0.39602000000000004
B_attacker_costs,0.1,0.1,0.1,0.3,0.95,0.15,dRID,AD,dRID:AD,-0.49602
B_attacker_costs,0.1,0.1,0.1,0.3,0.95,0.2,dRID,A0,dRID:A0,-0.30000000000000004
B_attacker_costs,0.1,0.1,0.1,0.3,0.95,0.25,dRID,A0,dRID:A0,-0.30000000000000004
B_attacker_costs,0.1,0.1,0.1,0.3,0.95,0.3,dRID,A0,dRID:A0,-0.30000000000000004
B_attacker_costs,0.1,0.1,0.1,0.3,0.95,0.35,dRID,A0,dRID:A0,-0.30000000000000004
B_attacker_costs,0.1,0.1,0.1,0.3,0.95,0.4,dRID,A0,dRID:A0,-0.30000000000000004
B_attacker_costs,0.1,0.1,0.1,0.3,0.95,0.45,dRI,A0,dRI:A0,-0.2
B_attacker_costs,0.1,0.1,0.1,0.3,0.95,0.5,dRI,A0,dRI:A0,-0.2
B_attacker_costs,0.1,0.1,0.1,0.3,0.95,0.55,dRI,A0,dRI:A0,-0.2
B_attacker_costs,0.1,0.1,0.1,0.3,0.95,0.6,dRI,A0,dRI:A0,-0.2
B_attacker_costs,0.1,0.1,0.1,0.3,0.95,0.65,dRI,A0,dRI:A0,-0.2
B_attacker_costs,0.1,0.1,0.1,0.3,0.95,0.7,dRI,A0,dRI:A0,-0.2
B_attacker_costs,0.1,0.1,0.1,0.3,0.95,0.75,dRI,A0,dRI:A0,-0.2
B_attacker_costs,0.1,0.1,0.1,0.3,0.95,0.8,dRI,A0,dRI:A0,-0.2
B_attacker_costs,0.1,0.1,0.1,0.3,0.95,0.85,dRI,A0,dRI:A0,-0.2
B_attacker_costs,0.1,0.1,0.1,0.3,0.95,0.9,dRI,A0,dRI:A0,-0.2
B_attacker_costs,0.1,0.1,0.1,0.3,0.95,0.95,dRI,A0,dRI:A0,-0.2
B_attacker_costs,0.1,0.1,0.1,0.3,0.95,1.0,dRI,A0,dRI:A0,-0.2
B_attacker_costs,0.1,0.1,0.1,0.3,1.0,0.0,dRD,AD,dRD:AD,-0.39602000000000004
B_attacker_costs,0.1,0.1,0.1,0.3,1.0,0.05,dRD,AD,dRD:AD,-0.39602000000000004
B_attacker_costs,0.1,0.1,0.1,0.3,1.0,0.1,dRD,AD,dRD:AD,-0.39602000000000004
B_attacker_costs,0.1,0.1,0.1,0.3,1.0,0.15,dRD,AD,dRD:AD,-0.39602000000000004
B_attacker_costs,0.1,0.1,0.1,0.3,1.0,0.2,dRD,A0,dRD:A0,-0.2
B_attacker_costs,0.1,0.1,0.1,0.3,1.0,0.25,dRD,A0,dRD:A0,-0.2
B_attacker_costs,0.1,0.1,0.1,0.3,1.0,0.3,dRD,A0,dRD:A0,-0.2
B_attacker_costs,0.1,0.1,0.1,0.3,1.0,0.35,dRD,A0,dRD:A0,-0.2
B_attacker_costs,0.1,0.1,0.1,0.3,1.0,0.4,dRD,A0,dRD:A0,-0.2
B_attacker_costs,0.1,0.1,0.1,0.3,1.0,0.45,dR,A0,dR:A0,-0.1
B_attacker_costs,0.1,0.1,0.1,0.3,1.0,0.5,dR,A0,dR:A0,-0.1
B_attacker_costs,0.1,0.1,0.1,0.3,1.0,0.55,dR,A0,dR:A0,-0.1
B_attacker_costs,0.1,0.1,0.1,0.3,1.0,0.6,dR,A0,dR:A0,-0.1
B_attacker_costs,0.1,0.1,0.1,0.3,1.0,0.65,dR,A0,dR:A0,-0.1
B_attacker_costs,0.1,0.1,0.1,0.3,1.0,0.7,dR,A0,dR:A0,-0.1
B_attacker_costs,0.1,0.1,0.1,0.3,1.0,0.75,dR,A0,dR:A0,-0.1
B_attacker_costs,0.1,0.1,0.1,0.3,1.0,0.8,dR,A0,dR:A0,-0.1
B_attacker_costs,0.1,0.1,0.1,0.3,1.0,0.85,dR,A0,dR:A0,-0.1
B_attacker_costs,0.1,0.1,0.1,0.3,1.0,0.9,dR,A0,dR:A0,-0.1
B_attacker_costs,0.1,0.1,0.1,0.3,1.0,0.95,dR,A0,dR:A0,-0.1
B_attacker_costs,0.1,0.1,0.1,0.3,1.0,1.0,dR,A0,dR:A0,-0.1
B_attacker_costs,0.1,0.1,0.1,0.35,0.0,0.0,dRID,AD,dRID:AD,-0.49602
B_attacker_costs,0.1,0.1,0.1,0.35,0.0,0.05,dRID,AD,dRID:AD,-0.49602
B_attacker_costs,0.1,0.1,0.1,0.35,0.0,0.1,dRID,AD,dRID:AD,-0.49602
B_attacker_costs,0.1,0.1,0.1,0.35,0.0,0.15,dRID,AD,dRID:AD,-0.49602
B_attacker_costs,0.1,0.1,0.1,0.35,0.0,0.2,dRID,AI,dRID:AI,-0.30000000000000004
B_attacker_costs,0.1,0.1,0.1,0.35,0.0,0.25,dRID,AI,dRID:AI,-0.30000000000000004
B_attacker_costs,0.1,0.1,0.1,0.35,0.0,0.3,dRID,AI,dRID:AI,-0.30000000000000004
B_attacker_costs,0.1,0.1,0.1,0.35,0.0,0.35,dRID,AI,dRID:AI,-0.30000000000000004
B_attacker_costs,0.1,0.1,0.1,0.35,0.0,0.4,dRID,AI,dRID:AI,-0.30000000000000004
B_attacker_costs,0.1,0.1,0.1,0.35,0.0,0.45,dRI,AI,dRI:AI,-0.2
B_attacker_costs,0.1,0.1,0.1,0.35,0.0,0.5,dRI,AI,dRI:AI,-0.2
B_attacker_costs,0.1,0.1,0.1,0.35,0.0,0.55,dRI,AI,dRI:AI,-0.2
B_attacker_costs,0.1,0.1,0.1,0.35,0.0,0.6,dRI,AI,dRI:AI,-0.2
B_attacker_costs,0.1,0.1,0.1,0.35,0.0,0.65,dRI,AI,dRI:AI,-0.2
B_attacker_costs,0.1,0.1,0.1,0.35,0.0,0.7,dRI,AI,dRI:AI,-0.2
B_attacker_costs,0.1,0.1,0.1,0.35,0.0,0.75,dRI,AI,dRI:AI,-0.2
B_attacker_costs,0.1,0.1,0.1,0.35,0.0,0.8,dRI,AI,dRI:AI,-0.2
B_attacker_costs,0.1,0.1,0.1,0.35,0.0,0.85,dRI,AI,dRI:AI,-0.2
B_attacker_costs,0.1,0.1,0.1,0.35,0.0,0.9,dRI,AI,dRI:AI,-0.2
B_attacker_costs,0.1,0.1,0.1,0.35,0.0,0.95,dRI,AI,dRI:AI,-0.2
B_attacker_costs,0.1,0.1,0.1,0.35,0.0,1.0,dRI,AI,dRI:AI,-0.2
B_attacker_costs,0.1,0.1,0.1,0.35,0.05,0.0,dRID,AD,dRID:AD,-0.49602
B_attacker_costs,0.1,0.1,0.1,0.35,0.05,0.05,dRID,AD,dRID:AD,-0.49602
B_attacker_costs,0.1,0.1,0.1,0.35,0.05,0.1,dRID,AD,dRID:AD,-0.49602
B_attacker_costs,0.1,0.1,0.1,0.35,0.05,0.15,dRID,AD,dRID:AD,-0.49602
B_attacker_costs,0.1,0.1,0.1,0.35,0.05,0.2,dRID,A0,dRID:A0,-0.30000000000000004
B_attacker_costs,0.1,0.1,0.1,0.35,0.05,0.25,dRID,A0,dRID:A0,-0.30000000000000004
B_attacker_costs,0.1,0.1,0.1,0.35,0.05,0.3,dRID,A0,dRID:A0,-0.30000000000000004
B_attacker_costs,0.1,0.1,0.1,0.35,0.05,0.35,dRID,A0,dRID:A0,-0.30000000000000004
B_attacker_costs,0.1,0.1,0.1,0.35,0.05,0.4,dRID,A0,dRID:A0,-0.30000000000000004
B_attacker_costs,0.1,0.1,0.1,0.35,0.05,0.45,dRI,A0,dRI:A0,-0.2
B_attacker_costs,0.1,0.1,0.1,0.35,0.05,0.5,dRI,A0,dRI:A0,-0.2
B_attacker_costs,0.1,0.1,0.1,0.35,0.05,0.55,dRI,A0,dRI:A0,-0.2
B_attacker_costs,0.1,0.1,0.1,0.35,0.05,0.6,dRI,A0,dRI:A0,-0.2
B_attacker_costs,0.1,0.1,0.1,0.35,0.05,0.65,dRI,A0,dRI:A0,-0.2
B_attacker_costs,0.1,0.1,0.1,0.35,0.05,0.7,dRI,A0,dRI:A0,-0.2
B_attacker_costs,0.1,0.1,0.1,0.35,0.05,0.75,dRI,A0,dRI:A0,-0.2
B_attacker_costs,0.1,0.1,0.1,0.35,0.05,0.8,dRI,A0,dRI:A0,-0.2
B_attacker_costs,0.1,0.1,0.1,0.35,0.05,0.85,dRI,A0,dRI:A0,-0.2
B_attacker_costs,0.1,0.1,0.1,0.35,0.05,0.9,dRI,A0,dRI:A0,-0.2
B_attacker_costs,0.1,0.1,0.1,0.35,0.05,0.95,dRI,A0,dRI:A0,-0.2
B_attacker_costs,0.1,0.1,0.1,0.35,0.05,1.0,dRI,A0,dRI:A0,-0.2
B_attacker_costs,0.1,0.1,0.1,0.35,0.1,0.0,dRID,AD,dRID:AD,-0.49602
B_attacker_costs,0.1,0.1,0.1,0.35,0.1,0.05,dRID,AD,dRID:AD,-0.49602
B_attacker_costs,0.1,0.1,0.1,0.35,0.1,0.1,dRID,AD,dRID:AD,-0.49602
B_attacker_costs,0.1,0.1,0.1,0.35,0.1,0.15,dRID,AD,dRID:AD,-0.49602
B_attacker_costs,0.1,0.1,0.1,0.35,0.1,0.2,dRID,A0,dRID:A0,-0.30000000000000004
B_attacker_costs,0.1,0.1,0.1,0.35,0.1,0.25,dRID,A0,dRID:A0,-0.30000000000000004
B_attacker_costs,0.1,0.1,0.1,0.35,0.1,0.3,dRID,A0,dRID:A0,-0.30000000000000004
B_attacker_costs,0.1,0.1,0.1,0.35,0.1,0.35,dRID,A0,dRID:A0,-0.30000000000000004
B_attacker_costs,0.1,0.1,0.1,0.35,0.1,0.4,dRID,A0,dRID:A0,-0.30000000000000004
B_attacker_costs,0.1,0.1,0.1,0.35,0.1,0.45,dRI,A0,dRI:A0,-0.2
B_attacker_costs,0.1,0.1,0.1,0.35,0.1,0.5,dRI,A0,dRI:A0,-0.2
B_attacker_costs,0.1,0.1,0.1,0.35,0.1,0.55,dRI,A0,dRI:A0,-0.2
B_attacker_costs,0.1,0.1,0.1,0.35,0.1,0.6,dRI,A0,dRI:A0,-0.2
B_attacker_costs,0.1,0.1,0.1,0.35,0.1,0.65,dRI,A0,dRI:A0,-0.2
B_attacker_costs,0.1,0.1,0.1,0.35,0.1,0.7,dRI,A0,dRI:A0,-0.2
B_attacker_costs,0.1,0.1,0.1,0.35,0.1,0.75,dRI,A0,dRI:A0,-0.2
B_attacker_costs,0.1,0.1,0.1,0.35,0.1,0.8,dRI,A0,dRI:A0,-0.2
B_attacker_costs,0.1,0.1,0.1,0.35,0.1,0.85,dRI,A0,dRI:A0,-0.2
B_attacker_costs,0.1,0.1,0.1,0.35,0.1,0.9,dRI,A0,dRI:A0,-0.2
B_attacker_costs,0.1,0.1,0.1,0.35,0.1,0.95,dRI,A0,dRI:A0,-0.2
B_attacker_costs,0.1,0.1,0.1,0.35,0.1,1.0,dRI,A0,dRI:A0,-0.2
B_attacker_costs,0.1,0.1,0.1,0.35,0.15,0.0,dRID,AD,dRID:AD,-0.49602
B_attacker_costs,0.1,0.1,0.1,0.35,0.15,0.05,dRID,AD,dRID:AD,-0.49602
B_attacker_costs,0.1,0.1,0.1,0.35,0.15,0.1,dRID,AD,dRID:AD,-0.49602
B_attacker_costs,0.1,0.1,0.1,0.35,0.15,0.15,dRID,AD,dRID:AD,-0.49602
B_attacker_costs,0.1,0.1,0.1,0.35,0.15,0.2,dRID,A0,dRID:A0,-0.30000000000000004
B_attacker_costs,0.1,0.1,0.1,0.35,0.15,0.25,dRID,A0,dRID:A0,-0.30000000000000004
B_attacker_costs,0.1,0.1,0.1,0.35,0.15,0.3,dRID,A0,dRID:A0,-0.30000000000000004
B_attacker_costs,0.1,0.1,0.1,0.35,0.15,0.35,dRID,A0,dRID:A0,-0.30000000000000004
B_attacker_costs,0.1,0.1,0.1,0.35,0.15,0.4,dRID,A0,dRID:A0,-0.30000000000000004
B_attacker_costs,0.1,0.1,0.1,0.35,0.15,0.45,dRI,A0,dRI:A0,-0.2
B_attacker_costs,0.1,0.1,0.1,0.35,0.15,0.5,dRI,A0,dRI:A0,-0.2
B_attacker_costs,0.1,0.1,0.1,0.35,0.15,0.55,dRI,A0,dRI:A0,-0.2
B_attacker_costs,0.1,0.1,0.1,0.35,0.15,0.6,dRI,A0,dRI:A0,-0.2
B_attacker_costs,0.1,0.1,0.1,0.35,0.15,0.65,dRI,A0,dRI:A0,-0.2
B_attacker_costs,0.1,0.1,0.1,0.35,0.15,0.7,dRI,A0,dRI:A0,-0.2
B_attacker_costs,0.1,0.1,0.1,0.35,0.15,0.75,dRI,A0,dRI:A0,-0.2
B_attacker_costs,0.1,0.1,0.1,0.35,0.15,0.8,dRI,A0,dRI:A0,-0.2
B_attacker_costs,0.1,0.1,0.1,0.35,0.15,0.85,dRI,A0,dRI:A0,-0.2
B_attacker_costs,0.1,0.1,0.1,0.35,0.15,0.9,dRI,A0,dRI:A0,-0.2
B_attacker_costs,0.1,0.1,0.1,0.35,0.15,0.95,dRI,A0,dRI:A0,-0.2
B_attacker_costs,0.1,0.1,0.1,0.35,0.15,1.0,dRI,A0,dRI:A0,-0.2
B_attacker_costs,0.1,0.1,0.1,0.35,0.2,0.0,dRID,AD,dRID:AD,-0.49602
B_attacker_costs,0.1,0.1,0.1,0.35,0.2,0.05,dRID,AD,dRID:AD,-0.49602
B_attacker_costs,0.1,0.1,0.1,0.35,0.2,0.1,dRID,AD,dRID:AD,-0.49602
B_attacker_costs,0.1,0.1,0.1,0.35,0.2,0.15,dRID,AD,dRID:AD,-0.49602
B_attacker_costs,0.1,0.1,0.1,0.35,0.2,0.2,dRID,A0,dRID:A0,-0.30000000000000004
B_attacker_costs,0.1,0.1,0.1,0.35,0.2,0.25,dRID,A0,dRID:A0,-0.30000000000000004
B_attacker_costs,0.1,0.1,0.1,0.35,0.2,0.3,dRID,A0,dRID:A0,-0.30000000000000004
B_attacker_costs,0.1,0.1,0.1,0.35,0.2,0.35,dRID,A0,dRID:A0,-0.30000000000000004
B_attacker_costs,0.1,0.1,0.1,0.35,0.2,0.4,dRID,A0,dRID:A0,-0.30000000000000004
B_attacker_costs,0.1,0.1,0.1,0.35,0.2,0.45,dRI,A0,dRI:A0,-0.2
B_attacker_costs,0.1,0.1,0.1,0.35,0.2,0.5,dRI,A0,dRI:A0,-0.2
B_attacker_costs,0.1,0.1,0.1,0.35,0.2,0.55,dRI,A0,dRI:A0,-0.2
B_attacker_costs,0.1,0.1,0.1,0.35,0.2,0.6,dRI,A0,dRI:A0,-0.2
B_attacker_costs,0.1,0.1,0.1,0.35,0.2,0.65,dRI,A0,dRI:A0,-0.2
B_attacker_costs,0.1,0.1,0.1,0.35,0.2,0.7,dRI,A0,dRI:A0,-0.2
B_attacker_costs,0.1,0.1,0.1,0.35,0.2,0.75,dRI,A0,dRI:A0,-0.2
B_attacker_costs,0.1,0.1,0.1,0.35,0.2,0.8,dRI,A0,dRI:A0,-0.2
B_attacker_costs,0.1,0.1,0.1,0.35,0.2,0.85,dRI,A0,dRI:A0,-0.2
B_attacker_costs,0.1,0.1,0.1,0.35,0.2,0.9,dRI,A0,dRI:A0,-0.2
B_attacker_costs,0.1,0.1,0.1,0.35,0.2,0.95,dRI,A0,dRI:A0,-0.2
B_attacker_costs,0.1,0.1,0.1,0.35,0.2,1.0,dRI,A0,dRI:A0,-0.2
B_attacker_costs,0.1,0.1,0.1,0.35,0.25,0.0,dRID,AD,dRID:AD,-0.49602
B_attacker_costs,0.1,0.1,0.1,0.35,0.25,0.05,dRID,AD,dRID:AD,-0.49602
B_attacker_costs,0.1,0.1,0.1,0.35,0.25,0.1,dRID,AD,dRID:AD,-0.49602
B_attacker_costs,0.1,0.1,0.1,0.35,0.25,0.15,dRID,AD,dRID:AD,-0.49602
B_attacker_costs,0.1,0.1,0.1,0.35,0.25,0.2,dRID,A0,dRID:A0,-0.30000000000000004
B_attacker_costs,0.1,0.1,0.1,0.35,0.25,0.25,dRID,A0,dRID:A0,-0.30000000000000004
B_attacker_costs,0.1,0.1,0.1,0.35,0.25,0.3,dRID,A0,dRID:A0,-0.30000000000000004
B_attacker_costs,0.1,0.1,0.1,0.35,0.25,0.35,dRID,A0,dRID:A0,-0.30000000000000004
B_attacker_costs,0.1,0.1,0.1,0.35,0.25,0.4,dRID,A0,dRID:A0,-0.30000000000000004
B_attacker_costs,0.1,0.1,0.1,0.35,0.25,0.45,dRI,A0,dRI:A0,-0.2
B_attacker_costs,0.1,0.1,0.1,0.35,0.25,0.5,dRI,A0,dRI:A0,-0.2
B_attacker_costs,0.1,0.1,0.1,0.35,0.25,0.55,dRI,A0,dRI:A0,-0.2
B_attacker_costs,0.1,0.1,0.1,0.35,0.25,0.6,dRI,A0,dRI:A0,-0.2
B_attacker_costs,0.1,0.1,0.1,0.35,0.25,0.65,dRI,A0,dRI:A0,-0.2
B_attacker_costs,0.1,0.1,0.1,0.35,0.25,0.7,dRI,A0,dRI:A0,-0.2
B_attacker_costs,0.1,0.1,0.1,0.35,0.25,0.75,dRI,A0,dRI:A0,-0.2
B_attacker_costs,0.1,0.1,0.1,0.35,0.25,0.8,dRI,A0,dRI:A0,-0.2
B_attacker_costs,0.1,0.1,0.1,0.35,0.25,0.85,dRI,A0,dRI:A0,-0.2
B_attacker_costs,0.1,0.1,0.1,0.35,0.25,0.9,dRI,A0,dRI:A0,-0.2
B_attacker_costs,0.1,0.1,0.1,0.35,0.25,0.95,dRI,A0,dRI:A0,-0.2
B_attacker_costs,0.1,0.1,0.1,0.35,0.25,1.0,dRI,A0,dRI:A0,-0.2
B_attacker_costs,0.1,0.1,0.1,0.35,0.3,0.0,dRID,AD,dRID:AD,-0.49602
B_attacker_costs,0.1,0.1,0.1,0.35,0.3,0.05,dRID,AD,dRID:AD,-0.49602
B_attacker_costs,0.1,0.1,0.1,0.35,0.3,0.1,dRID,AD,dRID:AD,-0.49602
B_attacker_costs,0.1,0.1,0.1,0.35,0.3,0.15,dRID,AD,dRID:AD,-0.49602
B_attacker_costs,0.1,0.1,0.1,0.35,0.3,0.2,dRID,A0,dRID:A0,-0.30000000000000004
B_attacker_costs,0.1,0.1,0.1,0.35,0.3,0.25,dRID,A0,dRID:A0,-0.30000000000000004
B_attacker_costs,0.1,0.1,0.1,0.35,0.3,0.3,dRID,A0,dRID:A0,-0.30000000000000004
B_attacker_costs,0.1,0.1,0.1,0.35,0.3,0.35,dRID,A0,dRID:A0,-0.30000000000000004
B_attacker_costs,0.1,0.1,0.1,0.35,0.3,0.4,dRID,A0,dRID:A0,-0.30000000000000004
B_attacker_costs,0.1,0.1,0.1,0.35,0.3,0.45,dRI,A0,dRI:A0,-0.2
B_attacker_costs,0.1,0.1,0.1,0.35,0.3,0.5,dRI,A0,dRI:A0,-0.2
B_attacker_costs,0.1,0.1,0.1,0.35,0.3,0.55,dRI,A0,dRI:A0,-0.2
B_attacker_costs,0.1,0.1,0.1,0.35,0.3,0.6,dRI,A0,dRI:A0,-0.2
B_attacker_costs,0.1,0.1,0.1,0.35,0.3,0.65,dRI,A0,dRI:A0,-0.2
B_attacker_costs,0.1,0.1,0.1,0.35,0.3,0.7,dRI,A0,dRI:A0,-0.2
B_attacker_costs,0.1,0.1,0.1,0.35,0.3,0.75,dRI,A0,dRI:A0,-0.2
B_attacker_costs,0.1,0.1,0.1,0.35,0.3,0.8,dRI,A0,dRI:A0,-0.2
B_attacker_costs,0.1,0.1,0.1,0.35,0.3,0.85,dRI,A0,dRI:A0,-0.2
B_attacker_costs,0.1,0.1,0.1,0.35,0.3,0.9,dRI,A0,dRI:A0,-0.2
B_attacker_costs,0.1,0.1,0.1,0.35,0.3,0.95,dRI,A0,dRI:A0,-0.2
B_attacker_costs,0.1,0.1,0.1,0.35,0.3,1.0,dRI,A0,dRI:A0,-0.2
B_attacker_costs,0.1,0.1,0.1,0.35,0.35,0.0,dRID,AD,dRID:AD,-0.49602
B_attacker_costs,0.1,0.1,0.1,0.35,0.35,0.05,dRID,AD,dRID:AD,-0.49602
B_attacker_costs,0.1,0.1,0.1,0.35,0.35,0.1,dRID,AD,dRID:AD,-0.49602
B_attacker_costs,0.1,0.1,0.1,0.35,0.35,0.15,dRID,AD,dRID:AD,-0.49602
B_attacker_costs,0.1,0.1,0.1,0.35,0.35,0.2,dRID,A0,dRID:A0,-0.30000000000000004
B_attacker_costs,0.1,0.1,0.1,0.35,0.35,0.25,dRID,A0,dRID:A0,-0.30000000000000004
B_attacker_costs,0.1,0.1,0.1,0.35,0.35,0.3,dRID,A0,dRID:A0,-0.30000000000000004
B_attacker_costs,0.1,0.1,0.1,0.35,0.35,0.35,dRID,A0,dRID:A0,-0.30000000000000004
B_attacker_costs,0.1,0.1,0.1,0.35,0.35,0.4,dRID,A0,dRID:A0,-0.30000000000000004
B_attacker_costs,0.1,0.1,0.1,0.35,0.35,0.45,dRI,A0,dRI:A0,-0.2
B_attacker_costs,0.1,0.1,0.1,0.35,0.35,0.5,dRI,A0,dRI:A0,-0.2
B_attacker_costs,0.1,0.1,0.1,0.35,0.35,0.55,dRI,A0,dRI:A0,-0.2
B_attacker_costs,0.1,0.1,0.1,0.35,0.35,0.6,dRI,A0,dRI:A0,-0.2
B_attacker_costs,0.1,0.1,0.1,0.35,0.35,0.65,dRI,A0,dRI:A0,-0.2
B_attacker_costs,0.1,0.1,0.1,0.35,0.35,0.7,dRI,A0,dRI:A0,-0.2
B_attacker_costs,0.1,0.1,0.1,0.35,0.35,0.75,dRI,A0,dRI:A0,-0.2
B_attacker_costs,0.1,0.1,0.1,0.35,0.35,0.8,dRI,A0,dRI:A0,-0.2
B_attacker_costs,0.1,0.1,0.1,0.35,0.35,0.85,dRI,A0,dRI:A0,-0.2
B_attacker_costs,0.1,0.1,0.1,0.35,0.35,0.9,dRI,A0,dRI:A0,-0.2
B_attacker_costs,0.1,0.1,0.1,0.35,0.35,0.95,dRI,A0,dRI:A0,-0.2
B_attacker_costs,0.1,0.1,0.1,0.35,0.35,1.0,dRI,A0,dRI:A0,-0.2
B_attacker_costs,0.1,0.1,0.1,0.35,0.4,0.0,dRID,AD,dRID:AD,-0.49602
B_attacker_costs,0.1,0.1,0.1,0.35,0.4,0.05,dRID,AD,dRID:AD,-0.49602
B_attacker_costs,0.1,0.1,0.1,0.35,0.4,0.1,dRID,AD,dRID:AD,-0.49602
B_attacker_costs,0.1,0.1,0.1,0.35,0.4,0.15,dRID,AD,dRID:AD,-0.49602
B_attacker_costs,0.1,0.1,0.1,0.35,0.4,0.2,dRID,A0,dRID:A0,-0.30000000000000004
B_attacker_costs,0.1,0.1,0.1,0.35,0.4,0.25,dRID,A0,dRID:A0,-0.30000000000000004
B_attacker_costs,0.1,0.1,0.1,0.35,0.4,0.3,dRID,A0,dRID:A0,-0.30000000000000004
B_attacker_costs,0.1,0.1,0.1,0.35,0.4,0.35,dRID,A0,dRID:A0,-0.30000000000000004
B_attacker_costs,0.1,0.1,0.1,0.35,0.4,0.4,dRID,A0,dRID:A0,-0.30000000000000004
B_attacker_costs,0.1,0.1,0.1,0.35,0.4,0.45,dRI,A0,dRI:A0,-0.2
B_attacker_costs,0.1,0.1,0.1,0.35,0.4,0.5,dRI,A0,dRI:A0,-0.2
B_attacker_costs,0.1,0.1,0.1,0.35,0.4,0.55,dRI,A0,dRI:A0,-0.2
B_attacker_costs,0.1,0.1,0.1,0.35,0.4,0.6,dRI,A0,dRI:A0,-0.2
B_attacker_costs,0.1,0.1,0.1,0.35,0.4,0.65,dRI,A0,dRI:A0,-0.2
B_attacker_costs,0.1,0.1,0.1,0.35,0.4,0.7,dRI,A0,dRI:A0,-0.2
B_attacker_costs,0.1,0.1,0.1,0.35,0.4,0.75,dRI,A0,dRI:A0,-0.2
B_attacker_costs,0.1,0.1,0.1,0.35,0.4,0.8,dRI,A0,dRI:A0,-0.2
B_attacker_costs,0.1,0.1,0.1,0.35,0.4,0.85,dRI,A0,dRI:A0,-0.2
B_attacker_costs,0.1,0.1,0.1,0.35,0.4,0.9,dRI,A0,dRI:A0,-0.2
B_attacker_costs,0.1,0.1,0.1,0.35,0.4,0.95,dRI,A0,dRI:A0,-0.2
B_attacker_costs,0.1,0.1,0.1,0.35,0.4,1.0,dRI,A0,dRI:A0,-0.2
B_attacker_costs,0.1,0.1,0.1,0.35,0.45,0.0,dRID,AD,dRID:AD,-0.49602
B_attacker_costs,0.1,0.1,0.1,0.35,0.45,0.05,dRID,AD,dRID:AD,-0.49602
B_attacker_costs,0.1,0.1,0.1,0.35,0.45,0.1,dRID,AD,dRID:AD,-0.49602
B_attacker_costs,0.1,0.1,0.1,0.35,0.45,0.15,dRID,AD,dRID:AD,-0.49602
B_attacker_costs,0.1,0.1,0.1,0.35,0.45,0.2,dRID,A0,dRID:A0,-0.30000000000000004
B_attacker_costs,0.1,0.1,0.1,0.35,0.45,0.25,dRID,A0,dRID:A0,-0.30000000000000004
B_attacker_costs,0.1,0.1,0.1,0.35,0.45,0.3,dRID,A0,dRID:A0,-0.30000000000000004
B_attacker_costs,0.1,0.1,0.1,0.35,0.45,0.35,dRID,A0,dRID:A0,-0.30000000000000004
B_attacker_costs,0.1,0.1,0.1,0.35,0.45,0.4,dRID,A0,dRID:A0,-0.30000000000000004
B_attacker_costs,0.1,0.1,0.1,0.35,0.45,0.45,dRI,A0,dRI:A0,-0.2
B_attacker_costs,0.1,0.1,0.1,0.35,0.45,0.5,dRI,A0,dRI:A0,-0.2
B_attacker_costs,0.1,0.1,0.1,0.35,0.45,0.55,dRI,A0,dRI:A0,-0.2
B_attacker_costs,0.1,0.1,0.1,0.35,0.45,0.6,dRI,A0,dRI:A0,-0.2
B_attacker_costs,0.1,0.1,0.1,0.35,0.45,0.65,dRI,A0,dRI:A0,-0.2
B_attacker_costs,0.1,0.1,0.1,0.35,0.45,0.7,dRI,A0,dRI:A0,-0.2
B_attacker_costs,0.1,0.1,0.1,0.35,0.45,0.75,dRI,A0,dRI:A0,-0.2
B_attacker_costs,0.1,0.1,0.1,0.35,0.45,0.8,dRI,A0,dRI:A0,-0.2
B_attacker_costs,0.1,0.1,0.1,0.35,0.45,0.85,dRI,A0,dRI:A0,-0.2
B_attacker_costs,0.1,0.1,0.1,0.35,0.45,0.9,dRI,A0,dRI:A0,-0.2
B_attacker_costs,0.1,0.1,0.1,0.35,0.45,0.95,dRI,A0,dRI:A0,-0.2
B_attacker_costs,0.1,0.1,0.1,0.35,0.45,1.0,dRI,A0,dRI:A0,-0.2
B_attacker_costs,0.1,0.1,0.1,0.35,0.5,0.0,dRID,AD,dRID:AD,-0.49602
B_attacker_costs,0.1,0.1,0.1,0.35,0.5,0.05,dRID,AD,dRID:AD,-0.49602
B_attacker_costs,0.1,0.1,0.1,0.35,0.5,0.1,dRID,AD,dRID:AD,-0.49602
B_attacker_costs,0.1,0.1,0.1,0.35,0.5,0.15,dRID,AD,dRID:AD,-0.49602
B_attacker_costs,0.1,0.1,0.1,0.35,0.5,0.2,dRID,A0,dRID:A0,-0.30000000000000004
B_attacker_costs,0.1,0.1,0.1,0.35,0.5,0.25,dRID,A0,dRID:A0,-0.30000000000000004
B_attacker_costs,0.1,0.1,0.1,0.35,0.5,0.3,dRID,A0,dRID:A0,-0.30000000000000004
B_attacker_costs,0.1,0.1,0.1,0.35,0.5,0.35,dRID,A0,dRID:A0,-0.30000000000000004
B_attacker_costs,0.1,0.1,0.1,0.35,0.5,0.4,dRID,A0,dRID:A0,-0.30000000000000004
B_attacker_costs,0.1,0.1,0.1,0.35,0.5,0.45,dRI,A0,dRI:A0,-0.2
B_attacker_costs,0.1,0.1,0.1,0.35,0.5,0.5,dRI,A0,dRI:A0,-0.2
B_attacker_costs,0.1,0.1,0.1,0.35,0.5,0.55,dRI,A0,dRI:A0,-0.2
B_attacker_costs,0.1,0.1,0.1,0.35,0.5,0.6,dRI,A0,dRI:A0,-0.2
B_attacker_costs,0.1,0.1,0.1,0.35,0.5,0.65,dRI,A0,dRI:A0,-0.2
B_attacker_costs,0.1,0.1,0.1,0.35,0.5,0.7,dRI,A0,dRI:A0,-0.2
B_attacker_costs,0.1,0.1,0.1,0.35,0.5,0.75,dRI,A0,dRI:A0,-0.2
B_attacker_costs,0.1,0.1,0.1,0.35,0.5,0.8,dRI,A0,dRI:A0,-0.2
B_attacker_costs,0.1,0.1,0.1,0.35,0.5,0.85,dRI,A0,dRI:A0,-0.2
B_attacker_costs,0.1,0.1,0.1,0.35,0.5,0.9,dRI,A0,dRI:A0,-0.2
B_attacker_costs,0.1,0.1,0.1,0.35,0.5,0.95,dRI,A0,dRI:A0,-0.2
B_attacker_costs,0.1,0.1,0.1,0.35,0.5,1.0,dRI,A0,dRI:A0,-0.2
B_attacker_costs,0.1,0.1,0.1,0.35,0.55,0.0,dRID,AD,dRID:AD,-0.49602
B_attacker_costs,0.1,0.1,0.1,0.35,0.55,0.05,dRID,AD,dRID:AD,-0.49602
B_attacker_costs,0.1,0.1,0.1,0.35,0.55,0.1,dRID,AD,dRID:AD,-0.49602
B_attacker_costs,0.1,0.1,0.1,0.35,0.55,0.15,dRID,AD,dRID:AD,-0.49602
B_attacker_costs,0.1,0.1,0.1,0.35,0.55,0.2,dRID,A0,dRID:A0,-0.30000000000000004
B_attacker_costs,0.1,0.1,0.1,0.35,0.55,0.25,dRID,A0,dRID:A0,-0.30000000000000004
B_attacker_costs,0.1,0.1,0.1,0.35,0.55,0.3,dRID,A0,dRID:A0,-0.30000000000000004
B_attacker_costs,0.1,0.1,0.1,0.35,0.55,0.35,dRID,A0,dRID:A0,-0.30000000000000004
B_attacker_costs,0.1,0.1,0.1,0.35,0.55,0.4,dRID,A0,dRID:A0,-0.30000000000000004
B_attacker_costs,0.1,0.1,0.1,0.35,0.55,0.45,dRI,A0,dRI:A0,-0.2
B_attacker_costs,0.1,0.1,0.1,0.35,0.55,0.5,dRI,A0,dRI:A0,-0.2
B_attacker_costs,0.1,0.1,0.1,0.35,0.55,0.55,dRI,A0,dRI:A0,-0.2
B_attacker_costs,0.1,0.1,0.1,0.35,0.55,0.6,dRI,A0,dRI:A0,-0.2
B_attacker_costs,0.1,0.1,0.1,0.35,0.55,0.65,dRI,A0,dRI:A0,-0.2
B_attacker_costs,0.1,0.1,0.1,0.35,0.55,0.7,dRI,A0,dRI:A0,-0.2
B_attacker_costs,0.1,0.1,0.1,0.35,0.55,0.75,dRI,A0,dRI:A0,-0.2
B_attacker_costs,0.1,0.1,0.1,0.35,0.55,0.8,dRI,A0,dRI:A0,-0.2
B_attacker_costs,0.1,0.1,0.1,0.35,0.55,0.85,dRI,A0,dRI:A0,-0.2
B_attacker_costs,0.1,0.1,0.1,0.35,0.55,0.9,dRI,A0,dRI:A0,-0.2
B_attacker_costs,0.1,0.1,0.1,0.35,0.55,0.95,dRI,A0,dRI:A0,-0.2
B_attacker_costs,0.1,0.1,0.1,0.35,0.55,1.0,dRI,A0,dRI:A0,-0.2
B_attacker_costs,0.1,0.1,0.1,0.35,0.6,0.0,dRID,AD,dRID:AD,-0.49602
B_attacker_costs,0.1,0.1,0.1,0.35,0.6,0.05,dRID,AD,dRID:AD,-0.49602
B_attacker_costs,0.1,0.1,0.1,0.35,0.6,0.1,dRID,AD,dRID:AD,-0.49602
B_attacker_costs,0.1,0.1,0.1,0.35,0.6,0.15,dRID,AD,dRID:AD,-0.49602
B_attacker_costs,0.1,0.1,0.1,0.35,0.6,0.2,dRID,A0,dRID:A0,-0.30000000000000004
B_attacker_costs,0.1,0.1,0.1,0.35,0.6,0.25,dRID,A0,dRID:A0,-0.30000000000000004
B_attacker_costs,0.1,0.1,0.1,0.35,0.6,0.3,dRID,A0,dRID:A0,-0.30000000000000004
B_attacker_costs,0.1,0.1,0.1,0.35,0.6,0.35,dRID,A0,dRID:A0,-0.30000000000000004
B_attacker_costs,0.1,0.1,0.1,0.35,0.6,0.4,dRID,A0,dRID:A0,-0.30000000000000004
B_attacker_costs,0.1,0.1,0.1,0.35,0.6,0.45,dRI,A0,dRI:A0,-0.2
B_attacker_costs,0.1,0.1,0.1,0.35,0.6,0.5,dRI,A0,dRI:A0,-0.2
B_attacker_costs,0.1,0.1,0.1,0.35,0.6,0.55,dRI,A0,dRI:A0,-0.2
B_attacker_costs,0.1,0.1,0.1,0.35,0.6,0.6,dRI,A0,dRI:A0,-0.2
B_attacker_costs,0.1,0.1,0.1,0.35,0.6,0.65,dRI,A0,dRI:A0,-0.2
B_attacker_costs,0.1,0.1,0.1,0.35,0.6,0.7,dRI,A0,dRI:A0,-0.2
B_attacker_costs,0.1,0.1,0.1,0.35,0.6,0.75,dRI,A0,dRI:A0,-0.2
B_attacker_costs,0.1,0.1,0.1,0.35,0.6,0.8,dRI,A0,dRI:A0,-0.2
B_attacker_costs,0.1,0.1,0.1,0.35,0.6,0.85,dRI,A0,dRI:A0,-0.2
B_attacker_costs,0.1,0.1,0.1,0.35,0.6,0.9,dRI,A0,dRI:A0,-0.2
B_attacker_costs,0.1,0.1,0.1,0.35,0.6,0.95,dRI,A0,dRI:A0,-0.2
B_attacker_costs,0.1,0.1,0.1,0.35,0.6,1.0,dRI,A0,dRI:A0,-0.2
B_attacker_costs,0.1,0.1,0.1,0.35,0.65,0.0,dRID,AD,dRID:AD,-0.49602
B_attacker_costs,0.1,0.1,0.1,0.35,0.65,0.05,dRID,AD,dRID:AD,-0.49602
B_attacker_costs,0.1,0.1,0.1,0.35,0.65,0.1,dRID,AD,dRID:AD,-0.49602
B_attacker_costs,0.1,0.1,0.1,0.35,0.65,0.15,dRID,AD,dRID:AD,-0.49602
B_attacker_costs,0.1,0.1,0.1,0.35,0.65,0.2,dRID,A0,dRID:A0,-0.30000000000000004
B_attacker_costs,0.1,0.1,0.1,0.35,0.65,0.25,dRID,A0,dRID:A0,-0.30000000000000004
B_attacker_costs,0.1,0.1,0.1,0.35,0.65,0.3,dRID,A0,dRID:A0,-0.30000000000000004
B_attacker_costs,0.1,0.1,0.1,0.35,0.65,0.35,dRID,A0,dRID:A0,-0.30000000000000004
B_attacker_costs,0.1,0.1,0.1,0.35,0.65,0.4,dRID,A0,dRID:A0,-0.30000000000000004
B_attacker_costs,0.1,0.1,0.1,0.35,0.65,0.45,dRI,A0,dRI:A0,-0.2
B_attacker_costs,0.1,0.1,0.1,0.35,0.65,0.5,dRI,A0,dRI:A0,-0.2
B_attacker_costs,0.1,0.1,0.1,0.35,0.65,0.55,dRI,A0,dRI:A0,-0.2
B_attacker_costs,0.1,0.1,0.1,0.35,0.65,0.6,dRI,A0,dRI:A0,-0.2
B_attacker_costs,0.1,0.1,0.1,0.35,0.65,0.65,dRI,A0,dRI:A0,-0.2
B_attacker_costs,0.1,0.1,0.1,0.35,0.65,0.7,dRI,A0,dRI:A0,-0.2
B_attacker_costs,0.1,0.1,0.1,0.35,0.65,0.75,dRI,A0,dRI:A0,-0.2
B_attacker_costs,0.1,0.1,0.1,0.35,0.65,0.8,dRI,A0,dRI:A0,-0.2
B_attacker_costs,0.1,0.1,0.1,0.35,0.65,0.85,dRI,A0,dRI:A0,-0.2
B_attacker_costs,0.1,0.1,0.1,0.35,0.65,0.9,dRI,A0,dRI:A0,-0.2
B_attacker_costs,0.1,0.1,0.1,0.35,0.65,0.95,dRI,A0,dRI:A0,-0.2
B_attacker_costs,0.1,0.1,0.1,0.35,0.65,1.0,dRI,A0,dRI:A0,-0.2
B_attacker_costs,0.1,0.1,0.1,0.35,0.7,0.0,dRID,AD,dRID:AD,-0.49602
B_attacker_costs,0.1,0.1,0.1,0.35,0.7,0.05,dRID,AD,dRID:AD,-0.49602
B_attacker_costs,0.1,0.1,0.1,0.35,0.7,0.1,dRID,AD,dRID:AD,-0.49602
B_attacker_costs,0.1,0.1,0.1,0.35,0.7,0.15,dRID,AD,dRID:AD,-0.49602
B_attacker_costs,0.1,0.1,0.1,0.35,0.7,0.2,dRID,A0,dRID:A0,-0.30000000000000004
B_attacker_costs,0.1,0.1,0.1,0.35,0.7,0.25,dRID,A0,dRID:A0,-0.30000000000000004
B_attacker_costs,0.1,0.1,0.1,0.35,0.7,0.3,dRID,A0,dRID:A0,-0.30000000000000004
B_attacker_costs,0.1,0.1,0.1,0.35,0.7,0.35,dRID,A0,dRID:A0,-0.30000000000000004
B_attacker_costs,0.1,0.1,0.1,0.35,0.7,0.4,dRID,A0,dRID:A0,-0.30000000000000004
B_attacker_costs,0.1,0.1,0.1,0.35,0.7,0.45,dRI,A0,dRI:A0,-0.2
B_attacker_costs,0.1,0.1,0.1,0.35,0.7,0.5,dRI,A0,dRI:A0,-0.2
B_attacker_costs,0.1,0.1,0.1,0.35,0.7,0.55,dRI,A0,dRI:A0,-0.2
B_attacker_costs,0.1,0.1,0.1,0.35,0.7,0.6,dRI,A0,dRI:A0,-0.2
B_attacker_costs,0.1,0.1,0.1,0.35,0.7,0.65,dRI,A0,dRI:A0,-0.2
B_attacker_costs,0.1,0.1,0.1,0.35,0.7,0.7,dRI,A0,dRI:A0,-0.2
B_attacker_costs,0.1,0.1,0.1,0.35,0.7,0.75,dRI,A0,dRI:A0,-0.2
B_attacker_costs,0.1,0.1,0.1,0.35,0.7,0.8,dRI,A0,dRI:A0,-0.2
B_attacker_costs,0.1,0.1,0.1,0.35,0.7,0.85,dRI,A0,dRI:A0,-0.2
B_attacker_costs,0.1,0.1,0.1,0.35,0.7,0.9,dRI,A0,dRI:A0,-0.2
B_attacker_costs,0.1,0.1,0.1,0.35,0.7,0.95,dRI,A0,dRI:A0,-0.2
B_attacker_costs,0.1,0.1,0.1,0.35,0.7,1.0,dRI,A0,dRI:A0,-0.2
B_attacker_costs,0.1,0.1,0.1,0.35,0.75,0.0,dRID,AD,dRID:AD,-0.49602
B_attacker_costs,0.1,0.1,0.1,0.35,0.75,0.05,dRID,AD,dRID:AD,-0.49602
B_attacker_costs,0.1,0.1,0.1,0.35,0.75,0.1,dRID,AD,dRID:AD,-0.49602
B_attacker_costs,0.1,0.1,0.1,0.35,0.75,0.15,dRID,AD,dRID:AD,-0.49602
B_attacker_costs,0.1,0.1,0.1,0.35,0.75,0.2,dRID,A0,dRID:A0,-0.30000000000000004
B_attacker_costs,0.1,0.1,0.1,0.35,0.75,0.25,dRID,A0,dRID:A0,-0.30000000000000004
B_attacker_costs,0.1,0.1,0.1,0.35,0.75,0.3,dRID,A0,dRID:A0,-0.30000000000000004
B_attacker_costs,0.1,0.1,0.1,0.35,0.75,0.35,dRID,A0,dRID:A0,-0.30000000000000004
B_attacker_costs,0.1,0.1,0.1,0.35,0.75,0.4,dRID,A0,dRID:A0,-0.30000000000000004
B_attacker_costs,0.1,0.1,0.1,0.35,0.75,0.45,dRI,A0,dRI:A0,-0.2
B_attacker_costs,0.1,0.1,0.1,0.35,0.75,0.5,dRI,A0,dRI:A0,-0.2
B_attacker_costs,0.1,0.1,0.1,0.35,0.75,0.55,dRI,A0,dRI:A0,-0.2
B_attacker_costs,0.1,0.1,0.1,0.35,0.75,0.6,dRI,A0,dRI:A0,-0.2
B_attacker_costs,0.1,0.1,0.1,0.35,0.75,0.65,dRI,A0,dRI:A0,-0.2
B_attacker_costs,0.1,0.1,0.1,0.35,0.75,0.7,dRI,A0,dRI:A0,-0.2
B_attacker_costs,0.1,0.1,0.1,0.35,0.75,0.75,dRI,A0,dRI:A0,-0.2
B_attacker_costs,0.1,0.1,0.1,0.35,0.75,0.8,dRI,A0,dRI:A0,-0.2
B_attacker_costs,0.1,0.1,0.1,0.35,0.75,0.85,dRI,A0,dRI:A0,-0.2
B_attacker_costs,0.1,0.1,0.1,0.35,0.75,0.9,dRI,A0,dRI:A0,-0.2
B_attacker_costs,0.1,0.1,0.1,0.35,0.75,0.95,dRI,A0,dRI:A0,-0.2
B_attacker_costs,0.1,0.1,0.1,0.35,0.75,1.0,dRI,A0,dRI:A0,-0.2
B_attacker_costs,0.1,0.1,0.1,0.35,0.8,0.0,dRID,AD,dRID:AD,-0.49602
B_attacker_costs,0.1,0.1,0.1,0.35,0.8,0.05,dRID,AD,dRID:AD,-0.49602
B_attacker_costs,0.1,0.1,0.1,0.35,0.8,0.1,dRID,AD,dRID:AD,-0.49602
B_attacker_costs,0.1,0.1,0.1,0.35,0.8,0.15,dRID,AD,dRID:AD,-0.49602
B_attacker_costs,0.1,0.1,0.1,0.35,0.8,0.2,dRID,A0,dRID:A0,-0.30000000000000004
B_attacker_costs,0.1,0.1,0.1,0.35,0.8,0.25,dRID,A0,dRID:A0,-0.30000000000000004
B_attacker_costs,0.1,0.1,0.1,0.35,0.8,0.3,dRID,A0,dRID:A0,-0.30000000000000004
B_attacker_costs,0.1,0.1,0.1,0.35,0.8,0.35,dRID,A0,dRID:A0,-0.30000000000000004
B_attacker_costs,0.1,0.1,0.1,0.35,0.8,0.4,dRID,A0,dRID:A0,-0.30000000000000004
B_attacker_costs,0.1,0.1,0.1,0.35,0.8,0.45,dRI,A0,dRI:A0,-0.2
B_attacker_costs,0.1,0.1,0.1,0.35,0.8,0.5,dRI,A0,dRI:A0,-0.2
B_attacker_costs,0.1,0.1,0.1,0.35,0.8,0.55,dRI,A0,dRI:A0,-0.2
B_attacker_costs,0.1,0.1,0.1,0.35,0.8,0.6,dRI,A0,dRI:A0,-0.2
B_attacker_costs,0.1,0.1,0.1,0.35,0.8,0.65,dRI,A0,dRI:A0,-0.2
B_attacker_costs,0.1,0.1,0.1,0.35,0.8,0.7,dRI,A0,dRI:A0,-0.2
B_attacker_costs,0.1,0.1,0.1,0.35,0.8,0.75,dRI,A0,dRI:A0,-0.2
B_attacker_costs,0.1,0.1,0.1,0.35,0.8,0.8,dRI,A0,dRI:A0,-0.2
B_attacker_costs,0.1,0.1,0.1,0.35,0.8,0.85,dRI,A0,dRI:A0,-0.2
B_attacker_costs,0.1,0.1,0.1,0.35,0.8,0.9,dRI,A0,dRI:A0,-0.2
B_attacker_costs,0.1,0.1,0.1,0.35,0.8,0.95,dRI,A0,dRI:A0,-0.2
B_attacker_costs,0.1,0.1,0.1,0.35,0.8,1.0,dRI,A0,dRI:A0,-0.2
B_attacker_costs,0.1,0.1,0.1,0.35,0.85,0.0,dRD,AD,dRD:AD,-0.39602000000000004
B_attacker_costs,0.1,0.1,0.1,0.35,0.85,0.05,dRID,AD,dRID:AD,-0.49602
B_attacker_costs,0.1,0.1,0.1,0.35,0.85,0.1,dRID,AD,dRID:AD,-0.49602
B_attacker_costs,0.1,0.1,0.1,0.35,0.85,0.15,dRID,AD,dRID:AD,-0.49602
B_attacker_costs,0.1,0.1,0.1,0.35,0.85,0.2,dRID,A0,dRID:A0,-0.30000000000000004
B_attacker_costs,0.1,0.1,0.1,0.35,0.85,0.25,dRID,A0,dRID:A0,-0.30000000000000004
B_attacker_costs,0.1,0.1,0.1,0.35,0.85,0.3,dRID,A0,dRID:A0,-0.30000000000000004
B_attacker_costs,0.1,0.1,0.1,0.35,0.85,0.35,dRID,A0,dRID:A0,-0.30000000000000004
B_attacker_costs,0.1,0.1,0.1,0.35,0.85,0.4,dRID,A0,dRID:A0,-0.30000000000000004
B_attacker_costs,0.1,0.1,0.1,0.35,0.85,0.45,dRI,A0,dRI:A0,-0.2
B_attacker_costs,0.1,0.1,0.1,0.35,0.85,0.5,dRI,A0,dRI:A0,-0.2
B_attacker_costs,0.1,0.1,0.1,0.35,0.85,0.55,dRI,A0,dRI:A0,-0.2
B_attacker_costs,0.1,0.1,0.1,0.35,0.85,0.6,dRI,A0,dRI:A0,-0.2
B_attacker_costs,0.1,0.1,0.1,0.35,0.85,0.65,dRI,A0,dRI:A0,-0.2
B_attacker_costs,0.1,0.1,0.1,0.35,0.85,0.7,dRI,A0,dRI:A0,-0.2
B_attacker_costs,0.1,0.1,0.1,0.35,0.85,0.75,dRI,A0,dRI:A0,-0.2
B_attacker_costs,0.1,0.1,0.1,0.35,0.85,0.8,dRI,A0,dRI:A0,-0.2
B_attacker_costs,0.1,0.1,0.1,0.35,0.85,0.85,dRI,A0,dRI:A0,-0.2
B_attacker_costs,0.1,0.1,0.1,0.35,0.85,0.9,dRI,A0,dRI:A0,-0.2
B_attacker_costs,0.1,0.1,0.1,0.35,0.85,0.95,dRI,A0,dRI:A0,-0.2
B_attacker_costs,0.1,0.1,0.1,0.35,0.85,1.0,dRI,A0,dRI:A0,-0.2
B_attacker_costs,0.1,0.1,0.1,0.35,0.9,0.0,dRD,AD,dRD:AD,-0.39602000000000004
B_attacker_costs,0.1,0.1,0.1,0.35,0.9,0.05,dRD,AD,dRD:AD,-0.39602000000000004
B_attacker_costs,0.1,0.1,0.1,0.35,0.9,0.1,dRID,AD,dRID:AD,-0.49602
B_attacker_costs,0.1,0.1,0.1,0.35,0.9,0.15,dRID,AD,dRID:AD,-0.49602
B_attacker_costs,0.1,0.1,0.1,0.35,0.9,0.2,dRID,A0,dRID:A0,-0.30000000000000004
B_attacker_costs,0.1,0.1,0.1,0.35,0.9,0.25,dRID,A0,dRID:A0,-0.30000000000000004
B_attacker_costs,0.1,0.1,0.1,0.35,0.9,0.3,dRID,A0,dRID:A0,-0.30000000000000004
B_attacker_costs,0.1,0.1,0.1,0.35,0.9,0.35,dRID,A0,dRID:A0,-0.30000000000000004
B_attacker_costs,0.1,0.1,0.1,0.35,0.9,0.4,dRID,A0,dRID:A0,-0.30000000000000004
B_attacker_costs,0.1,0.1,0.1,0.35,0.9,0.45,dRI,A0,dRI:A0,-0.2
B_attacker_costs,0.1,0.1,0.1,0.35,0.9,0.5,dRI,A0,dRI:A0,-0.2
B_attacker_costs,0.1,0.1,0.1,0.35,0.9,0.55,dRI,A0,dRI:A0,-0.2
B_attacker_costs,0.1,0.1,0.1,0.35,0.9,0.6,dRI,A0,dRI:A0,-0.2
B_attacker_costs,0.1,0.1,0.1,0.35,0.9,0.65,dRI,A0,dRI:A0,-0.2
B_attacker_costs,0.1,0.1,0.1,0.35,0.9,0.7,dRI,A0,dRI:A0,-0.2
B_attacker_costs,0.1,0.1,0.1,0.35,0.9,0.75,dRI,A0,dRI:A0,-0.2
B_attacker_costs,0.1,0.1,0.1,0.35,0.9,0.8,dRI,A0,dRI:A0,-0.2
B_attacker_costs,0.1,0.1,0.1,0.35,0.9,0.85,dRI,A0,dRI:A0,-0.2
B_attacker_costs,0.1,0.1,0.1,0.35,0.9,0.9,dRI,A0,dRI:A0,-0.2
B_attacker_costs,0.1,0.1,0.1,0.35,0.9,0.95,dRI,A0,dRI:A0,-0.2
B_attacker_costs,0.1,0.1,0.1,0.35,0.9,1.0,dRI,A0,dRI:A0,-0.2
B_attacker_costs,0.1,0.1,0.1,0.35,0.95,0.0,dRD,AD,dRD:AD,-0.39602000000000004
B_attacker_costs,0.1,0.1,0.1,0.35,0.95,0.05,dRD,AD,dRD:AD,-0.39602000000000004
B_attacker_costs,0.1,0.1,0.1,0.35,0.95,0.1,dRD,AD,dRD:AD,-0.39602000000000004
B_attacker_costs,0.1,0.1,0.1,0.35,0.95,0.15,dRID,AD,dRID:AD,-0.49602
B_attacker_costs,0.1,0.1,0.1,0.35,0.95,0.2,dRID,A0,dRID:A0,-0.30000000000000004
B_attacker_costs,0.1,0.1,0.1,0.35,0.95,0.25,dRID,A0,dRID:A0,-0.30000000000000004
B_attacker_costs,0.1,0.1,0.1,0.35,0.95,0.3,dRID,A0,dRID:A0,-0.30000000000000004
B_attacker_costs,0.1,0.1,0.1,0.35,0.95,0.35,dRID,A0,dRID:A0,-0.30000000000000004
B_attacker_costs,0.1,0.1,0.1,0.35,0.95,0.4,dRID,A0,dRID:A0,-0.30000000000000004
B_attacker_costs,0.1,0.1,0.1,0.35,0.95,0.45,dRI,A0,dRI:A0,-0.2
B_attacker_costs,0.1,0.1,0.1,0.35,0.95,0.5,dRI,A0,dRI:A0,-0.2
B_attacker_costs,0.1,0.1,0.1,0.35,0.95,0.55,dRI,A0,dRI:A0,-0.2
B_attacker_costs,0.1,0.1,0.1,0.35,0.95,0.6,dRI,A0,dRI:A0,-0.2
B_attacker_costs,0.1,0.1,0.1,0.35,0.95,0.65,dRI,A0,dRI:A0,-0.2
B_attacker_costs,0.1,0.1,0.1,0.35,0.95,0.7,dRI,A0,dRI:A0,-0.2
B_attacker_costs,0.1,0.1,0.1,0.35,0.95,0.75,dRI,A0,dRI:A0,-0.2
B_attacker_costs,0.1,0.1,0.1,0.35,0.95,0.8,dRI,A0,dRI:A0,-0.2
B_attacker_costs,0.1,0.1,0.1,0.35,0.95,0.85,dRI,A0,dRI:A0,-0.2
B_attacker_costs,0.1,0.1,0.1,0.35,0.95,0.9,dRI,A0,dRI:A0,-0.2
B_attacker_costs,0.1,0.1,0.1,0.35,0.95,0.95,dRI,A0,dRI:A0,-0.2
B_attacker_costs,0.1,0.1,0.1,0.35,0.95,1.0,dRI,A0,dRI:A0,-0.2
B_attacker_costs,0.1,0.1,0.1,0.35,1.0,0.0,dRD,AD,dRD:AD,-0.39602000000000004
B_attacker_costs,0.1,0.1,0.1,0.35,1.0,0.05,dRD,AD,dRD:AD,-0.39602000000000004
B_attacker_costs,0.1,0.1,0.1,0.35,1.0,0.1,dRD,AD,dRD:AD,-0.39602000000000004
B_attacker_costs,0.1,0.1,0.1,0.35,1.0,0.15,dRD,AD,dRD:AD,-0.39602000000000004
B_attacker_costs,0.1,0.1,0.1,0.35,1.0,0.2,dRD,A0,dRD:A0,-0.2
B_attacker_costs,0.1,0.1,0.1,0.35,1.0,0.25,dRD,A0,dRD:A0,-0.2
B_attacker_costs,0.1,0.1,0.1,0.35,1.0,0.3,dRD,A0,dRD:A0,-0.2
B_attacker_costs,0.1,0.1,0.1,0.35,1.0,0.35,dRD,A0,dRD:A0,-0.2
B_attacker_costs,0.1,0.1,0.1,0.35,1.0,0.4,dRD,A0,dRD:A0,-0.2
B_attacker_costs,0.1,0.1,0.1,0.35,1.0,0.45,dR,A0,dR:A0,-0.1
B_attacker_costs,0.1,0.1,0.1,0.35,1.0,0.5,dR,A0,dR:A0,-0.1
B_attacker_costs,0.1,0.1,0.1,0.35,1.0,0.55,dR,A0,dR:A0,-0.1
B_attacker_costs,0.1,0.1,0.1,0.35,1.0,0.6,dR,A0,dR:A0,-0.1
B_attacker_costs,0.1,0.1,0.1,0.35,1.0,0.65,dR,A0,dR:A0,-0.1
B_attacker_costs,0.1,0.1,0.1,0.35,1.0,0.7,dR,A0,dR:A0,-0.1
B_attacker_costs,0.1,0.1,0.1,0.35,1.0,0.75,dR,A0,dR:A0,-0.1
B_attacker_costs,0.1,0.1,0.1,0.35,1.0,0.8,dR,A0,dR:A0,-0.1
B_attacker_costs,0.1,0.1,0.1,0.35,1.0,0.85,dR,A0,dR:A0,-0.1
B_attacker_costs,0.1,0.1,0.1,0.35,1.0,0.9,dR,A0,dR:A0,-0.1
B_attacker_costs,0.1,0.1,0.1,0.35,1.0,0.95,dR,A0,dR:A0,-0.1
B_attacker_costs,0.1,0.1,0.1,0.35,1.0,1.0,dR,A0,dR:A0,-0.1
B_attacker_costs,0.1,0.1,0.1,0.4,0.0,0.0,dRID,AD,dRID:AD,-0.49602
B_attacker_costs,0.1,0.1,0.1,0.4,0.0,0.05,dRID,AD,dRID:AD,-0.49602
B_attacker_costs,0.1,0.1,0.1,0.4,0.0,0.1,dRID,AD,dRID:AD,-0.49602
B_attacker_costs,0.1,0.1,0.1,0.4,0.0,0.15,dRID,AD,dRID:AD,-0.49602
B_attacker_costs,0.1,0.1,0.1,0.4,0.0,0.2,dRID,AI,dRID:AI,-0.30000000000000004
B_attacker_costs,0.1,0.1,0.1,0.4,0.0,0.25,dRID,AI,dRID:AI,-0.30000000000000004
B_attacker_costs,0.1,0.1,0.1,0.4,0.0,0.3,dRID,AI,dRID:AI,-0.30000000000000004
B_attacker_costs,0.1,0.1,0.1,0.4,0.0,0.35,dRID,AI,dRID:AI,-0.30000000000000004
B_attacker_costs,0.1,0.1,0.1,0.4,0.0,0.4,dRID,AI,dRID:AI,-0.30000000000000004
B_attacker_costs,0.1,0.1,0.1,0.4,0.0,0.45,dRI,AI,dRI:AI,-0.2
B_attacker_costs,0.1,0.1,0.1,0.4,0.0,0.5,dRI,AI,dRI:AI,-0.2
B_attacker_costs,0.1,0.1,0.1,0.4,0.0,0.55,dRI,AI,dRI:AI,-0.2
B_attacker_costs,0.1,0.1,0.1,0.4,0.0,0.6,dRI,AI,dRI:AI,-0.2
B_attacker_costs,0.1,0.1,0.1,0.4,0.0,0.65,dRI,AI,dRI:AI,-0.2
B_attacker_costs,0.1,0.1,0.1,0.4,0.0,0.7,dRI,AI,dRI:AI,-0.2
B_attacker_costs,0.1,0.1,0.1,0.4,0.0,0.75,dRI,AI,dRI:AI,-0.2
B_attacker_costs,0.1,0.1,0.1,0.4,0.0,0.8,dRI,AI,dRI:AI,-0.2
B_attacker_costs,0.1,0.1,0.1,0.4,0.0,0.85,dRI,AI,dRI:AI,-0.2
B_attacker_costs,0.1,0.1,0.1,0.4,0.0,0.9,dRI,AI,dRI:AI,-0.2
B_attacker_costs,0.1,0.1,0.1,0.4,0.0,0.95,dRI,AI,dRI:AI,-0.2
B_attacker_costs,0.1,0.1,0.1,0.4,0.0,1.0,dRI,AI,dRI:AI,-0.2
B_attacker_costs,0.1,0.1,0.1,0.4,0.05,0.0,dRID,AD,dRID:AD,-0.49602
B_attacker_costs,0.1,0.1,0.1,0.4,0.05,0.05,dRID,AD,dRID:AD,-0.49602
B_attacker_costs,0.1,0.1,0.1,0.4,0.05,0.1,dRID,AD,dRID:AD,-0.49602
B_attacker_costs,0.1,0.1,0.1,0.4,0.05,0.15,dRID,AD,dRID:AD,-0.49602
B_attacker_costs,0.1,0.1,0.1,0.4,0.05,0.2,dRID,A0,dRID:A0,-0.30000000000000004
B_attacker_costs,0.1,0.1,0.1,0.4,0.05,0.25,dRID,A0,dRID:A0,-0.30000000000000004
B_attacker_costs,0.1,0.1,0.1,0.4,0.05,0.3,dRID,A0,dRID:A0,-0.30000000000000004
B_attacker_costs,0.1,0.1,0.1,0.4,0.05,0.35,dRID,A0,dRID:A0,-0.30000000000000004
B_attacker_costs,0.1,0.1,0.1,0.4,0.05,0.4,dRID,A0,dRID:A0,-0.30000000000000004
B_attacker_costs,0.1,0.1,0.1,0.4,0.05,0.45,dRI,A0,dRI:A0,-0.2
B_attacker_costs,0.1,0.1,0.1,0.4,0.05,0.5,dRI,A0,dRI:A0,-0.2
B_attacker_costs,0.1,0.1,0.1,0.4,0.05,0.55,dRI,A0,dRI:A0,-0.2
B_attacker_costs,0.1,0.1,0.1,0.4,0.05,0.6,dRI,A0,dRI:A0,-0.2
B_attacker_costs,0.1,0.1,0.1,0.4,0.05,0.65,dRI,A0,dRI:A0,-0.2
B_attacker_costs,0.1,0.1,0.1,0.4,0.05,0.7,dRI,A0,dRI:A0,-0.2
B_attacker_costs,0.1,0.1,0.1,0.4,0.05,0.75,dRI,A0,dRI:A0,-0.2
B_attacker_costs,0.1,0.1,0.1,0.4,0.05,0.8,dRI,A0,dRI:A0,-0.2
B_attacker_costs,0.1,0.1,0.1,0.4,0.05,0.85,dRI,A0,dRI:A0,-0.2
B_attacker_costs,0.1,0.1,0.1,0.4,0.05,0.9,dRI,A0,dRI:A0,-0.2
B_attacker_costs,0.1,0.1,0.1,0.4,0.05,0.95,dRI,A0,dRI:A0,-0.2
B_attacker_costs,0.1,0.1,0.1,0.4,0.05,1.0,dRI,A0,dRI:A0,-0.2
B_attacker_costs,0.1,0.1,0.1,0.4,0.1,0.0,dRID,AD,dRID:AD,-0.49602
B_attacker_costs,0.1,0.1,0.1,0.4,0.1,0.05,dRID,AD,dRID:AD,-0.49602
B_attacker_costs,0.1,0.1,0.1,0.4,0.1,0.1,dRID,AD,dRID:AD,-0.49602
B_attacker_costs,0.1,0.1,0.1,0.4,0.1,0.15,dRID,AD,dRID:AD,-0.49602
B_attacker_costs,0.1,0.1,0.1,0.4,0.1,0.2,dRID,A0,dRID:A0,-0.30000000000000004
B_attacker_costs,0.1,0.1,0.1,0.4,0.1,0.25,dRID,A0,dRID:A0,-0.30000000000000004
B_attacker_costs,0.1,0.1,0.1,0.4,0.1,0.3,dRID,A0,dRID:A0,-0.30000000000000004
B_attacker_costs,0.1,0.1,0.1,0.4,0.1,0.35,dRID,A0,dRID:A0,-0.30000000000000004
B_attacker_costs,0.1,0.1,0.1,0.4,0.1,0.4,dRID,A0,dRID:A0,-0.30000000000000004
B_attacker_costs,0.1,0.1,0.1,0.4,0.1,0.45,dRI,A0,dRI:A0,-0.2
B_attacker_costs,0.1,0.1,0.1,0.4,0.1,0.5,dRI,A0,dRI:A0,-0.2
B_attacker_costs,0.1,0.1,0.1,0.4,0.1,0.55,dRI,A0,dRI:A0,-0.2
B_attacker_costs,0.1,0.1,0.1,0.4,0.1,0.6,dRI,A0,dRI:A0,-0.2
B_attacker_costs,0.1,0.1,0.1,0.4,0.1,0.65,dRI,A0,dRI:A0,-0.2
B_attacker_costs,0.1,0.1,0.1,0.4,0.1,0.7,dRI,A0,dRI:A0,-0.2
B_attacker_costs,0.1,0.1,0.1,0.4,0.1,0.75,dRI,A0,dRI:A0,-0.2
B_attacker_costs,0.1,0.1,0.1,0.4,0.1,0.8,dRI,A0,dRI:A0,-0.2
B_attacker_costs,0.1,0.1,0.1,0.4,0.1,0.85,dRI,A0,dRI:A0,-0.2
B_attacker_costs,0.1,0.1,0.1,0.4,0.1,0.9,dRI,A0,dRI:A0,-0.2
B_attacker_costs,0.1,0.1,0.1,0.4,0.1,0.95,dRI,A0,dRI:A0,-0.2
B_attacker_costs,0.1,0.1,0.1,0.4,0.1,1.0,dRI,A0,dRI:A0,-0.2
B_attacker_costs,0.1,0.1,0.1,0.4,0.15,0.0,dRID,AD,dRID:AD,-0.49602
B_attacker_costs,0.1,0.1,0.1,0.4,0.15,0.05,dRID,AD,dRID:AD,-0.49602
B_attacker_costs,0.1,0.1,0.1,0.4,0.15,0.1,dRID,AD,dRID:AD,-0.49602
B_attacker_costs,0.1,0.1,0.1,0.4,0.15,0.15,dRID,AD,dRID:AD,-0.49602
B_attacker_costs,0.1,0.1,0.1,0.4,0.15,0.2,dRID,A0,dRID:A0,-0.30000000000000004
B_attacker_costs,0.1,0.1,0.1,0.4,0.15,0.25,dRID,A0,dRID:A0,-0.30000000000000004
B_attacker_costs,0.1,0.1,0.1,0.4,0.15,0.3,dRID,A0,dRID:A0,-0.30000000000000004
B_attacker_costs,0.1,0.1,0.1,0.4,0.15,0.35,dRID,A0,dRID:A0,-0.30000000000000004
B_attacker_costs,0.1,0.1,0.1,0.4,0.15,0.4,dRID,A0,dRID:A0,-0.30000000000000004
B_attacker_costs,0.1,0.1,0.1,0.4,0.15,0.45,dRI,A0,dRI:A0,-0.2
B_attacker_costs,0.1,0.1,0.1,0.4,0.15,0.5,dRI,A0,dRI:A0,-0.2
B_attacker_costs,0.1,0.1,0.1,0.4,0.15,0.55,dRI,A0,dRI:A0,-0.2
B_attacker_costs,0.1,0.1,0.1,0.4,0.15,0.6,dRI,A0,dRI:A0,-0.2
B_attacker_costs,0.1,0.1,0.1,0.4,0.15,0.65,dRI,A0,dRI:A0,-0.2
B_attacker_costs,0.1,0.1,0.1,0.4,0.15,0.7,dRI,A0,dRI:A0,-0.2
B_attacker_costs,0.1,0.1,0.1,0.4,0.15,0.75,dRI,A0,dRI:A0,-0.2
B_attacker_costs,0.1,0.1,0.1,0.4,0.15,0.8,dRI,A0,dRI:A0,-0.2
B_attacker_costs,0.1,0.1,0.1,0.4,0.15,0.85,dRI,A0,dRI:A0,-0.2
B_attacker_costs,0.1,0.1,0.1,0.4,0.15,0.9,dRI,A0,dRI:A0,-0.2
B_attacker_costs,0.1,0.1,0.1,0.4,0.15,0.95,dRI,A0,dRI:A0,-0.2
B_attacker_costs,0.1,0.1,0.1,0.4,0.15,1.0,dRI,A0,dRI:A0,-0.2
B_attacker_costs,0.1,0.1,0.1,0.4,0.2,0.0,dRID,AD,dRID:AD,-0.49602
B_attacker_costs,0.1,0.1,0.1,0.4,0.2,0.05,dRID,AD,dRID:AD,-0.49602
B_attacker_costs,0.1,0.1,0.1,0.4,0.2,0.1,dRID,AD,dRID:AD,-0.49602
B_attacker_costs,0.1,0.1,0.1,0.4,0.2,0.15,dRID,AD,dRID:AD,-0.49602
B_attacker_costs,0.1,0.1,0.1,0.4,0.2,0.2,dRID,A0,dRID:A0,-0.30000000000000004
B_attacker_costs,0.1,0.1,0.1,0.4,0.2,0.25,dRID,A0,dRID:A0,-0.30000000000000004
B_attacker_costs,0.1,0.1,0.1,0.4,0.2,0.3,dRID,A0,dRID:A0,-0.30000000000000004
B_attacker_costs,0.1,0.1,0.1,0.4,0.2,0.35,dRID,A0,dRID:A0,-0.30000000000000004
B_attacker_costs,0.1,0.1,0.1,0.4,0.2,0.4,dRID,A0,dRID:A0,-0.30000000000000004
B_attacker_costs,0.1,0.1,0.1,0.4,0.2,0.45,dRI,A0,dRI:A0,-0.2
B_attacker_costs,0.1,0.1,0.1,0.4,0.2,0.5,dRI,A0,dRI:A0,-0.2
B_attacker_costs,0.1,0.1,0.1,0.4,0.2,0.55,dRI,A0,dRI:A0,-0.2
B_attacker_costs,0.1,0.1,0.1,0.4,0.2,0.6,dRI,A0,dRI:A0,-0.2
B_attacker_costs,0.1,0.1,0.1,0.4,0.2,0.65,dRI,A0,dRI:A0,-0.2
B_attacker_costs,0.1,0.1,0.1,0.4,0.2,0.7,dRI,A0,dRI:A0,-0.2
B_attacker_costs,0.1,0.1,0.1,0.4,0.2,0.75,dRI,A0,dRI:A0,-0.2
B_attacker_costs,0.1,0.1,0.1,0.4,0.2,0.8,dRI,A0,dRI:A0,-0.2
B_attacker_costs,0.1,0.1,0.1,0.4,0.2,0.85,dRI,A0,dRI:A0,-0.2
B_attacker_costs,0.1,0.1,0.1,0.4,0.2,0.9,dRI,A0,dRI:A0,-0.2
B_attacker_costs,0.1,0.1,0.1,0.4,0.2,0.95,dRI,A0,dRI:A0,-0.2
B_attacker_costs,0.1,0.1,0.1,0.4,0.2,1.0,dRI,A0,dRI:A0,-0.2
B_attacker_costs,0.1,0.1,0.1,0.4,0.25,0.0,dRID,AD,dRID:AD,-0.49602
B_attacker_costs,0.1,0.1,0.1,0.4,0.25,0.05,dRID,AD,dRID:AD,-0.49602
B_attacker_costs,0.1,0.1,0.1,0.4,0.25,0.1,dRID,AD,dRID:AD,-0.49602
B_attacker_costs,0.1,0.1,0.1,0.4,0.25,0.15,dRID,AD,dRID:AD,-0.49602
B_attacker_costs,0.1,0.1,0.1,0.4,0.25,0.2,dRID,A0,dRID:A0,-0.30000000000000004
B_attacker_costs,0.1,0.1,0.1,0.4,0.25,0.25,dRID,A0,dRID:A0,-0.30000000000000004
B_attacker_costs,0.1,0.1,0.1,0.4,0.25,0.3,dRID,A0,dRID:A0,-0.30000000000000004
B_attacker_costs,0.1,0.1,0.1,0.4,0.25,0.35,dRID,A0,dRID:A0,-0.30000000000000004
B_attacker_costs,0.1,0.1,0.1,0.4,0.25,0.4,dRID,A0,dRID:A0,-0.30000000000000004
B_attacker_costs,0.1,0.1,0.1,0.4,0.25,0.45,dRI,A0,dRI:A0,-0.2
B_attacker_costs,0.1,0.1,0.1,0.4,0.25,0.5,dRI,A0,dRI:A0,-0.2
B_attacker_costs,0.1,0.1,0.1,0.4,0.25,0.55,dRI,A0,dRI:A0,-0.2
B_attacker_costs,0.1,0.1,0.1,0.4,0.25,0.6,dRI,A0,dRI:A0,-0.2
B_attacker_costs,0.1,0.1,0.1,0.4,0.25,0.65,dRI,A0,dRI:A0,-0.2
B_attacker_costs,0.1,0.1,0.1,0.4,0.25,0.7,dRI,A0,dRI:A0,-0.2
B_attacker_costs,0.1,0.1,0.1,0.4,0.25,0.75,dRI,A0,dRI:A0,-0.2
B_attacker_costs,0.1,0.1,0.1,0.4,0.25,0.8,dRI,A0,dRI:A0,-0.2
B_attacker_costs,0.1,0.1,0.1,0.4,0.25,0.85,dRI,A0,dRI:A0,-0.2
B_attacker_costs,0.1,0.1,0.1,0.4,0.25,0.9,dRI,A0,dRI:A0,-0.2
B_attacker_costs,0.1,0.1,0.1,0.4,0.25,0.95,dRI,A0,dRI:A0,-0.2
B_attacker_costs,0.1,0.1,0.1,0.4,0.25,1.0,dRI,A0,dRI:A0,-0.2
B_attacker_costs,0.1,0.1,0.1,0.4,0.3,0.0,dRID,AD,dRID:AD,-0.49602
B_attacker_costs,0.1,0.1,0.1,0.4,0.3,0.05,dRID,AD,dRID:AD,-0.49602
B_attacker_costs,0.1,0.1,0.1,0.4,0.3,0.1,dRID,AD,dRID:AD,-0.49602
B_attacker_costs,0.1,0.1,0.1,0.4,0.3,0.15,dRID,AD,dRID:AD,-0.49602
B_attacker_costs,0.1,0.1,0.1,0.4,0.3,0.2,dRID,A0,dRID:A0,-0.30000000000000004
B_attacker_costs,0.1,0.1,0.1,0.4,0.3,0.25,dRID,A0,dRID:A0,-0.30000000000000004
B_attacker_costs,0.1,0.1,0.1,0.4,0.3,0.3,dRID,A0,dRID:A0,-0.30000000000000004
B_attacker_costs,0.1,0.1,0.1,0.4,0.3,0.35,dRID,A0,dRID:A0,-0.30000000000000004
B_attacker_costs,0.1,0.1,0.1,0.4,0.3,0.4,dRID,A0,dRID:A0,-0.30000000000000004
B_attacker_costs,0.1,0.1,0.1,0.4,0.3,0.45,dRI,A0,dRI:A0,-0.2
B_attacker_costs,0.1,0.1,0.1,0.4,0.3,0.5,dRI,A0,dRI:A0,-0.2
B_attacker_costs,0.1,0.1,0.1,0.4,0.3,0.55,dRI,A0,dRI:A0,-0.2
B_attacker_costs,0.1,0.1,0.1,0.4,0.3,0.6,dRI,A0,dRI:A0,-0.2
B_attacker_costs,0.1,0.1,0.1,0.4,0.3,0.65,dRI,A0,dRI:A0,-0.2
B_attacker_costs,0.1,0.1,0.1,0.4,0.3,0.7,dRI,A0,dRI:A0,-0.2
B_attacker_costs,0.1,0.1,0.1,0.4,0.3,0.75,dRI,A0,dRI:A0,-0.2
B_attacker_costs,0.1,0.1,0.1,0.4,0.3,0.8,dRI,A0,dRI:A0,-0.2
B_attacker_costs,0.1,0.1,0.1,0.4,0.3,0.85,dRI,A0,dRI:A0,-0.2
B_attacker_costs,0.1,0.1,0.1,0.4,0.3,0.9,dRI,A0,dRI:A0,-0.2
B_attacker_costs,0.1,0.1,0.1,0.4,0.3,0.95,dRI,A0,dRI:A0,-0.2
B_attacker_costs,0.1,0.1,0.1,0.4,0.3,1.0,dRI,A0,dRI:A0,-0.2
B_attacker_costs,0.1,0.1,0.1,0.4,0.35,0.0,dRID,AD,dRID:AD,-0.49602
B_attacker_costs,0.1,0.1,0.1,0.4,0.35,0.05,dRID,AD,dRID:AD,-0.49602
B_attacker_costs,0.1,0.1,0.1,0.4,0.35,0.1,dRID,AD,dRID:AD,-0.49602
B_attacker_costs,0.1,0.1,0.1,0.4,0.35,0.15,dRID,AD,dRID:AD,-0.49602
B_attacker_costs,0.1,0.1,0.1,0.4,0.35,0.2,dRID,A0,dRID:A0,-0.30000000000000004
B_attacker_costs,0.1,0.1,0.1,0.4,0.35,0.25,dRID,A0,dRID:A0,-0.30000000000000004
B_attacker_costs,0.1,0.1,0.1,0.4,0.35,0.3,dRID,A0,dRID:A0,-0.30000000000000004
B_attacker_costs,0.1,0.1,0.1,0.4,0.35,0.35,dRID,A0,dRID:A0,-0.30000000000000004
B_attacker_costs,0.1,0.1,0.1,0.4,0.35,0.4,dRID,A0,dRID:A0,-0.30000000000000004
B_attacker_costs,0.1,0.1,0.1,0.4,0.35,0.45,dRI,A0,dRI:A0,-0.2
B_attacker_costs,0.1,0.1,0.1,0.4,0.35,0.5,dRI,A0,dRI:A0,-0.2
B_attacker_costs,0.1,0.1,0.1,0.4,0.35,0.55,dRI,A0,dRI:A0,-0.2
B_attacker_costs,0.1,0.1,0.1,0.4,0.35,0.6,dRI,A0,dRI:A0,-0.2
B_attacker_costs,0.1,0.1,0.1,0.4,0.35,0.65,dRI,A0,dRI:A0,-0.2
B_attacker_costs,0.1,0.1,0.1,0.4,0.35,0.7,dRI,A0,dRI:A0,-0.2
B_attacker_costs,0.1,0.1,0.1,0.4,0.35,0.75,dRI,A0,dRI:A0,-0.2
B_attacker_costs,0.1,0.1,0.1,0.4,0.35,0.8,dRI,A0,dRI:A0,-0.2
B_attacker_costs,0.1,0.1,0.1,0.4,0.35,0.85,dRI,A0,dRI:A0,-0.2
B_attacker_costs,0.1,0.1,0.1,0.4,0.35,0.9,dRI,A0,dRI:A0,-0.2
B_attacker_costs,0.1,0.1,0.1,0.4,0.35,0.95,dRI,A0,dRI:A0,-0.2
B_attacker_costs,0.1,0.1,0.1,0.4,0.35,1.0,dRI,A0,dRI:A0,-0.2
B_attacker_costs,0.1,0.1,0.1,0.4,0.4,0.0,dRID,AD,dRID:AD,-0.49602
B_attacker_costs,0.1,0.1,0.1,0.4,0.4,0.05,dRID,AD,dRID:AD,-0.49602
B_attacker_costs,0.1,0.1,0.1,0.4,0.4,0.1,dRID,AD,dRID:AD,-0.49602
B_attacker_costs,0.1,0.1,0.1,0.4,0.4,0.15,dRID,AD,dRID:AD,-0.49602
B_attacker_costs,0.1,0.1,0.1,0.4,0.4,0.2,dRID,A0,dRID:A0,-0.30000000000000004
B_attacker_costs,0.1,0.1,0.1,0.4,0.4,0.25,dRID,A0,dRID:A0,-0.30000000000000004
B_attacker_costs,0.1,0.1,0.1,0.4,0.4,0.3,dRID,A0,dRID:A0,-0.30000000000000004
B_attacker_costs,0.1,0.1,0.1,0.4,0.4,0.35,dRID,A0,dRID:A0,-0.30000000000000004
B_attacker_costs,0.1,0.1,0.1,0.4,0.4,0.4,dRID,A0,dRID:A0,-0.30000000000000004
B_attacker_costs,0.1,0.1,0.1,0.4,0.4,0.45,dRI,A0,dRI:A0,-0.2
B_attacker_costs,0.1,0.1,0.1,0.4,0.4,0.5,dRI,A0,dRI:A0,-0.2
B_attacker_costs,0.1,0.1,0.1,0.4,0.4,0.55,dRI,A0,dRI:A0,-0.2
B_attacker_costs,0.1,0.1,0.1,0.4,0.4,0.6,dRI,A0,dRI:A0,-0.2
B_attacker_costs,0.1,0.1,0.1,0.4,0.4,0.65,dRI,A0,dRI:A0,-0.2
B_attacker_costs,0.1,0.1,0.1,0.4,0.4,0.7,dRI,A0,dRI:A0,-0.2
B_attacker_costs,0.1,0.1,0.1,0.4,0.4,0.75,dRI,A0,dRI:A0,-0.2
B_attacker_costs,0.1,0.1,0.1,0.4,0.4,0.8,dRI,A0,dRI:A0,-0.2
B_attacker_costs,0.1,0.1,0.1,0.4,0.4,0.85,dRI,A0,dRI:A0,-0.2
B_attacker_costs,0.1,0.1,0.1,0.4,0.4,0.9,dRI,A0,dRI:A0,-0.2
B_attacker_costs,0.1,0.1,0.1,0.4,0.4,0.95,dRI,A0,dRI:A0,-0.2
B_attacker_costs,0.1,0.1,0.1,0.4,0.4,1.0,dRI,A0,dRI:A0,-0.2
B_attacker_costs,0.1,0.1,0.1,0.4,0.45,0.0,dRID,AD,dRID:AD,-0.49602
B_attacker_costs,0.1,0.1,0.1,0.4,0.45,0.05,dRID,AD,dRID:AD,-0.49602
B_attacker_costs,0.1,0.1,0.1,0.4,0.45,0.1,dRID,AD,dRID:AD,-0.49602
B_attacker_costs,0.1,0.1,0.1,0.4,0.45,0.15,dRID,AD,dRID:AD,-0.49602
B_attacker_costs,0.1,0.1,0.1,0.4,0.45,0.2,dRID,A0,dRID:A0,-0.30000000000000004
B_attacker_costs,0.1,0.1,0.1,0.4,0.45,0.25,dRID,A0,dRID:A0,-0.30000000000000004
B_attacker_costs,0.1,0.1,0.1,0.4,0.45,0.3,dRID,A0,dRID:A0,-0.30000000000000004
B_attacker_costs,0.1,0.1,0.1,0.4,0.45,0.35,dRID,A0,dRID:A0,-0.30000000000000004
B_attacker_costs,0.1,0.1,0.1,0.4,0.45,0.4,dRID,A0,dRID:A0,-0.30000000000000004
B_attacker_costs,0.1,0.1,0.1,0.4,0.45,0.45,dRI,A0,dRI:A0,-0.2
B_attacker_costs,0.1,0.1,0.1,0.4,0.45,0.5,dRI,A0,dRI:A0,-0.2
B_attacker_costs,0.1,0.1,0.1,0.4,0.45,0.55,dRI,A0,dRI:A0,-0.2
B_attacker_costs,0.1,0.1,0.1,0.4,0.45,0.6,dRI,A0,dRI:A0,-0.2
B_attacker_costs,0.1,0.1,0.1,0.4,0.45,0.65,dRI,A0,dRI:A0,-0.2
B_attacker_costs,0.1,0.1,0.1,0.4,0.45,0.7,dRI,A0,dRI:A0,-0.2
B_attacker_costs,0.1,0.1,0.1,0.4,0.45,0.75,dRI,A0,dRI:A0,-0.2
B_attacker_costs,0.1,0.1,0.1,0.4,0.45,0.8,dRI,A0,dRI:A0,-0.2
B_attacker_costs,0.1,0.1,0.1,0.4,0.45,0.85,dRI,A0,dRI:A0,-0.2
B_attacker_costs,0.1,0.1,0.1,0.4,0.45,0.9,dRI,A0,dRI:A0,-0.2
B_attacker_costs,0.1,0.1,0.1,0.4,0.45,0.95,dRI,A0,dRI:A0,-0.2
B_attacker_costs,0.1,0.1,0.1,0.4,0.45,1.0,dRI,A0,dRI:A0,-0.2
B_attacker_costs,0.1,0.1,0.1,0.4,0.5,0.0,dRID,AD,dRID:AD,-0.49602
B_attacker_costs,0.1,0.1,0.1,0.4,0.5,0.05,dRID,AD,dRID:AD,-0.49602
B_attacker_costs,0.1,0.1,0.1,0.4,0.5,0.1,dRID,AD,dRID:AD,-0.49602
B_attacker_costs,0.1,0.1,0.1,0.4,0.5,0.15,dRID,AD,dRID:AD,-0.49602
B_attacker_costs,0.1,0.1,0.1,0.4,0.5,0.2,dRID,A0,dRID:A0,-0.30000000000000004
B_attacker_costs,0.1,0.1,0.1,0.4,0.5,0.25,dRID,A0,dRID:A0,-0.30000000000000004
B_attacker_costs,0.1,0.1,0.1,0.4,0.5,0.3,dRID,A0,dRID:A0,-0.30000000000000004
B_attacker_costs,0.1,0.1,0.1,0.4,0.5,0.35,dRID,A0,dRID:A0,-0.30000000000000004
B_attacker_costs,0.1,0.1,0.1,0.4,0.5,0.4,dRID,A0,dRID:A0,-0.30000000000000004
B_attacker_costs,0.1,0.1,0.1,0.4,0.5,0.45,dRI,A0,dRI:A0,-0.2
B_attacker_costs,0.1,0.1,0.1,0.4,0.5,0.5,dRI,A0,dRI:A0,-0.2
B_attacker_costs,0.1,0.1,0.1,0.4,0.5,0.55,dRI,A0,dRI:A0,-0.2
B_attacker_costs,0.1,0.1,0.1,0.4,0.5,0.6,dRI,A0,dRI:A0,-0.2
B_attacker_costs,0.1,0.1,0.1,0.4,0.5,0.65,dRI,A0,dRI:A0,-0.2
B_attacker_costs,0.1,0.1,0.1,0.4,0.5,0.7,dRI,A0,dRI:A0,-0.2
B_attacker_costs,0.1,0.1,0.1,0.4,0.5,0.75,dRI,A0,dRI:A0,-0.2
B_attacker_costs,0.1,0.1,0.1,0.4,0.5,0.8,dRI,A0,dRI:A0,-0.2
B_attacker_costs,0.1,0.1,0.1,0.4,0.5,0.85,dRI,A0,dRI:A0,-0.2
B_attacker_costs,0.1,0.1,0.1,0.4,0.5,0.9,dRI,A0,dRI:A0,-0.2
B_attacker_costs,0.1,0.1,0.1,0.4,0.5,0.95,dRI,A0,dRI:A0,-0.2
B_attacker_costs,0.1,0.1,0.1,0.4,0.5,1.0,dRI,A0,dRI:A0,-0.2
B_attacker_costs,0.1,0.1,0.1,0.4,0.55,0.0,dRID,AD,dRID:AD,-0.49602
B_attacker_costs,0.1,0.1,0.1,0.4,0.55,0.05,dRID,AD,dRID:AD,-0.49602
B_attacker_costs,0.1,0.1,0.1,0.4,0.55,0.1,dRID,AD,dRID:AD,-0.49602
B_attacker_costs,0.1,0.1,0.1,0.4,0.55,0.15,dRID,AD,dRID:AD,-0.49602
B_attacker_costs,0.1,0.1,0.1,0.4,0.55,0.2,dRID,A0,dRID:A0,-0.30000000000000004
B_attacker_costs,0.1,0.1,0.1,0.4,0.55,0.25,dRID,A0,dRID:A0,-0.30000000000000004
B_attacker_costs,0.1,0.1,0.1,0.4,0.55,0.3,dRID,A0,dRID:A0,-0.30000000000000004
B_attacker_costs,0.1,0.1,0.1,0.4,0.55,0.35,dRID,A0,dRID:A0,-0.30000000000000004
B_attacker_costs,0.1,0.1,0.1,0.4,0.55,0.4,dRID,A0,dRID:A0,-0.30000000000000004
B_attacker_costs,0.1,0.1,0.1,0.4,0.55,0.45,dRI,A0,dRI:A0,-0.2
B_attacker_costs,0.1,0.1,0.1,0.4,0.55,0.5,dRI,A0,dRI:A0,-0.2
B_attacker_costs,0.1,0.1,0.1,0.4,0.55,0.55,dRI,A0,dRI:A0,-0.2
B_attacker_costs,0.1,0.1,0.1,0.4,0.55,0.6,dRI,A0,dRI:A0,-0.2
B_attacker_costs,0.1,0.1,0.1,0.4,0.55,0.65,dRI,A0,dRI:A0,-0.2
B_attacker_costs,0.1,0.1,0.1,0.4,0.55,0.7,dRI,A0,dRI:A0,-0.2
B_attacker_costs,0.1,0.1,0.1,0.4,0.55,0.75,dRI,A0,dRI:A0,-0.2
B_attacker_costs,0.1,0.1,0.1,0.4,0.55,0.8,dRI,A0,dRI:A0,-0.2
B_attacker_costs,0.1,0.1,0.1,0.4,0.55,0.85,dRI,A0,dRI:A0,-0.2
B_attacker_costs,0.1,0.1,0.1,0.4,0.55,0.9,dRI,A0,dRI:A0,-0.2
B_attacker_costs,0.1,0.1,0.1,0.4,0.55,0.95,dRI,A0,dRI:A0,-0.2
B_attacker_costs,0.1,0.1,0.1,0.4,0.55,1.0,dRI,A0,dRI:A0,-0.2
B_attacker_costs,0.1,0.1,0.1,0.4,0.6,0.0,dRID,AD,dRID:AD,-0.49602
B_attacker_costs,0.1,0.1,0.1,0.4,0.6,0.05,dRID,AD,dRID:AD,-0.49602
B_attacker_costs,0.1,0.1,0.1,0.4,0.6,0.1,dRID,AD,dRID:AD,-0.49602
B_attacker_costs,0.1,0.1,0.1,0.4,0.6,0.15,dRID,AD,dRID:AD,-0.49602
B_attacker_costs,0.1,0.1,0.1,0.4,0.6,0.2,dRID,A0,dRID:A0,-0.30000000000000004
B_attacker_costs,0.1,0.1,0.1,0.4,0.6,0.25,dRID,A0,dRID:A0,-0.30000000000000004
B_attacker_costs,0.1,0.1,0.1,0.4,0.6,0.3,dRID,A0,dRID:A0,-0.30000000000000004
B_attacker_costs,0.1,0.1,0.1,0.4,0.6,0.35,dRID,A0,dRID:A0,-0.30000000000000004
B_attacker_costs,0.1,0.1,0.1,0.4,0.6,0.4,dRID,A0,dRID:A0,-0.30000000000000004
B_attacker_costs,0.1,0.1,0.1,0.4,0.6,0.45,dRI,A0,dRI:A0,-0.2
B_attacker_costs,0.1,0.1,0.1,0.4,0.6,0.5,dRI,A0,dRI:A0,-0.2
B_attacker_costs,0.1,0.1,0.1,0.4,0.6,0.55,dRI,A0,dRI:A0,-0.2
B_attacker_costs,0.1,0.1,0.1,0.4,0.6,0.6,dRI,A0,dRI:A0,-0.2
B_attacker_costs,0.1,0.1,0.1,0.4,0.6,0.65,dRI,A0,dRI:A0,-0.2
B_attacker_costs,0.1,0.1,0.1,0.4,0.6,0.7,dRI,A0,dRI:A0,-0.2
B_attacker_costs,0.1,0.1,0.1,0.4,0.6,0.75,dRI,A0,dRI:A0,-0.2
B_attacker_costs,0.1,0.1,0.1,0.4,0.6,0.8,dRI,A0,dRI:A0,-0.2
B_attacker_costs,0.1,0.1,0.1,0.4,0.6,0.85,dRI,A0,dRI:A0,-0.2
B_attacker_costs,0.1,0.1,0.1,0.4,0.6,0.9,dRI,A0,dRI:A0,-0.2
B_attacker_costs,0.1,0.1,0.1,0.4,0.6,0.95,dRI,A0,dRI:A0,-0.2
B_attacker_costs,0.1,0.1,0.1,0.4,0.6,1.0,dRI,A0,dRI:A0,-0.2
B_attacker_costs,0.1,0.1,0.1,0.4,0.65,0.0,dRID,AD,dRID:AD,-0.49602
B_attacker_costs,0.1,0.1,0.1,0.4,0.65,0.05,dRID,AD,dRID:AD,-0.49602
B_attacker_costs,0.1,0.1,0.1,0.4,0.65,0.1,dRID,AD,dRID:AD,-0.49602
B_attacker_costs,0.1,0.1,0.1,0.4,0.65,0.15,dRID,AD,dRID:AD,-0.49602
B_attacker_costs,0.1,0.1,0.1,0.4,0.65,0.2,dRID,A0,dRID:A0,-0.30000000000000004
B_attacker_costs,0.1,0.1,0.1,0.4,0.65,0.25,dRID,A0,dRID:A0,-0.30000000000000004
B_attacker_costs,0.1,0.1,0.1,0.4,0.65,0.3,dRID,A0,dRID:A0,-0.30000000000000004
B_attacker_costs,0.1,0.1,0.1,0.4,0.65,0.35,dRID,A0,dRID:A0,-0.30000000000000004
B_attacker_costs,0.1,0.1,0.1,0.4,0.65,0.4,dRID,A0,dRID:A0,-0.30000000000000004
B_attacker_costs,0.1,0.1,0.1,0.4,0.65,0.45,dRI,A0,dRI:A0,-0.2
B_attacker_costs,0.1,0.1,0.1,0.4,0.65,0.5,dRI,A0,dRI:A0,-0.2
B_attacker_costs,0.1,0.1,0.1,0.4,0.65,0.55,dRI,A0,dRI:A0,-0.2
B_attacker_costs,0.1,0.1,0.1,0.4,0.65,0.6,dRI,A0,dRI:A0,-0.2
B_attacker_costs,0.1,0.1,0.1,0.4,0.65,0.65,dRI,A0,dRI:A0,-0.2
B_attacker_costs,0.1,0.1,0.1,0.4,0.65,0.7,dRI,A0,dRI:A0,-0.2
B_attacker_costs,0.1,0.1,0.1,0.4,0.65,0.75,dRI,A0,dRI:A0,-0.2
B_attacker_costs,0.1,0.1,0.1,0.4,0.65,0.8,dRI,A0,dRI:A0,-0.2
B_attacker_costs,0.1,0.1,0.1,0.4,0.65,0.85,dRI,A0,dRI:A0,-0.2
B_attacker_costs,0.1,0.1,0.1,0.4,0.65,0.9,dRI,A0,dRI:A0,-0.2
B_attacker_costs,0.1,0.1,0.1,0.4,0.65,0.95,dRI,A0,dRI:A0,-0.2
B_attacker_costs,0.1,0.1,0.1,0.4,0.65,1.0,dRI,A0,dRI:A0,-0.2
B_attacker_costs,0.1,0.1,0.1,0.4,0.7,0.0,dRID,AD,dRID:AD,-0.49602
B_attacker_costs,0.1,0.1,0.1,0.4,0.7,0.05,dRID,AD,dRID:AD,-0.49602
B_attacker_costs,0.1,0.1,0.1,0.4,0.7,0.1,dRID,AD,dRID:AD,-0.49602
B_attacker_costs,0.1,0.1,0.1,0.4,0.7,0.15,dRID,AD,dRID:AD,-0.49602
B_attacker_costs,0.1,0.1,0.1,0.4,0.7,0.2,dRID,A0,dRID:A0,-0.30000000000000004
B_attacker_costs,0.1,0.1,0.1,0.4,0.7,0.25,dRID,A0,dRID:A0,-0.30000000000000004
B_attacker_costs,0.1,0.1,0.1,0.4,0.7,0.3,dRID,A0,dRID:A0,-0.30000000000000004
B_attacker_costs,0.1,0.1,0.1,0.4,0.7,0.35,dRID,A0,dRID:A0,-0.30000000000000004
B_attacker_costs,0.1,0.1,0.1,0.4,0.7,0.4,dRID,A0,dRID:A0,-0.30000000000000004
B_attacker_costs,0.1,0.1,0.1,0.4,0.7,0.45,dRI,A0,dRI:A0,-0.2
B_attacker_costs,0.1,0.1,0.1,0.4,0.7,0.5,dRI,A0,dRI:A0,-0.2
B_attacker_costs,0.1,0.1,0.1,0.4,0.7,0.55,dRI,A0,dRI:A0,-0.2
B_attacker_costs,0.1,0.1,0.1,0.4,0.7,0.6,dRI,A0,dRI:A0,-0.2
B_attacker_costs,0.1,0.1,0.1,0.4,0.7,0.65,dRI,A0,dRI:A0,-0.2
B_attacker_costs,0.1,0.1,0.1,0.4,0.7,0.7,dRI,A0,dRI:A0,-0.2
B_attacker_costs,0.1,0.1,0.1,0.4,0.7,0.75,dRI,A0,dRI:A0,-0.2
B_attacker_costs,0.1,0.1,0.1,0.4,0.7,0.8,dRI,A0,dRI:A0,-0.2
B_attacker_costs,0.1,0.1,0.1,0.4,0.7,0.85,dRI,A0,dRI:A0,-0.2
B_attacker_costs,0.1,0.1,0.1,0.4,0.7,0.9,dRI,A0,dRI:A0,-0.2
B_attacker_costs,0.1,0.1,0.1,0.4,0.7,0.95,dRI,A0,dRI:A0,-0.2
B_attacker_costs,0.1,0.1,0.1,0.4,0.7,1.0,dRI,A0,dRI:A0,-0.2
B_attacker_costs,0.1,0.1,0.1,0.4,0.75,0.0,dRID,AD,dRID:AD,-0.49602
B_attacker_costs,0.1,0.1,0.1,0.4,0.75,0.05,dRID,AD,dRID:AD,-0.49602
B_attacker_costs,0.1,0.1,0.1,0.4,0.75,0.1,dRID,AD,dRID:AD,-0.49602
B_attacker_costs,0.1,0.1,0.1,0.4,0.75,0.15,dRID,AD,dRID:AD,-0.49602
B_attacker_costs,0.1,0.1,0.1,0.4,0.75,0.2,dRID,A0,dRID:A0,-0.30000000000000004
B_attacker_costs,0.1,0.1,0.1,0.4,0.75,0.25,dRID,A0,dRID:A0,-0.30000000000000004
B_attacker_costs,0.1,0.1,0.1,0.4,0.75,0.3,dRID,A0,dRID:A0,-0.30000000000000004
B_attacker_costs,0.1,0.1,0.1,0.4,0.75,0.35,dRID,A0,dRID:A0,-0.30000000000000004
B_attacker_costs,0.1,0.1,0.1,0.4,0.75,0.4,dRID,A0,dRID:A0,-0.30000000000000004
B_attacker_costs,0.1,0.1,0.1,0.4,0.75,0.45,dRI,A0,dRI:A0,-0.2
B_attacker_costs,0.1,0.1,0.1,0.4,0.75,0.5,dRI,A0,dRI:A0,-0.2
B_attacker_costs,0.1,0.1,0.1,0.4,0.75,0.55,dRI,A0,dRI:A0,-0.2
B_attacker_costs,0.1,0.1,0.1,0.4,0.75,0.6,dRI,A0,dRI:A0,-0.2
B_attacker_costs,0.1,0.1,0.1,0.4,0.75,0.65,dRI,A0,dRI:A0,-0.2
B_attacker_costs,0.1,0.1,0.1,0.4,0.75,0.7,dRI,A0,dRI:A0,-0.2
B_attacker_costs,0.1,0.1,0.1,0.4,0.75,0.75,dRI,A0,dRI:A0,-0.2
B_attacker_costs,0.1,0.1,0.1,0.4,0.75,0.8,dRI,A0,dRI:A0,-0.2
B_attacker_costs,0.1,0.1,0.1,0.4,0.75,0.85,dRI,A0,dRI:A0,-0.2
B_attacker_costs,0.1,0.1,0.1,0.4,0.75,0.9,dRI,A0,dRI:A0,-0.2
B_attacker_costs,0.1,0.1,0.1,0.4,0.75,0.95,dRI,A0,dRI:A0,-0.2
B_attacker_costs,0.1,0.1,0.1,0.4,0.75,1.0,dRI,A0,dRI:A0,-0.2
B_attacker_costs,0.1,0.1,0.1,0.4,0.8,0.0,dRID,AD,dRID:AD,-0.49602
B_attacker_costs,0.1,0.1,0.1,0.4,0.8,0.05,dRID,AD,dRID:AD,-0.49602
B_attacker_costs,0.1,0.1,0.1,0.4,0.8,0.1,dRID,AD,dRID:AD,-0.49602
B_attacker_costs,0.1,0.1,0.1,0.4,0.8,0.15,dRID,AD,dRID:AD,-0.49602
B_attacker_costs,0.1,0.1,0.1,0.4,0.8,0.2,dRID,A0,dRID:A0,-0.30000000000000004
B_attacker_costs,0.1,0.1,0.1,0.4,0.8,0.25,dRID,A0,dRID:A0,-0.30000000000000004
B_attacker_costs,0.1,0.1,0.1,0.4,0.8,0.3,dRID,A0,dRID:A0,-0.30000000000000004
B_attacker_costs,0.1,0.1,0.1,0.4,0.8,0.35,dRID,A0,dRID:A0,-0.30000000000000004
B_attacker_costs,0.1,0.1,0.1,0.4,0.8,0.4,dRID,A0,dRID:A0,-0.30000000000000004
B_attacker_costs,0.1,0.1,0.1,0.4,0.8,0.45,dRI,A0,dRI:A0,-0.2
B_attacker_costs,0.1,0.1,0.1,0.4,0.8,0.5,dRI,A0,dRI:A0,-0.2
B_attacker_costs,0.1,0.1,0.1,0.4,0.8,0.55,dRI,A0,dRI:A0,-0.2
B_attacker_costs,0.1,0.1,0.1,0.4,0.8,0.6,dRI,A0,dRI:A0,-0.2
B_attacker_costs,0.1,0.1,0.1,0.4,0.8,0.65,dRI,A0,dRI:A0,-0.2
B_attacker_costs,0.1,0.1,0.1,0.4,0.8,0.7,dRI,A0,dRI:A0,-0.2
B_attacker_costs,0.1,0.1,0.1,0.4,0.8,0.75,dRI,A0,dRI:A0,-0.2
B_attacker_costs,0.1,0.1,0.1,0.4,0.8,0.8,dRI,A0,dRI:A0,-0.2
B_attacker_costs,0.1,0.1,0.1,0.4,0.8,0.85,dRI,A0,dRI:A0,-0.2
B_attacker_costs,0.1,0.1,0.1,0.4,0.8,0.9,dRI,A0,dRI:A0,-0.2
B_attacker_costs,0.1,0.1,0.1,0.4,0.8,0.95,dRI,A0,dRI:A0,-0.2
B_attacker_costs,0.1,0.1,0.1,0.4,0.8,1.0,dRI,A0,dRI:A0,-0.2
B_attacker_costs,0.1,0.1,0.1,0.4,0.85,0.0,dRD,AD,dRD:AD,-0.39602000000000004
B_attacker_costs,0.1,0.1,0.1,0.4,0.85,0.05,dRID,AD,dRID:AD,-0.49602
B_attacker_costs,0.1,0.1,0.1,0.4,0.85,0.1,dRID,AD,dRID:AD,-0.49602
B_attacker_costs,0.1,0.1,0.1,0.4,0.85,0.15,dRID,AD,dRID:AD,-0.49602
B_attacker_costs,0.1,0.1,0.1,0.4,0.85,0.2,dRID,A0,dRID:A0,-0.30000000000000004
B_attacker_costs,0.1,0.1,0.1,0.4,0.85,0.25,dRID,A0,dRID:A0,-0.30000000000000004
B_attacker_costs,0.1,0.1,0.1,0.4,0.85,0.3,dRID,A0,dRID:A0,-0.30000000000000004
B_attacker_costs,0.1,0.1,0.1,0.4,0.85,0.35,dRID,A0,dRID:A0,-0.30000000000000004
B_attacker_costs,0.1,0.1,0.1,0.4,0.85,0.4,dRID,A0,dRID:A0,-0.30000000000000004
B_attacker_costs,0.1,0.1,0.1,0.4,0.85,0.45,dRI,A0,dRI:A0,-0.2
B_attacker_costs,0.1,0.1,0.1,0.4,0.85,0.5,dRI,A0,dRI:A0,-0.2
B_attacker_costs,0.1,0.1,0.1,0.4,0.85,0.55,dRI,A0,dRI:A0,-0.2
B_attacker_costs,0.1,0.1,0.1,0.4,0.85,0.6,dRI,A0,dRI:A0,-0.2
B_attacker_costs,0.1,0.1,0.1,0.4,0.85,0.65,dRI,A0,dRI:A0,-0.2
B_attacker_costs,0.1,0.1,0.1,0.4,0.85,0.7,dRI,A0,dRI:A0,-0.2
B_attacker_costs,0.1,0.1,0.1,0.4,0.85,0.75,dRI,A0,dRI:A0,-0.2
B_attacker_costs,0.1,0.1,0.1,0.4,0.85,0.8,dRI,A0,dRI:A0,-0.2
B_attacker_costs,0.1,0.1,0.1,0.4,0.85,0.85,dRI,A0,dRI:A0,-0.2
B_attacker_costs,0.1,0.1,0.1,0.4,0.85,0.9,dRI,A0,dRI:A0,-0.2
B_attacker_costs,0.1,0.1,0.1,0.4,0.85,0.95,dRI,A0,dRI:A0,-0.2
B_attacker_costs,0.1,0.1,0.1,0.4,0.85,1.0,dRI,A0,dRI:A0,-0.2
B_attacker_costs,0.1,0.1,0.1,0.4,0.9,0.0,dRD,AD,dRD:AD,-0.39602000000000004
B_attacker_costs,0.1,0.1,0.1,0.4,0.9,0.05,dRD,AD,dRD:AD,-0.39602000000000004
B_attacker_costs,0.1,0.1,0.1,0.4,0.9,0.1,dRID,AD,dRID:AD,-0.49602
B_attacker_costs,0.1,0.1,0.1,0.4,0.9,0.15,dRID,AD,dRID:AD,-0.49602
B_attacker_costs,0.1,0.1,0.1,0.4,0.9,0.2,dRID,A0,dRID:A0,-0.30000000000000004
B_attacker_costs,0.1,0.1,0.1,0.4,0.9,0.25,dRID,A0,dRID:A0,-0.30000000000000004
B_attacker_costs,0.1,0.1,0.1,0.4,0.9,0.3,dRID,A0,dRID:A0,-0.30000000000000004
B_attacker_costs,0.1,0.1,0.1,0.4,0.9,0.35,dRID,A0,dRID:A0,-0.30000000000000004
B_attacker_costs,0.1,0.1,0.1,0.4,0.9,0.4,dRID,A0,dRID:A0,-0.30000000000000004
B_attacker_costs,0.1,0.1,0.1,0.4,0.9,0.45,dRI,A0,dRI:A0,-0.2
B_attacker_costs,0.1,0.1,0.1,0.4,0.9,0.5,dRI,A0,dRI:A0,-0.2
B_attacker_costs,0.1,0.1,0.1,0.4,0.9,0.55,dRI,A0,dRI:A0,-0.2
B_attacker_costs,0.1,0.1,0.1,0.4,0.9,0.6,dRI,A0,dRI:A0,-0.2
B_attacker_costs,0.1,0.1,0.1,0.4,0.9,0.65,dRI,A0,dRI:A0,-0.2
B_attacker_costs,0.1,0.1,0.1,0.4,0.9,0.7,dRI,A0,dRI:A0,-0.2
B_attacker_costs,0.1,0.1,0.1,0.4,0.9,0.75,dRI,A0,dRI:A0,-0.2
B_attacker_costs,0.1,0.1,0.1,0.4,0.9,0.8,dRI,A0,dRI:A0,-0.2
B_attacker_costs,0.1,0.1,0.1,0.4,0.9,0.85,dRI,A0,dRI:A0,-0.2
B_attacker_costs,0.1,0.1,0.1,0.4,0.9,0.9,dRI,A0,dRI:A0,-0.2
B_attacker_costs,0.1,0.1,0.1,0.4,0.9,0.95,dRI,A0,dRI:A0,-0.2
B_attacker_costs,0.1,0.1,0.1,0.4,0.9,1.0,dRI,A0,dRI:A0,-0.2
B_attacker_costs,0.1,0.1,0.1,0.4,0.95,0.0,dRD,AD,dRD:AD,-0.39602000000000004
B_attacker_costs,0.1,0.1,0.1,0.4,0.95,0.05,dRD,AD,dRD:AD,-0.39602000000000004
B_attacker_costs,0.1,0.1,0.1,0.4,0.95,0.1,dRD,AD,dRD:AD,-0.39602000000000004
B_attacker_costs,0.1,0.1,0.1,0.4,0.95,0.15,dRID,AD,dRID:AD,-0.49602
B_attacker_costs,0.1,0.1,0.1,0.4,0.95,0.2,dRID,A0,dRID:A0,-0.30000000000000004
B_attacker_costs,0.1,0.1,0.1,0.4,0.95,0.25,dRID,A0,dRID:A0,-0.30000000000000004
B_attacker_costs,0.1,0.1,0.1,0.4,0.95,0.3,dRID,A0,dRID:A0,-0.30000000000000004
B_attacker_costs,0.1,0.1,0.1,0.4,0.95,0.35,dRID,A0,dRID:A0,-0.30000000000000004
B_attacker_costs,0.1,0.1,0.1,0.4,0.95,0.4,dRID,A0,dRID:A0,-0.30000000000000004
B_attacker_costs,0.1,0.1,0.1,0.4,0.95,0.45,dRI,A0,dRI:A0,-0.2
B_attacker_costs,0.1,0.1,0.1,0.4,0.95,0.5,dRI,A0,dRI:A0,-0.2
B_attacker_costs,0.1,0.1,0.1,0.4,0.95,0.55,dRI,A0,dRI:A0,-0.2
B_attacker_costs,0.1,0.1,0.1,0.4,0.95,0.6,dRI,A0,dRI:A0,-0.2
B_attacker_costs,0.1,0.1,0.1,0.4,0.95,0.65,dRI,A0,dRI:A0,-0.2
B_attacker_costs,0.1,0.1,0.1,0.4,0.95,0.7,dRI,A0,dRI:A0,-0.2
B_attacker_costs,0.1,0.1,0.1,0.4,0.95,0.75,dRI,A0,dRI:A0,-0.2
B_attacker_costs,0.1,0.1,0.1,0.4,0.95,0.8,dRI,A0,dRI:A0,-0.2
B_attacker_costs,0.1,0.1,0.1,0.4,0.95,0.85,dRI,A0,dRI:A0,-0.2
B_attacker_costs,0.1,0.1,0.1,0.4,0.95,0.9,dRI,A0,dRI:A0,-0.2
B_attacker_costs,0.1,0.1,0.1,0.4,0.95,0.95,dRI,A0,dRI:A0,-0.2
B_attacker_costs,0.1,0.1,0.1,0.4,0.95,1.0,dRI,A0,dRI:A0,-0.2
B_attacker_costs,0.1,0.1,0.1,0.4,1.0,0.0,dRD,AD,dRD:AD,-0.39602000000000004
B_attacker_costs,0.1,0.1,0.1,0.4,1.0,0.05,dRD,AD,dRD:AD,-0.39602000000000004
B_attacker_costs,0.1,0.1,0.1,0.4,1.0,0.1,dRD,AD,dRD:AD,-0.39602000000000004
B_attacker_costs,0.1,0.1,0.1,0.4,1.0,0.15,dRD,AD,dRD:AD,-0.39602000000000004
B_attacker_costs,0.1,0.1,0.1,0.4,1.0,0.2,dRD,A0,dRD:A0,-0.2
B_attacker_costs,0.1,0.1,0.1,0.4,1.0,0.25,dRD,A0,dRD:A0,-0.2
B_attacker_costs,0.1,0.1,0.1,0.4,1.0,0.3,dRD,A0,dRD:A0,-0.2
B_attacker_costs,0.1,0.1,0.1,0.4,1.0,0.35,dRD,A0,dRD:A0,-0.2
B_attacker_costs,0.1,0.1,0.1,0.4,1.0,0.4,dRD,A0,dRD:A0,-0.2
B_attacker_costs,0.1,0.1,0.1,0.4,1.0,0.45,dR,A0,dR:A0,-0.1
B_attacker_costs,0.1,0.1,0.1,0.4,1.0,0.5,dR,A0,dR:A0,-0.1
B_attacker_costs,0.1,0.1,0.1,0.4,1.0,0.55,dR,A0,dR:A0,-0.1
B_attacker_costs,0.1,0.1,0.1,0.4,1.0,0.6,dR,A0,dR:A0,-0.1
B_attacker_costs,0.1,0.1,0.1,0.4,1.0,0.65,dR,A0,dR:A0,-0.1
B_attacker_costs,0.1,0.1,0.1,0.4,1.0,0.7,dR,A0,dR:A0,-0.1
B_attacker_costs,0.1,0.1,0.1,0.4,1.0,0.75,dR,A0,dR:A0,-0.1
B_attacker_costs,0.1,0.1,0.1,0.4,1.0,0.8,dR,A0,dR:A0,-0.1
B_attacker_costs,0.1,0.1,0.1,0.4,1.0,0.85,dR,A0,dR:A0,-0.1
B_attacker_costs,0.1,0.1,0.1,0.4,1.0,0.9,dR,A0,dR:A0,-0.1
B_attacker_costs,0.1,0.1,0.1,0.4,1.0,0.95,dR,A0,dR:A0,-0.1
B_attacker_costs,0.1,0.1,0.1,0.4,1.0,1.0,dR,A0,dR:A0,-0.1
B_attacker_costs,0.1,0.1,0.1,0.45,0.0,0.0,dRID,AD,dRID:AD,-0.49602
B_attacker_costs,0.1,0.1,0.1,0.45,0.0,0.05,dRID,AD,dRID:AD,-0.49602
B_attacker_costs,0.1,0.1,0.1,0.45,0.0,0.1,dRID,AD,dRID:AD,-0.49602
B_attacker_costs,0.1,0.1,0.1,0.45,0.0,0.15,dRID,AD,dRID:AD,-0.49602
B_attacker_costs,0.1,0.1,0.1,0.45,0.0,0.2,dRID,AI,dRID:AI,-0.30000000000000004
B_attacker_costs,0.1,0.1,0.1,0.45,0.0,0.25,dRID,AI,dRID:AI,-0.30000000000000004
B_attacker_costs,0.1,0.1,0.1,0.45,0.0,0.3,dRID,AI,dRID:AI,-0.30000000000000004
B_attacker_costs,0.1,0.1,0.1,0.45,0.0,0.35,dRID,AI,dRID:AI,-0.30000000000000004
B_attacker_costs,0.1,0.1,0.1,0.45,0.0,0.4,dRID,AI,dRID:AI,-0.30000000000000004
B_attacker_costs,0.1,0.1,0.1,0.45,0.0,0.45,dRI,AI,dRI:AI,-0.2
B_attacker_costs,0.1,0.1,0.1,0.45,0.0,0.5,dRI,AI,dRI:AI,-0.2
B_attacker_costs,0.1,0.1,0.1,0.45,0.0,0.55,dRI,AI,dRI:AI,-0.2
B_attacker_costs,0.1,0.1,0.1,0.45,0.0,0.6,dRI,AI,dRI:AI,-0.2
B_attacker_costs,0.1,0.1,0.1,0.45,0.0,0.65,dRI,AI,dRI:AI,-0.2
B_attacker_costs,0.1,0.1,0.1,0.45,0.0,0.7,dRI,AI,dRI:AI,-0.2
B_attacker_costs,0.1,0.1,0.1,0.45,0.0,0.75,dRI,AI,dRI:AI,-0.2
B_attacker_costs,0.1,0.1,0.1,0.45,0.0,0.8,dRI,AI,dRI:AI,-0.2
B_attacker_costs,0.1,0.1,0.1,0.45,0.0,0.85,dRI,AI,dRI:AI,-0.2
B_attacker_costs,0.1,0.1,0.1,0.45,0.0,0.9,dRI,AI,dRI:AI,-0.2
B_attacker_costs,0.1,0.1,0.1,0.45,0.0,0.95,dRI,AI,dRI:AI,-0.2
B_attacker_costs,0.1,0.1,0.1,0.45,0.0,1.0,dRI,AI,dRI:AI,-0.2
B_attacker_costs,0.1,0.1,0.1,0.45,0.05,0.0,dRID,AD,dRID:AD,-0.49602
B_attacker_costs,0.1,0.1,0.1,0.45,0.05,0.05,dRID,AD,dRID:AD,-0.49602
B_attacker_costs,0.1,0.1,0.1,0.45,0.05,0.1,dRID,AD,dRID:AD,-0.49602
B_attacker_costs,0.1,0.1,0.1,0.45,0.05,0.15,dRID,AD,dRID:AD,-0.49602
B_attacker_costs,0.1,0.1,0.1,0.45,0.05,0.2,dRID,A0,dRID:A0,-0.30000000000000004
B_attacker_costs,0.1,0.1,0.1,0.45,0.05,0.25,dRID,A0,dRID:A0,-0.30000000000000004
B_attacker_costs,0.1,0.1,0.1,0.45,0.05,0.3,dRID,A0,dRID:A0,-0.30000000000000004
B_attacker_costs,0.1,0.1,0.1,0.45,0.05,0.35,dRID,A0,dRID:A0,-0.30000000000000004
B_attacker_costs,0.1,0.1,0.1,0.45,0.05,0.4,dRID,A0,dRID:A0,-0.30000000000000004
B_attacker_costs,0.1,0.1,0.1,0.45,0.05,0.45,dRI,A0,dRI:A0,-0.2
B_attacker_costs,0.1,0.1,0.1,0.45,0.05,0.5,dRI,A0,dRI:A0,-0.2
B_attacker_costs,0.1,0.1,0.1,0.45,0.05,0.55,dRI,A0,dRI:A0,-0.2
B_attacker_costs,0.1,0.1,0.1,0.45,0.05,0.6,dRI,A0,dRI:A0,-0.2
B_attacker_costs,0.1,0.1,0.1,0.45,0.05,0.65,dRI,A0,dRI:A0,-0.2
B_attacker_costs,0.1,0.1,0.1,0.45,0.05,0.7,dRI,A0,dRI:A0,-0.2
B_attacker_costs,0.1,0.1,0.1,0.45,0.05,0.75,dRI,A0,dRI:A0,-0.2
B_attacker_costs,0.1,0.1,0.1,0.45,0.05,0.8,dRI,A0,dRI:A0,-0.2
B_attacker_costs,0.1,0.1,0.1,0.45,0.05,0.85,dRI,A0,dRI:A0,-0.2
B_attacker_costs,0.1,0.1,0.1,0.45,0.05,0.9,dRI,A0,dRI:A0,-0.2
B_attacker_costs,0.1,0.1,0.1,0.45,0.05,0.95,dRI,A0,dRI:A0,-0.2
B_attacker_costs,0.1,0.1,0.1,0.45,0.05,1.0,dRI,A0,dRI:A0,-0.2
B_attacker_costs,0.1,0.1,0.1,0.45,0.1,0.0,dRID,AD,dRID:AD,-0.49602
B_attacker_costs,0.1,0.1,0.1,0.45,0.1,0.05,dRID,AD,dRID:AD,-0.49602
B_attacker_costs,0.1,0.1,0.1,0.45,0.1,0.1,dRID,AD,dRID:AD,-0.49602
B_attacker_costs,0.1,0.1,0.1,0.45,0.1,0.15,dRID,AD,dRID:AD,-0.49602
B_attacker_costs,0.1,0.1,0.1,0.45,0.1,0.2,dRID,A0,dRID:A0,-0.30000000000000004
B_attacker_costs,0.1,0.1,0.1,0.45,0.1,0.25,dRID,A0,dRID:A0,-0.30000000000000004
B_attacker_costs,0.1,0.1,0.1,0.45,0.1,0.3,dRID,A0,dRID:A0,-0.30000000000000004
B_attacker_costs,0.1,0.1,0.1,0.45,0.1,0.35,dRID,A0,dRID:A0,-0.30000000000000004
B_attacker_costs,0.1,0.1,0.1,0.45,0.1,0.4,dRID,A0,dRID:A0,-0.30000000000000004
B_attacker_costs,0.1,0.1,0.1,0.45,0.1,0.45,dRI,A0,dRI:A0,-0.2
B_attacker_costs,0.1,0.1,0.1,0.45,0.1,0.5,dRI,A0,dRI:A0,-0.2
B_attacker_costs,0.1,0.1,0.1,0.45,0.1,0.55,dRI,A0,dRI:A0,-0.2
B_attacker_costs,0.1,0.1,0.1,0.45,0.1,0.6,dRI,A0,dRI:A0,-0.2
B_attacker_costs,0.1,0.1,0.1,0.45,0.1,0.65,dRI,A0,dRI:A0,-0.2
B_attacker_costs,0.1,0.1,0.1,0.45,0.1,0.7,dRI,A0,dRI:A0,-0.2
B_attacker_costs,0.1,0.1,0.1,0.45,0.1,0.75,dRI,A0,dRI:A0,-0.2
B_attacker_costs,0.1,0.1,0.1,0.45,0.1,0.8,dRI,A0,dRI:A0,-0.2
B_attacker_costs,0.1,0.1,0.1,0.45,0.1,0.85,dRI,A0,dRI:A0,-0.2
B_attacker_costs,0.1,0.1,0.1,0.45,0.1,0.9,dRI,A0,dRI:A0,-0.2
B_attacker_costs,0.1,0.1,0.1,0.45,0.1,0.95,dRI,A0,dRI:A0,-0.2
B_attacker_costs,0.1,0.1,0.1,0.45,0.1,1.0,dRI,A0,dRI:A0,-0.2
B_attacker_costs,0.1,0.1,0.1,0.45,0.15,0.0,dRID,AD,dRID:AD,-0.49602
B_attacker_costs,0.1,0.1,0.1,0.45,0.15,0.05,dRID,AD,dRID:AD,-0.49602
B_attacker_costs,0.1,0.1,0.1,0.45,0.15,0.1,dRID,AD,dRID:AD,-0.49602
B_attacker_costs,0.1,0.1,0.1,0.45,0.15,0.15,dRID,AD,dRID:AD,-0.49602
B_attacker_costs,0.1,0.1,0.1,0.45,0.15,0.2,dRID,A0,dRID:A0,-0.30000000000000004
B_attacker_costs,0.1,0.1,0.1,0.45,0.15,0.25,dRID,A0,dRID:A0,-0.30000000000000004
B_attacker_costs,0.1,0.1,0.1,0.45,0.15,0.3,dRID,A0,dRID:A0,-0.30000000000000004
B_attacker_costs,0.1,0.1,0.1,0.45,0.15,0.35,dRID,A0,dRID:A0,-0.30000000000000004
B_attacker_costs,0.1,0.1,0.1,0.45,0.15,0.4,dRID,A0,dRID:A0,-0.30000000000000004
B_attacker_costs,0.1,0.1,0.1,0.45,0.15,0.45,dRI,A0,dRI:A0,-0.2
B_attacker_costs,0.1,0.1,0.1,0.45,0.15,0.5,dRI,A0,dRI:A0,-0.2
B_attacker_costs,0.1,0.1,0.1,0.45,0.15,0.55,dRI,A0,dRI:A0,-0.2
B_attacker_costs,0.1,0.1,0.1,0.45,0.15,0.6,dRI,A0,dRI:A0,-0.2
B_attacker_costs,0.1,0.1,0.1,0.45,0.15,0.65,dRI,A0,dRI:A0,-0.2
B_attacker_costs,0.1,0.1,0.1,0.45,0.15,0.7,dRI,A0,dRI:A0,-0.2
B_attacker_costs,0.1,0.1,0.1,0.45,0.15,0.75,dRI,A0,dRI:A0,-0.2
B_attacker_costs,0.1,0.1,0.1,0.45,0.15,0.8,dRI,A0,dRI:A0,-0.2
B_attacker_costs,0.1,0.1,0.1,0.45,0.15,0.85,dRI,A0,dRI:A0,-0.2
B_attacker_costs,0.1,0.1,0.1,0.45,0.15,0.9,dRI,A0,dRI:A0,-0.2
B_attacker_costs,0.1,0.1,0.1,0.45,0.15,0.95,dRI,A0,dRI:A0,-0.2
B_attacker_costs,0.1,0.1,0.1,0.45,0.15,1.0,dRI,A0,dRI:A0,-0.2
B_attacker_costs,0.1,0.1,0.1,0.45,0.2,0.0,dRID,AD,dRID:AD,-0.49602
B_attacker_costs,0.1,0.1,0.1,0.45,0.2,0.05,dRID,AD,dRID:AD,-0.49602
B_attacker_costs,0.1,0.1,0.1,0.45,0.2,0.1,dRID,AD,dRID:AD,-0.49602
B_attacker_costs,0.1,0.1,0.1,0.45,0.2,0.15,dRID,AD,dRID:AD,-0.49602
B_attacker_costs,0.1,0.1,0.1,0.45,0.2,0.2,dRID,A0,dRID:A0,-0.30000000000000004
B_attacker_costs,0.1,0.1,0.1,0.45,0.2,0.25,dRID,A0,dRID:A0,-0.30000000000000004
B_attacker_costs,0.1,0.1,0.1,0.45,0.2,0.3,dRID,A0,dRID:A0,-0.30000000000000004
B_attacker_costs,0.1,0.1,0.1,0.45,0.2,0.35,dRID,A0,dRID:A0,-0.30000000000000004
B_attacker_costs,0.1,0.1,0.1,0.45,0.2,0.4,dRID,A0,dRID:A0,-0.30000000000000004
B_attacker_costs,0.1,0.1,0.1,0.45,0.2,0.45,dRI,A0,dRI:A0,-0.2
B_attacker_costs,0.1,0.1,0.1,0.45,0.2,0.5,dRI,A0,dRI:A0,-0.2
B_attacker_costs,0.1,0.1,0.1,0.45,0.2,0.55,dRI,A0,dRI:A0,-0.2
B_attacker_costs,0.1,0.1,0.1,0.45,0.2,0.6,dRI,A0,dRI:A0,-0.2
B_attacker_costs,0.1,0.1,0.1,0.45,0.2,0.65,dRI,A0,dRI:A0,-0.2
B_attacker_costs,0.1,0.1,0.1,0.45,0.2,0.7,dRI,A0,dRI:A0,-0.2
B_attacker_costs,0.1,0.1,0.1,0.45,0.2,0.75,dRI,A0,dRI:A0,-0.2
B_attacker_costs,0.1,0.1,0.1,0.45,0.2,0.8,dRI,A0,dRI:A0,-0.2
B_attacker_costs,0.1,0.1,0.1,0.45,0.2,0.85,dRI,A0,dRI:A0,-0.2
B_attacker_costs,0.1,0.1,0.1,0.45,0.2,0.9,dRI,A0,dRI:A0,-0.2
B_attacker_costs,0.1,0.1,0.1,0.45,0.2,0.95,dRI,A0,dRI:A0,-0.2
B_attacker_costs,0.1,0.1,0.1,0.45,0.2,1.0,dRI,A0,dRI:A0,-0.2
B_attacker_costs,0.1,0.1,0.1,0.45,0.25,0.0,dRID,AD,dRID:AD,-0.49602
B_attacker_costs,0.1,0.1,0.1,0.45,0.25,0.05,dRID,AD,dRID:AD,-0.49602
B_attacker_costs,0.1,0.1,0.1,0.45,0.25,0.1,dRID,AD,dRID:AD,-0.49602
B_attacker_costs,0.1,0.1,0.1,0.45,0.25,0.15,dRID,AD,dRID:AD,-0.49602
B_attacker_costs,0.1,0.1,0.1,0.45,0.25,0.2,dRID,A0,dRID:A0,-0.30000000000000004
B_attacker_costs,0.1,0.1,0.1,0.45,0.25,0.25,dRID,A0,dRID:A0,-0.30000000000000004
B_attacker_costs,0.1,0.1,0.1,0.45,0.25,0.3,dRID,A0,dRID:A0,-0.30000000000000004
B_attacker_costs,0.1,0.1,0.1,0.45,0.25,0.35,dRID,A0,dRID:A0,-0.30000000000000004
B_attacker_costs,0.1,0.1,0.1,0.45,0.25,0.4,dRID,A0,dRID:A0,-0.30000000000000004
B_attacker_costs,0.1,0.1,0.1,0.45,0.25,0.45,dRI,A0,dRI:A0,-0.2
B_attacker_costs,0.1,0.1,0.1,0.45,0.25,0.5,dRI,A0,dRI:A0,-0.2
B_attacker_costs,0.1,0.1,0.1,0.45,0.25,0.55,dRI,A0,dRI:A0,-0.2
B_attacker_costs,0.1,0.1,0.1,0.45,0.25,0.6,dRI,A0,dRI:A0,-0.2
B_attacker_costs,0.1,0.1,0.1,0.45,0.25,0.65,dRI,A0,dRI:A0,-0.2
B_attacker_costs,0.1,0.1,0.1,0.45,0.25,0.7,dRI,A0,dRI:A0,-0.2
B_attacker_costs,0.1,0.1,0.1,0.45,0.25,0.75,dRI,A0,dRI:A0,-0.2
B_attacker_costs,0.1,0.1,0.1,0.45,0.25,0.8,dRI,A0,dRI:A0,-0.2
B_attacker_costs,0.1,0.1,0.1,0.45,0.25,0.85,dRI,A0,dRI:A0,-0.2
B_attacker_costs,0.1,0.1,0.1,0.45,0.25,0.9,dRI,A0,dRI:A0,-0.2
B_attacker_costs,0.1,0.1,0.1,0.45,0.25,0.95,dRI,A0,dRI:A0,-0.2
B_attacker_costs,0.1,0.1,0.1,0.45,0.25,1.0,dRI,A0,dRI:A0,-0.2
B_attacker_costs,0.1,0.1,0.1,0.45,0.3,0.0,dRID,AD,dRID:AD,-0.49602
B_attacker_costs,0.1,0.1,0.1,0.45,0.3,0.05,dRID,AD,dRID:AD,-0.49602
B_attacker_costs,0.1,0.1,0.1,0.45,0.3,0.1,dRID,AD,dRID:AD,-0.49602
B_attacker_costs,0.1,0.1,0.1,0.45,0.3,0.15,dRID,AD,dRID:AD,-0.49602
B_attacker_costs,0.1,0.1,0.1,0.45,0.3,0.2,dRID,A0,dRID:A0,-0.30000000000000004
B_attacker_costs,0.1,0.1,0.1,0.45,0.3,0.25,dRID,A0,dRID:A0,-0.30000000000000004
B_attacker_costs,0.1,0.1,0.1,0.45,0.3,0.3,dRID,A0,dRID:A0,-0.30000000000000004
B_attacker_costs,0.1,0.1,0.1,0.45,0.3,0.35,dRID,A0,dRID:A0,-0.30000000000000004
B_attacker_costs,0.1,0.1,0.1,0.45,0.3,0.4,dRID,A0,dRID:A0,-0.30000000000000004
B_attacker_costs,0.1,0.1,0.1,0.45,0.3,0.45,dRI,A0,dRI:A0,-0.2
B_attacker_costs,0.1,0.1,0.1,0.45,0.3,0.5,dRI,A0,dRI:A0,-0.2
B_attacker_costs,0.1,0.1,0.1,0.45,0.3,0.55,dRI,A0,dRI:A0,-0.2
B_attacker_costs,0.1,0.1,0.1,0.45,0.3,0.6,dRI,A0,dRI:A0,-0.2
B_attacker_costs,0.1,0.1,0.1,0.45,0.3,0.65,dRI,A0,dRI:A0,-0.2
B_attacker_costs,0.1,0.1,0.1,0.45,0.3,0.7,dRI,A0,dRI:A0,-0.2
B_attacker_costs,0.1,0.1,0.1,0.45,0.3,0.75,dRI,A0,dRI:A0,-0.2
B_attacker_costs,0.1,0.1,0.1,0.45,0.3,0.8,dRI,A0,dRI:A0,-0.2
B_attacker_costs,0.1,0.1,0.1,0.45,0.3,0.85,dRI,A0,dRI:A0,-0.2
B_attacker_costs,0.1,0.1,0.1,0.45,0.3,0.9,dRI,A0,dRI:A0,-0.2
B_attacker_costs,0.1,0.1,0.1,0.45,0.3,0.95,dRI,A0,dRI:A0,-0.2
B_attacker_costs,0.1,0.1,0.1,0.45,0.3,1.0,dRI,A0,dRI:A0,-0.2
B_attacker_costs,0.1,0.1,0.1,0.45,0.35,0.0,dRID,AD,dRID:AD,-0.49602
B_attacker_costs,0.1,0.1,0.1,0.45,0.35,0.05,dRID,AD,dRID:AD,-0.49602
B_attacker_costs,0.1,0.1,0.1,0.45,0.35,0.1,dRID,AD,dRID:AD,-0.49602
B_attacker_costs,0.1,0.1,0.1,0.45,0.35,0.15,dRID,AD,dRID:AD,-0.49602
B_attacker_costs,0.1,0.1,0.1,0.45,0.35,0.2,dRID,A0,dRID:A0,-0.30000000000000004
B_attacker_costs,0.1,0.1,0.1,0.45,0.35,0.25,dRID,A0,dRID:A0,-0.30000000000000004
B_attacker_costs,0.1,0.1,0.1,0.45,0.35,0.3,dRID,A0,dRID:A0,-0.30000000000000004
B_attacker_costs,0.1,0.1,0.1,0.45,0.35,0.35,dRID,A0,dRID:A0,-0.30000000000000004
B_attacker_costs,0.1,0.1,0.1,0.45,0.35,0.4,dRID,A0,dRID:A0,-0.30000000000000004
B_attacker_costs,0.1,0.1,0.1,0.45,0.35,0.45,dRI,A0,dRI:A0,-0.2
B_attacker_costs,0.1,0.1,0.1,0.45,0.35,0.5,dRI,A0,dRI:A0,-0.2
B_attacker_costs,0.1,0.1,0.1,0.45,0.35,0.55,dRI,A0,dRI:A0,-0.2
B_attacker_costs,0.1,0.1,0.1,0.45,0.35,0.6,dRI,A0,dRI:A0,-0.2
B_attacker_costs,0.1,0.1,0.1,0.45,0.35,0.65,dRI,A0,dRI:A0,-0.2
B_attacker_costs,0.1,0.1,0.1,0.45,0.35,0.7,dRI,A0,dRI:A0,-0.2
B_attacker_costs,0.1,0.1,0.1,0.45,0.35,0.75,dRI,A0,dRI:A0,-0.2
B_attacker_costs,0.1,0.1,0.1,0.45,0.35,0.8,dRI,A0,dRI:A0,-0.2
B_attacker_costs,0.1,0.1,0.1,0.45,0.35,0.85,dRI,A0,dRI:A0,-0.2
B_attacker_costs,0.1,0.1,0.1,0.45,0.35,0.9,dRI,A0,dRI:A0,-0.2
B_attacker_costs,0.1,0.1,0.1,0.45,0.35,0.95,dRI,A0,dRI:A0,-0.2
B_attacker_costs,0.1,0.1,0.1,0.45,0.35,1.0,dRI,A0,dRI:A0,-0.2
B_attacker_costs,0.1,0.1,0.1,0.45,0.4,0.0,dRID,AD,dRID:AD,-0.49602
B_attacker_costs,0.1,0.1,0.1,0.45,0.4,0.05,dRID,AD,dRID:AD,-0.49602
B_attacker_costs,0.1,0.1,0.1,0.45,0.4,0.1,dRID,AD,dRID:AD,-0.49602
B_attacker_costs,0.1,0.1,0.1,0.45,0.4,0.15,dRID,AD,dRID:AD,-0.49602
B_attacker_costs,0.1,0.1,0.1,0.45,0.4,0.2,dRID,A0,dRID:A0,-0.30000000000000004
B_attacker_costs,0.1,0.1,0.1,0.45,0.4,0.25,dRID,A0,dRID:A0,-0.30000000000000004
B_attacker_costs,0.1,0.1,0.1,0.45,0.4,0.3,dRID,A0,dRID:A0,-0.30000000000000004
B_attacker_costs,0.1,0.1,0.1,0.45,0.4,0.35,dRID,A0,dRID:A0,-0.30000000000000004
B_attacker_costs,0.1,0.1,0.1,0.45,0.4,0.4,dRID,A0,dRID:A0,-0.30000000000000004
B_attacker_costs,0.1,0.1,0.1,0.45,0.4,0.45,dRI,A0,dRI:A0,-0.2
B_attacker_costs,0.1,0.1,0.1,0.45,0.4,0.5,dRI,A0,dRI:A0,-0.2
B_attacker_costs,0.1,0.1,0.1,0.45,0.4,0.55,dRI,A0,dRI:A0,-0.2
B_attacker_costs,0.1,0.1,0.1,0.45,0.4,0.6,dRI,A0,dRI:A0,-0.2
B_attacker_costs,0.1,0.1,0.1,0.45,0.4,0.65,dRI,A0,dRI:A0,-0.2
B_attacker_costs,0.1,0.1,0.1,0.45,0.4,0.7,dRI,A0,dRI:A0,-0.2
B_attacker_costs,0.1,0.1,0.1,0.45,0.4,0.75,dRI,A0,dRI:A0,-0.2
B_attacker_costs,0.1,0.1,0.1,0.45,0.4,0.8,dRI,A0,dRI:A0,-0.2
B_attacker_costs,0.1,0.1,0.1,0.45,0.4,0.85,dRI,A0,dRI:A0,-0.2
B_attacker_costs,0.1,0.1,0.1,0.45,0.4,0.9,dRI,A0,dRI:A0,-0.2
B_attacker_costs,0.1,0.1,0.1,0.45,0.4,0.95,dRI,A0,dRI:A0,-0.2
B_attacker_costs,0.1,0.1,0.1,0.45,0.4,1.0,dRI,A0,dRI:A0,-0.2
B_attacker_costs,0.1,0.1,0.1,0.45,0.45,0.0,dRID,AD,dRID:AD,-0.49602
B_attacker_costs,0.1,0.1,0.1,0.45,0.45,0.05,dRID,AD,dRID:AD,-0.49602
B_attacker_costs,0.1,0.1,0.1,0.45,0.45,0.1,dRID,AD,dRID:AD,-0.49602
B_attacker_costs,0.1,0.1,0.1,0.45,0.45,0.15,dRID,AD,dRID:AD,-0.49602
B_attacker_costs,0.1,0.1,0.1,0.45,0.45,0.2,dRID,A0,dRID:A0,-0.30000000000000004
B_attacker_costs,0.1,0.1,0.1,0.45,0.45,0.25,dRID,A0,dRID:A0,-0.30000000000000004
B_attacker_costs,0.1,0.1,0.1,0.45,0.45,0.3,dRID,A0,dRID:A0,-0.30000000000000004
B_attacker_costs,0.1,0.1,0.1,0.45,0.45,0.35,dRID,A0,dRID:A0,-0.30000000000000004
B_attacker_costs,0.1,0.1,0.1,0.45,0.45,0.4,dRID,A0,dRID:A0,-0.30000000000000004
B_attacker_costs,0.1,0.1,0.1,0.45,0.45,0.45,dRI,A0,dRI:A0,-0.2
B_attacker_costs,0.1,0.1,0.1,0.45,0.45,0.5,dRI,A0,dRI:A0,-0.2
B_attacker_costs,0.1,0.1,0.1,0.45,0.45,0.55,dRI,A0,dRI:A0,-0.2
B_attacker_costs,0.1,0.1,0.1,0.45,0.45,0.6,dRI,A0,dRI:A0,-0.2
B_attacker_costs,0.1,0.1,0.1,0.45,0.45,0.65,dRI,A0,dRI:A0,-0.2
B_attacker_costs,0.1,0.1,0.1,0.45,0.45,0.7,dRI,A0,dRI:A0,-0.2
B_attacker_costs,0.1,0.1,0.1,0.45,0.45,0.75,dRI,A0,dRI:A0,-0.2
B_attacker_costs,0.1,0.1,0.1,0.45,0.45,0.8,dRI,A0,dRI:A0,-0.2
B_attacker_costs,0.1,0.1,0.1,0.45,0.45,0.85,dRI,A0,dRI:A0,-0.2
B_attacker_costs,0.1,0.1,0.1,0.45,0.45,0.9,dRI,A0,dRI:A0,-0.2
B_attacker_costs,0.1,0.1,0.1,0.45,0.45,0.95,dRI,A0,dRI:A0,-0.2
B_attacker_costs,0.1,0.1,0.1,0.45,0.45,1.0,dRI,A0,dRI:A0,-0.2
B_attacker_costs,0.1,0.1,0.1,0.45,0.5,0.0,dRID,AD,dRID:AD,-0.49602
B_attacker_costs,0.1,0.1,0.1,0.45,0.5,0.05,dRID,AD,dRID:AD,-0.49602
B_attacker_costs,0.1,0.1,0.1,0.45,0.5,0.1,dRID,AD,dRID:AD,-0.49602
B_attacker_costs,0.1,0.1,0.1,0.45,0.5,0.15,dRID,AD,dRID:AD,-0.49602
B_attacker_costs,0.1,0.1,0.1,0.45,0.5,0.2,dRID,A0,dRID:A0,-0.30000000000000004
B_attacker_costs,0.1,0.1,0.1,0.45,0.5,0.25,dRID,A0,dRID:A0,-0.30000000000000004
B_attacker_costs,0.1,0.1,0.1,0.45,0.5,0.3,dRID,A0,dRID:A0,-0.30000000000000004
B_attacker_costs,0.1,0.1,0.1,0.45,0.5,0.35,dRID,A0,dRID:A0,-0.30000000000000004
B_attacker_costs,0.1,0.1,0.1,0.45,0.5,0.4,dRID,A0,dRID:A0,-0.30000000000000004
B_attacker_costs,0.1,0.1,0.1,0.45,0.5,0.45,dRI,A0,dRI:A0,-0.2
B_attacker_costs,0.1,0.1,0.1,0.45,0.5,0.5,dRI,A0,dRI:A0,-0.2
B_attacker_costs,0.1,0.1,0.1,0.45,0.5,0.55,dRI,A0,dRI:A0,-0.2
B_attacker_costs,0.1,0.1,0.1,0.45,0.5,0.6,dRI,A0,dRI:A0,-0.2
B_attacker_costs,0.1,0.1,0.1,0.45,0.5,0.65,dRI,A0,dRI:A0,-0.2
B_attacker_costs,0.1,0.1,0.1,0.45,0.5,0.7,dRI,A0,dRI:A0,-0.2
B_attacker_costs,0.1,0.1,0.1,0.45,0.5,0.75,dRI,A0,dRI:A0,-0.2
B_attacker_costs,0.1,0.1,0.1,0.45,0.5,0.8,dRI,A0,dRI:A0,-0.2
B_attacker_costs,0.1,0.1,0.1,0.45,0.5,0.85,dRI,A0,dRI:A0,-0.2
B_attacker_costs,0.1,0.1,0.1,0.45,0.5,0.9,dRI,A0,dRI:A0,-0.2
B_attacker_costs,0.1,0.1,0.1,0.45,0.5,0.95,dRI,A0,dRI:A0,-0.2
B_attacker_costs,0.1,0.1,0.1,0.45,0.5,1.0,dRI,A0,dRI:A0,-0.2
B_attacker_costs,0.1,0.1,0.1,0.45,0.55,0.0,dRID,AD,dRID:AD,-0.49602
B_attacker_costs,0.1,0.1,0.1,0.45,0.55,0.05,dRID,AD,dRID:AD,-0.49602
B_attacker_costs,0.1,0.1,0.1,0.45,0.55,0.1,dRID,AD,dRID:AD,-0.49602
B_attacker_costs,0.1,0.1,0.1,0.45,0.55,0.15,dRID,AD,dRID:AD,-0.49602
B_attacker_costs,0.1,0.1,0.1,0.45,0.55,0.2,dRID,A0,dRID:A0,-0.30000000000000004
B_attacker_costs,0.1,0.1,0.1,0.45,0.55,0.25,dRID,A0,dRID:A0,-0.30000000000000004
B_attacker_costs,0.1,0.1,0.1,0.45,0.55,0.3,dRID,A0,dRID:A0,-0.30000000000000004
B_attacker_costs,0.1,0.1,0.1,0.45,0.55,0.35,dRID,A0,dRID:A0,-0.30000000000000004
B_attacker_costs,0.1,0.1,0.1,0.45,0.55,0.4,dRID,A0,dRID:A0,-0.30000000000000004
B_attacker_costs,0.1,0.1,0.1,0.45,0.55,0.45,dRI,A0,dRI:A0,-0.2
B_attacker_costs,0.1,0.1,0.1,0.45,0.55,0.5,dRI,A0,dRI:A0,-0.2
B_attacker_costs,0.1,0.1,0.1,0.45,0.55,0.55,dRI,A0,dRI:A0,-0.2
B_attacker_costs,0.1,0.1,0.1,0.45,0.55,0.6,dRI,A0,dRI:A0,-0.2
B_attacker_costs,0.1,0.1,0.1,0.45,0.55,0.65,dRI,A0,dRI:A0,-0.2
B_attacker_costs,0.1,0.1,0.1,0.45,0.55,0.7,dRI,A0,dRI:A0,-0.2
B_attacker_costs,0.1,0.1,0.1,0.45,0.55,0.75,dRI,A0,dRI:A0,-0.2
B_attacker_costs,0.1,0.1,0.1,0.45,0.55,0.8,dRI,A0,dRI:A0,-0.2
B_attacker_costs,0.1,0.1,0.1,0.45,0.55,0.85,dRI,A0,dRI:A0,-0.2
B_attacker_costs,0.1,0.1,0.1,0.45,0.55,0.9,dRI,A0,dRI:A0,-0.2
B_attacker_costs,0.1,0.1,0.1,0.45,0.55,0.95,dRI,A0,dRI:A0,-0.2
B_attacker_costs,0.1,0.1,0.1,0.45,0.55,1.0,dRI,A0,dRI:A0,-0.2
B_attacker_costs,0.1,0.1,0.1,0.45,0.6,0.0,dRID,AD,dRID:AD,-0.49602
B_attacker_costs,0.1,0.1,0.1,0.45,0.6,0.05,dRID,AD,dRID:AD,-0.49602
B_attacker_costs,0.1,0.1,0.1,0.45,0.6,0.1,dRID,AD,dRID:AD,-0.49602
B_attacker_costs,0.1,0.1,0.1,0.45,0.6,0.15,dRID,AD,dRID:AD,-0.49602
B_attacker_costs,0.1,0.1,0.1,0.45,0.6,0.2,dRID,A0,dRID:A0,-0.30000000000000004
B_attacker_costs,0.1,0.1,0.1,0.45,0.6,0.25,dRID,A0,dRID:A0,-0.30000000000000004
B_attacker_costs,0.1,0.1,0.1,0.45,0.6,0.3,dRID,A0,dRID:A0,-0.30000000000000004
B_attacker_costs,0.1,0.1,0.1,0.45,0.6,0.35,dRID,A0,dRID:A0,-0.30000000000000004
B_attacker_costs,0.1,0.1,0.1,0.45,0.6,0.4,dRID,A0,dRID:A0,-0.30000000000000004
B_attacker_costs,0.1,0.1,0.1,0.45,0.6,0.45,dRI,A0,dRI:A0,-0.2
B_attacker_costs,0.1,0.1,0.1,0.45,0.6,0.5,dRI,A0,dRI:A0,-0.2
B_attacker_costs,0.1,0.1,0.1,0.45,0.6,0.55,dRI,A0,dRI:A0,-0.2
B_attacker_costs,0.1,0.1,0.1,0.45,0.6,0.6,dRI,A0,dRI:A0,-0.2
B_attacker_costs,0.1,0.1,0.1,0.45,0.6,0.65,dRI,A0,dRI:A0,-0.2
B_attacker_costs,0.1,0.1,0.1,0.45,0.6,0.7,dRI,A0,dRI:A0,-0.2
B_attacker_costs,0.1,0.1,0.1,0.45,0.6,0.75,dRI,A0,dRI:A0,-0.2
B_attacker_costs,0.1,0.1,0.1,0.45,0.6,0.8,dRI,A0,dRI:A0,-0.2
B_attacker_costs,0.1,0.1,0.1,0.45,0.6,0.85,dRI,A0,dRI:A0,-0.2
B_attacker_costs,0.1,0.1,0.1,0.45,0.6,0.9,dRI,A0,dRI:A0,-0.2
B_attacker_costs,0.1,0.1,0.1,0.45,0.6,0.95,dRI,A0,dRI:A0,-0.2
B_attacker_costs,0.1,0.1,0.1,0.45,0.6,1.0,dRI,A0,dRI:A0,-0.2
B_attacker_costs,0.1,0.1,0.1,0.45,0.65,0.0,dRID,AD,dRID:AD,-0.49602
B_attacker_costs,0.1,0.1,0.1,0.45,0.65,0.05,dRID,AD,dRID:AD,-0.49602
B_attacker_costs,0.1,0.1,0.1,0.45,0.65,0.1,dRID,AD,dRID:AD,-0.49602
B_attacker_costs,0.1,0.1,0.1,0.45,0.65,0.15,dRID,AD,dRID:AD,-0.49602
B_attacker_costs,0.1,0.1,0.1,0.45,0.65,0.2,dRID,A0,dRID:A0,-0.30000000000000004
B_attacker_costs,0.1,0.1,0.1,0.45,0.65,0.25,dRID,A0,dRID:A0,-0.30000000000000004
B_attacker_costs,0.1,0.1,0.1,0.45,0.65,0.3,dRID,A0,dRID:A0,-0.30000000000000004
B_attacker_costs,0.1,0.1,0.1,0.45,0.65,0.35,dRID,A0,dRID:A0,-0.30000000000000004
B_attacker_costs,0.1,0.1,0.1,0.45,0.65,0.4,dRID,A0,dRID:A0,-0.30000000000000004
B_attacker_costs,0.1,0.1,0.1,0.45,0.65,0.45,dRI,A0,dRI:A0,-0.2
B_attacker_costs,0.1,0.1,0.1,0.45,0.65,0.5,dRI,A0,dRI:A0,-0.2
B_attacker_costs,0.1,0.1,0.1,0.45,0.65,0.55,dRI,A0,dRI:A0,-0.2
B_attacker_costs,0.1,0.1,0.1,0.45,0.65,0.6,dRI,A0,dRI:A0,-0.2
B_attacker_costs,0.1,0.1,0.1,0.45,0.65,0.65,dRI,A0,dRI:A0,-0.2
B_attacker_costs,0.1,0.1,0.1,0.45,0.65,0.7,dRI,A0,dRI:A0,-0.2
B_attacker_costs,0.1,0.1,0.1,0.45,0.65,0.75,dRI,A0,dRI:A0,-0.2
B_attacker_costs,0.1,0.1,0.1,0.45,0.65,0.8,dRI,A0,dRI:A0,-0.2
B_attacker_costs,0.1,0.1,0.1,0.45,0.65,0.85,dRI,A0,dRI:A0,-0.2
B_attacker_costs,0.1,0.1,0.1,0.45,0.65,0.9,dRI,A0,dRI:A0,-0.2
B_attacker_costs,0.1,0.1,0.1,0.45,0.65,0.95,dRI,A0,dRI:A0,-0.2
B_attacker_costs,0.1,0.1,0.1,0.45,0.65,1.0,dRI,A0,dRI:A0,-0.2
B_attacker_costs,0.1,0.1,0.1,0.45,0.7,0.0,dRID,AD,dRID:AD,-0.49602
B_attacker_costs,0.1,0.1,0.1,0.45,0.7,0.05,dRID,AD,dRID:AD,-0.49602
B_attacker_costs,0.1,0.1,0.1,0.45,0.7,0.1,dRID,AD,dRID:AD,-0.49602
B_attacker_costs,0.1,0.1,0.1,0.45,0.7,0.15,dRID,AD,dRID:AD,-0.49602
B_attacker_costs,0.1,0.1,0.1,0.45,0.7,0.2,dRID,A0,dRID:A0,-0.30000000000000004
B_attacker_costs,0.1,0.1,0.1,0.45,0.7,0.25,dRID,A0,dRID:A0,-0.30000000000000004
B_attacker_costs,0.1,0.1,0.1,0.45,0.7,0.3,dRID,A0,dRID:A0,-0.30000000000000004
B_attacker_costs,0.1,0.1,0.1,0.45,0.7,0.35,dRID,A0,dRID:A0,-0.30000000000000004
B_attacker_costs,0.1,0.1,0.1,0.45,0.7,0.4,dRID,A0,dRID:A0,-0.30000000000000004
B_attacker_costs,0.1,0.1,0.1,0.45,0.7,0.45,dRI,A0,dRI:A0,-0.2
B_attacker_costs,0.1,0.1,0.1,0.45,0.7,0.5,dRI,A0,dRI:A0,-0.2
B_attacker_costs,0.1,0.1,0.1,0.45,0.7,0.55,dRI,A0,dRI:A0,-0.2
B_attacker_costs,0.1,0.1,0.1,0.45,0.7,0.6,dRI,A0,dRI:A0,-0.2
B_attacker_costs,0.1,0.1,0.1,0.45,0.7,0.65,dRI,A0,dRI:A0,-0.2
B_attacker_costs,0.1,0.1,0.1,0.45,0.7,0.7,dRI,A0,dRI:A0,-0.2
B_attacker_costs,0.1,0.1,0.1,0.45,0.7,0.75,dRI,A0,dRI:A0,-0.2
B_attacker_costs,0.1,0.1,0.1,0.45,0.7,0.8,dRI,A0,dRI:A0,-0.2
B_attacker_costs,0.1,0.1,0.1,0.45,0.7,0.85,dRI,A0,dRI:A0,-0.2
B_attacker_costs,0.1,0.1,0.1,0.45,0.7,0.9,dRI,A0,dRI:A0,-0.2
B_attacker_costs,0.1,0.1,0.1,0.45,0.7,0.95,dRI,A0,dRI:A0,-0.2
B_attacker_costs,0.1,0.1,0.1,0.45,0.7,1.0,dRI,A0,dRI:A0,-0.2
B_attacker_costs,0.1,0.1,0.1,0.45,0.75,0.0,dRID,AD,dRID:AD,-0.49602
B_attacker_costs,0.1,0.1,0.1,0.45,0.75,0.05,dRID,AD,dRID:AD,-0.49602
B_attacker_costs,0.1,0.1,0.1,0.45,0.75,0.1,dRID,AD,dRID:AD,-0.49602
B_attacker_costs,0.1,0.1,0.1,0.45,0.75,0.15,dRID,AD,dRID:AD,-0.49602
B_attacker_costs,0.1,0.1,0.1,0.45,0.75,0.2,dRID,A0,dRID:A0,-0.30000000000000004
B_attacker_costs,0.1,0.1,0.1,0.45,0.75,0.25,dRID,A0,dRID:A0,-0.30000000000000004
B_attacker_costs,0.1,0.1,0.1,0.45,0.75,0.3,dRID,A0,dRID:A0,-0.30000000000000004
B_attacker_costs,0.1,0.1,0.1,0.45,0.75,0.35,dRID,A0,dRID:A0,-0.30000000000000004
B_attacker_costs,0.1,0.1,0.1,0.45,0.75,0.4,dRID,A0,dRID:A0,-0.30000000000000004
B_attacker_costs,0.1,0.1,0.1,0.45,0.75,0.45,dRI,A0,dRI:A0,-0.2
B_attacker_costs,0.1,0.1,0.1,0.45,0.75,0.5,dRI,A0,dRI:A0,-0.2
B_attacker_costs,0.1,0.1,0.1,0.45,0.75,0.55,dRI,A0,dRI:A0,-0.2
B_attacker_costs,0.1,0.1,0.1,0.45,0.75,0.6,dRI,A0,dRI:A0,-0.2
B_attacker_costs,0.1,0.1,0.1,0.45,0.75,0.65,dRI,A0,dRI:A0,-0.2
B_attacker_costs,0.1,0.1,0.1,0.45,0.75,0.7,dRI,A0,dRI:A0,-0.2
B_attacker_costs,0.1,0.1,0.1,0.45,0.75,0.75,dRI,A0,dRI:A0,-0.2
B_attacker_costs,0.1,0.1,0.1,0.45,0.75,0.8,dRI,A0,dRI:A0,-0.2
B_attacker_costs,0.1,0.1,0.1,0.45,0.75,0.85,dRI,A0,dRI:A0,-0.2
B_attacker_costs,0.1,0.1,0.1,0.45,0.75,0.9,dRI,A0,dRI:A0,-0.2
B_attacker_costs,0.1,0.1,0.1,0.45,0.75,0.95,dRI,A0,dRI:A0,-0.2
B_attacker_costs,0.1,0.1,0.1,0.45,0.75,1.0,dRI,A0,dRI:A0,-0.2
B_attacker_costs,0.1,0.1,0.1,0.45,0.8,0.0,dRID,AD,dRID:AD,-0.49602
B_attacker_costs,0.1,0.1,0.1,0.45,0.8,0.05,dRID,AD,dRID:AD,-0.49602
B_attacker_costs,0.1,0.1,0.1,0.45,0.8,0.1,dRID,AD,dRID:AD,-0.49602
B_attacker_costs,0.1,0.1,0.1,0.45,0.8,0.15,dRID,AD,dRID:AD,-0.49602
B_attacker_costs,0.1,0.1,0.1,0.45,0.8,0.2,dRID,A0,dRID:A0,-0.30000000000000004
B_attacker_costs,0.1,0.1,0.1,0.45,0.8,0.25,dRID,A0,dRID:A0,-0.30000000000000004
B_attacker_costs,0.1,0.1,0.1,0.45,0.8,0.3,dRID,A0,dRID:A0,-0.30000000000000004
B_attacker_costs,0.1,0.1,0.1,0.45,0.8,0.35,dRID,A0,dRID:A0,-0.30000000000000004
B_attacker_costs,0.1,0.1,0.1,0.45,0.8,0.4,dRID,A0,dRID:A0,-0.30000000000000004
B_attacker_costs,0.1,0.1,0.1,0.45,0.8,0.45,dRI,A0,dRI:A0,-0.2
B_attacker_costs,0.1,0.1,0.1,0.45,0.8,0.5,dRI,A0,dRI:A0,-0.2
B_attacker_costs,0.1,0.1,0.1,0.45,0.8,0.55,dRI,A0,dRI:A0,-0.2
B_attacker_costs,0.1,0.1,0.1,0.45,0.8,0.6,dRI,A0,dRI:A0,-0.2
B_attacker_costs,0.1,0.1,0.1,0.45,0.8,0.65,dRI,A0,dRI:A0,-0.2
B_attacker_costs,0.1,0.1,0.1,0.45,0.8,0.7,dRI,A0,dRI:A0,-0.2
B_attacker_costs,0.1,0.1,0.1,0.45,0.8,0.75,dRI,A0,dRI:A0,-0.2
B_attacker_costs,0.1,0.1,0.1,0.45,0.8,0.8,dRI,A0,dRI:A0,-0.2
B_attacker_costs,0.1,0.1,0.1,0.45,0.8,0.85,dRI,A0,dRI:A0,-0.2
B_attacker_costs,0.1,0.1,0.1,0.45,0.8,0.9,dRI,A0,dRI:A0,-0.2
B_attacker_costs,0.1,0.1,0.1,0.45,0.8,0.95,dRI,A0,dRI:A0,-0.2
B_attacker_costs,0.1,0.1,0.1,0.45,0.8,1.0,dRI,A0,dRI:A0,-0.2
B_attacker_costs,0.1,0.1,0.1,0.45,0.85,0.0,dRD,AD,dRD:AD,-0.39602000000000004
B_attacker_costs,0.1,0.1,0.1,0.45,0.85,0.05,dRID,AD,dRID:AD,-0.49602
B_attacker_costs,0.1,0.1,0.1,0.45,0.85,0.1,dRID,AD,dRID:AD,-0.49602
B_attacker_costs,0.1,0.1,0.1,0.45,0.85,0.15,dRID,AD,dRID:AD,-0.49602
B_attacker_costs,0.1,0.1,0.1,0.45,0.85,0.2,dRID,A0,dRID:A0,-0.30000000000000004
B_attacker_costs,0.1,0.1,0.1,0.45,0.85,0.25,dRID,A0,dRID:A0,-0.30000000000000004
B_attacker_costs,0.1,0.1,0.1,0.45,0.85,0.3,dRID,A0,dRID:A0,-0.30000000000000004
B_attacker_costs,0.1,0.1,0.1,0.45,0.85,0.35,dRID,A0,dRID:A0,-0.30000000000000004
B_attacker_costs,0.1,0.1,0.1,0.45,0.85,0.4,dRID,A0,dRID:A0,-0.30000000000000004
B_attacker_costs,0.1,0.1,0.1,0.45,0.85,0.45,dRI,A0,dRI:A0,-0.2
B_attacker_costs,0.1,0.1,0.1,0.45,0.85,0.5,dRI,A0,dRI:A0,-0.2
B_attacker_costs,0.1,0.1,0.1,0.45,0.85,0.55,dRI,A0,dRI:A0,-0.2
B_attacker_costs,0.1,0.1,0.1,0.45,0.85,0.6,dRI,A0,dRI:A0,-0.2
B_attacker_costs,0.1,0.1,0.1,0.45,0.85,0.65,dRI,A0,dRI:A0,-0.2
B_attacker_costs,0.1,0.1,0.1,0.45,0.85,0.7,dRI,A0,dRI:A0,-0.2
B_attacker_costs,0.1,0.1,0.1,0.45,0.85,0.75,dRI,A0,dRI:A0,-0.2
B_attacker_costs,0.1,0.1,0.1,0.45,0.85,0.8,dRI,A0,dRI:A0,-0.2
B_attacker_costs,0.1,0.1,0.1,0.45,0.85,0.85,dRI,A0,dRI:A0,-0.2
B_attacker_costs,0.1,0.1,0.1,0.45,0.85,0.9,dRI,A0,dRI:A0,-0.2
B_attacker_costs,0.1,0.1,0.1,0.45,0.85,0.95,dRI,A0,dRI:A0,-0.2
B_attacker_costs,0.1,0.1,0.1,0.45,0.85,1.0,dRI,A0,dRI:A0,-0.2
B_attacker_costs,0.1,0.1,0.1,0.45,0.9,0.0,dRD,AD,dRD:AD,-0.39602000000000004
B_attacker_costs,0.1,0.1,0.1,0.45,0.9,0.05,dRD,AD,dRD:AD,-0.39602000000000004
B_attacker_costs,0.1,0.1,0.1,0.45,0.9,0.1,dRID,AD,dRID:AD,-0.49602
B_attacker_costs,0.1,0.1,0.1,0.45,0.9,0.15,dRID,AD,dRID:AD,-0.49602
B_attacker_costs,0.1,0.1,0.1,0.45,0.9,0.2,dRID,A0,dRID:A0,-0.30000000000000004
B_attacker_costs,0.1,0.1,0.1,0.45,0.9,0.25,dRID,A0,dRID:A0,-0.30000000000000004
B_attacker_costs,0.1,0.1,0.1,0.45,0.9,0.3,dRID,A0,dRID:A0,-0.30000000000000004
B_attacker_costs,0.1,0.1,0.1,0.45,0.9,0.35,dRID,A0,dRID:A0,-0.30000000000000004
B_attacker_costs,0.1,0.1,0.1,0.45,0.9,0.4,dRID,A0,dRID:A0,-0.30000000000000004
B_attacker_costs,0.1,0.1,0.1,0.45,0.9,0.45,dRI,A0,dRI:A0,-0.2
B_attacker_costs,0.1,0.1,0.1,0.45,0.9,0.5,dRI,A0,dRI:A0,-0.2
B_attacker_costs,0.1,0.1,0.1,0.45,0.9,0.55,dRI,A0,dRI:A0,-0.2
B_attacker_costs,0.1,0.1,0.1,0.45,0.9,0.6,dRI,A0,dRI:A0,-0.2
B_attacker_costs,0.1,0.1,0.1,0.45,0.9,0.65,dRI,A0,dRI:A0,-0.2
B_attacker_costs,0.1,0.1,0.1,0.45,0.9,0.7,dRI,A0,dRI:A0,-0.2
B_attacker_costs,0.1,0.1,0.1,0.45,0.9,0.75,dRI,A0,dRI:A0,-0.2
B_attacker_costs,0.1,0.1,0.1,0.45,0.9,0.8,dRI,A0,dRI:A0,-0.2
B_attacker_costs,0.1,0.1,0.1,0.45,0.9,0.85,dRI,A0,dRI:A0,-0.2
B_attacker_costs,0.1,0.1,0.1,0.45,0.9,0.9,dRI,A0,dRI:A0,-0.2
B_attacker_costs,0.1,0.1,0.1,0.45,0.9,0.95,dRI,A0,dRI:A0,-0.2
B_attacker_costs,0.1,0.1,0.1,0.45,0.9,1.0,dRI,A0,dRI:A0,-0.2
B_attacker_costs,0.1,0.1,0.1,0.45,0.95,0.0,dRD,AD,dRD:AD,-0.39602000000000004
B_attacker_costs,0.1,0.1,0.1,0.45,0.95,0.05,dRD,AD,dRD:AD,-0.39602000000000004
B_attacker_costs,0.1,0.1,0.1,0.45,0.95,0.1,dRD,AD,dRD:AD,-0.39602000000000004
B_attacker_costs,0.1,0.1,0.1,0.45,0.95,0.15,dRID,AD,dRID:AD,-0.49602
B_attacker_costs,0.1,0.1,0.1,0.45,0.95,0.2,dRID,A0,dRID:A0,-0.30000000000000004
B_attacker_costs,0.1,0.1,0.1,0.45,0.95,0.25,dRID,A0,dRID:A0,-0.30000000000000004
B_attacker_costs,0.1,0.1,0.1,0.45,0.95,0.3,dRID,A0,dRID:A0,-0.30000000000000004
B_attacker_costs,0.1,0.1,0.1,0.45,0.95,0.35,dRID,A0,dRID:A0,-0.30000000000000004
B_attacker_costs,0.1,0.1,0.1,0.45,0.95,0.4,dRID,A0,dRID:A0,-0.30000000000000004
B_attacker_costs,0.1,0.1,0.1,0.45,0.95,0.45,dRI,A0,dRI:A0,-0.2
B_attacker_costs,0.1,0.1,0.1,0.45,0.95,0.5,dRI,A0,dRI:A0,-0.2
B_attacker_costs,0.1,0.1,0.1,0.45,0.95,0.55,dRI,A0,dRI:A0,-0.2
B_attacker_costs,0.1,0.1,0.1,0.45,0.95,0.6,dRI,A0,dRI:A0,-0.2
B_attacker_costs,0.1,0.1,0.1,0.45,0.95,0.65,dRI,A0,dRI:A0,-0.2
B_attacker_costs,0.1,0.1,0.1,0.45,0.95,0.7,dRI,A0,dRI:A0,-0.2
B_attacker_costs,0.1,0.1,0.1,0.45,0.95,0.75,dRI,A0,dRI:A0,-0.2
B_attacker_costs,0.1,0.1,0.1,0.45,0.95,0.8,dRI,A0,dRI:A0,-0.2
B_attacker_costs,0.1,0.1,0.1,0.45,0.95,0.85,dRI,A0,dRI:A0,-0.2
B_attacker_costs,0.1,0.1,0.1,0.45,0.95,0.9,dRI,A0,dRI:A0,-0.2
B_attacker_costs,0.1,0.1,0.1,0.45,0.95,0.95,dRI,A0,dRI:A0,-0.2
B_attacker_costs,0.1,0.1,0.1,0.45,0.95,1.0,dRI,A0,dRI:A0,-0.2
B_attacker_costs,0.1,0.1,0.1,0.45,1.0,0.0,dRD,AD,dRD:AD,-0.39602000000000004
B_attacker_costs,0.1,0.1,0.1,0.45,1.0,0.05,dRD,AD,dRD:AD,-0.39602000000000004
B_attacker_costs,0.1,0.1,0.1,0.45,1.0,0.1,dRD,AD,dRD:AD,-0.39602000000000004
B_attacker_costs,0.1,0.1,0.1,0.45,1.0,0.15,dRD,AD,dRD:AD,-0.39602000000000004
B_attacker_costs,0.1,0.1,0.1,0.45,1.0,0.2,dRD,A0,dRD:A0,-0.2
B_attacker_costs,0.1,0.1,0.1,0.45,1.0,0.25,dRD,A0,dRD:A0,-0.2
B_attacker_costs,0.1,0.1,0.1,0.45,1.0,0.3,dRD,A0,dRD:A0,-0.2
B_attacker_costs,0.1,0.1,0.1,0.45,1.0,0.35,dRD,A0,dRD:A0,-0.2
B_attacker_costs,0.1,0.1,0.1,0.45,1.0,0.4,dRD,A0,dRD:A0,-0.2
B_attacker_costs,0.1,0.1,0.1,0.45,1.0,0.45,dR,A0,dR:A0,-0.1
B_attacker_costs,0.1,0.1,0.1,0.45,1.0,0.5,dR,A0,dR:A0,-0.1
B_attacker_costs,0.1,0.1,0.1,0.45,1.0,0.55,dR,A0,dR:A0,-0.1
B_attacker_costs,0.1,0.1,0.1,0.45,1.0,0.6,dR,A0,dR:A0,-0.1
B_attacker_costs,0.1,0.1,0.1,0.45,1.0,0.65,dR,A0,dR:A0,-0.1
B_attacker_costs,0.1,0.1,0.1,0.45,1.0,0.7,dR,A0,dR:A0,-0.1
B_attacker_costs,0.1,0.1,0.1,0.45,1.0,0.75,dR,A0,dR:A0,-0.1
B_attacker_costs,0.1,0.1,0.1,0.45,1.0,0.8,dR,A0,dR:A0,-0.1
B_attacker_costs,0.1,0.1,0.1,0.45,1.0,0.85,dR,A0,dR:A0,-0.1
B_attacker_costs,0.1,0.1,0.1,0.45,1.0,0.9,dR,A0,dR:A0,-0.1
B_attacker_costs,0.1,0.1,0.1,0.45,1.0,0.95,dR,A0,dR:A0,-0.1
B_attacker_costs,0.1,0.1,0.1,0.45,1.0,1.0,dR,A0,dR:A0,-0.1
B_attacker_costs,0.1,0.1,0.1,0.5,0.0,0.0,dRID,AD,dRID:AD,-0.49602
B_attacker_costs,0.1,0.1,0.1,0.5,0.0,0.05,dRID,AD,dRID:AD,-0.49602
B_attacker_costs,0.1,0.1,0.1,0.5,0.0,0.1,dRID,AD,dRID:AD,-0.49602
B_attacker_costs,0.1,0.1,0.1,0.5,0.0,0.15,dRID,AD,dRID:AD,-0.49602
B_attacker_costs,0.1,0.1,0.1,0.5,0.0,0.2,dRID,AI,dRID:AI,-0.30000000000000004
B_attacker_costs,0.1,0.1,0.1,0.5,0.0,0.25,dRID,AI,dRID:AI,-0.30000000000000004
B_attacker_costs,0.1,0.1,0.1,0.5,0.0,0.3,dRID,AI,dRID:AI,-0.30000000000000004
B_attacker_costs,0.1,0.1,0.1,0.5,0.0,0.35,dRID,AI,dRID:AI,-0.30000000000000004
B_attacker_costs,0.1,0.1,0.1,0.5,0.0,0.4,dRID,AI,dRID:AI,-0.30000000000000004
B_attacker_costs,0.1,0.1,0.1,0.5,0.0,0.45,dRI,AI,dRI:AI,-0.2
B_attacker_costs,0.1,0.1,0.1,0.5,0.0,0.5,dRI,AI,dRI:AI,-0.2
B_attacker_costs,0.1,0.1,0.1,0.5,0.0,0.55,dRI,AI,dRI:AI,-0.2
B_attacker_costs,0.1,0.1,0.1,0.5,0.0,0.6,dRI,AI,dRI:AI,-0.2
B_attacker_costs,0.1,0.1,0.1,0.5,0.0,0.65,dRI,AI,dRI:AI,-0.2
B_attacker_costs,0.1,0.1,0.1,0.5,0.0,0.7,dRI,AI,dRI:AI,-0.2
B_attacker_costs,0.1,0.1,0.1,0.5,0.0,0.75,dRI,AI,dRI:AI,-0.2
B_attacker_costs,0.1,0.1,0.1,0.5,0.0,0.8,dRI,AI,dRI:AI,-0.2
B_attacker_costs,0.1,0.1,0.1,0.5,0.0,0.85,dRI,AI,dRI:AI,-0.2
B_attacker_costs,0.1,0.1,0.1,0.5,0.0,0.9,dRI,AI,dRI:AI,-0.2
B_attacker_costs,0.1,0.1,0.1,0.5,0.0,0.95,dRI,AI,dRI:AI,-0.2
B_attacker_costs,0.1,0.1,0.1,0.5,0.0,1.0,dRI,AI,dRI:AI,-0.2
B_attacker_costs,0.1,0.1,0.1,0.5,0.05,0.0,dRID,AD,dRID:AD,-0.49602
B_attacker_costs,0.1,0.1,0.1,0.5,0.05,0.05,dRID,AD,dRID:AD,-0.49602
B_attacker_costs,0.1,0.1,0.1,0.5,0.05,0.1,dRID,AD,dRID:AD,-0.49602
B_attacker_costs,0.1,0.1,0.1,0.5,0.05,0.15,dRID,AD,dRID:AD,-0.49602
B_attacker_costs,0.1,0.1,0.1,0.5,0.05,0.2,dRID,A0,dRID:A0,-0.30000000000000004
B_attacker_costs,0.1,0.1,0.1,0.5,0.05,0.25,dRID,A0,dRID:A0,-0.30000000000000004
B_attacker_costs,0.1,0.1,0.1,0.5,0.05,0.3,dRID,A0,dRID:A0,-0.30000000000000004
B_attacker_costs,0.1,0.1,0.1,0.5,0.05,0.35,dRID,A0,dRID:A0,-0.30000000000000004
B_attacker_costs,0.1,0.1,0.1,0.5,0.05,0.4,dRID,A0,dRID:A0,-0.30000000000000004
B_attacker_costs,0.1,0.1,0.1,0.5,0.05,0.45,dRI,A0,dRI:A0,-0.2
B_attacker_costs,0.1,0.1,0.1,0.5,0.05,0.5,dRI,A0,dRI:A0,-0.2
B_attacker_costs,0.1,0.1,0.1,0.5,0.05,0.55,dRI,A0,dRI:A0,-0.2
B_attacker_costs,0.1,0.1,0.1,0.5,0.05,0.6,dRI,A0,dRI:A0,-0.2
B_attacker_costs,0.1,0.1,0.1,0.5,0.05,0.65,dRI,A0,dRI:A0,-0.2
B_attacker_costs,0.1,0.1,0.1,0.5,0.05,0.7,dRI,A0,dRI:A0,-0.2
B_attacker_costs,0.1,0.1,0.1,0.5,0.05,0.75,dRI,A0,dRI:A0,-0.2
B_attacker_costs,0.1,0.1,0.1,0.5,0.05,0.8,dRI,A0,dRI:A0,-0.2
B_attacker_costs,0.1,0.1,0.1,0.5,0.05,0.85,dRI,A0,dRI:A0,-0.2
B_attacker_costs,0.1,0.1,0.1,0.5,0.05,0.9,dRI,A0,dRI:A0,-0.2
B_attacker_costs,0.1,0.1,0.1,0.5,0.05,0.95,dRI,A0,dRI:A0,-0.2
B_attacker_costs,0.1,0.1,0.1,0.5,0.05,1.0,dRI,A0,dRI:A0,-0.2
B_attacker_costs,0.1,0.1,0.1,0.5,0.1,0.0,dRID,AD,dRID:AD,-0.49602
B_attacker_costs,0.1,0.1,0.1,0.5,0.1,0.05,dRID,AD,dRID:AD,-0.49602
B_attacker_costs,0.1,0.1,0.1,0.5,0.1,0.1,dRID,AD,dRID:AD,-0.49602
B_attacker_costs,0.1,0.1,0.1,0.5,0.1,0.15,dRID,AD,dRID:AD,-0.49602
B_attacker_costs,0.1,0.1,0.1,0.5,0.1,0.2,dRID,A0,dRID:A0,-0.30000000000000004
B_attacker_costs,0.1,0.1,0.1,0.5,0.1,0.25,dRID,A0,dRID:A0,-0.30000000000000004
B_attacker_costs,0.1,0.1,0.1,0.5,0.1,0.3,dRID,A0,dRID:A0,-0.30000000000000004
B_attacker_costs,0.1,0.1,0.1,0.5,0.1,0.35,dRID,A0,dRID:A0,-0.30000000000000004
B_attacker_costs,0.1,0.1,0.1,0.5,0.1,0.4,dRID,A0,dRID:A0,-0.30000000000000004
B_attacker_costs,0.1,0.1,0.1,0.5,0.1,0.45,dRI,A0,dRI:A0,-0.2
B_attacker_costs,0.1,0.1,0.1,0.5,0.1,0.5,dRI,A0,dRI:A0,-0.2
B_attacker_costs,0.1,0.1,0.1,0.5,0.1,0.55,dRI,A0,dRI:A0,-0.2
B_attacker_costs,0.1,0.1,0.1,0.5,0.1,0.6,dRI,A0,dRI:A0,-0.2
B_attacker_costs,0.1,0.1,0.1,0.5,0.1,0.65,dRI,A0,dRI:A0,-0.2
B_attacker_costs,0.1,0.1,0.1,0.5,0.1,0.7,dRI,A0,dRI:A0,-0.2
B_attacker_costs,0.1,0.1,0.1,0.5,0.1,0.75,dRI,A0,dRI:A0,-0.2
B_attacker_costs,0.1,0.1,0.1,0.5,0.1,0.8,dRI,A0,dRI:A0,-0.2
B_attacker_costs,0.1,0.1,0.1,0.5,0.1,0.85,dRI,A0,dRI:A0,-0.2
B_attacker_costs,0.1,0.1,0.1,0.5,0.1,0.9,dRI,A0,dRI:A0,-0.2
B_attacker_costs,0.1,0.1,0.1,0.5,0.1,0.95,dRI,A0,dRI:A0,-0.2
B_attacker_costs,0.1,0.1,0.1,0.5,0.1,1.0,dRI,A0,dRI:A0,-0.2
B_attacker_costs,0.1,0.1,0.1,0.5,0.15,0.0,dRID,AD,dRID:AD,-0.49602
B_attacker_costs,0.1,0.1,0.1,0.5,0.15,0.05,dRID,AD,dRID:AD,-0.49602
B_attacker_costs,0.1,0.1,0.1,0.5,0.15,0.1,dRID,AD,dRID:AD,-0.49602
B_attacker_costs,0.1,0.1,0.1,0.5,0.15,0.15,dRID,AD,dRID:AD,-0.49602
B_attacker_costs,0.1,0.1,0.1,0.5,0.15,0.2,dRID,A0,dRID:A0,-0.30000000000000004
B_attacker_costs,0.1,0.1,0.1,0.5,0.15,0.25,dRID,A0,dRID:A0,-0.30000000000000004
B_attacker_costs,0.1,0.1,0.1,0.5,0.15,0.3,dRID,A0,dRID:A0,-0.30000000000000004
B_attacker_costs,0.1,0.1,0.1,0.5,0.15,0.35,dRID,A0,dRID:A0,-0.30000000000000004
B_attacker_costs,0.1,0.1,0.1,0.5,0.15,0.4,dRID,A0,dRID:A0,-0.30000000000000004
B_attacker_costs,0.1,0.1,0.1,0.5,0.15,0.45,dRI,A0,dRI:A0,-0.2
B_attacker_costs,0.1,0.1,0.1,0.5,0.15,0.5,dRI,A0,dRI:A0,-0.2
B_attacker_costs,0.1,0.1,0.1,0.5,0.15,0.55,dRI,A0,dRI:A0,-0.2
B_attacker_costs,0.1,0.1,0.1,0.5,0.15,0.6,dRI,A0,dRI:A0,-0.2
B_attacker_costs,0.1,0.1,0.1,0.5,0.15,0.65,dRI,A0,dRI:A0,-0.2
B_attacker_costs,0.1,0.1,0.1,0.5,0.15,0.7,dRI,A0,dRI:A0,-0.2
B_attacker_costs,0.1,0.1,0.1,0.5,0.15,0.75,dRI,A0,dRI:A0,-0.2
B_attacker_costs,0.1,0.1,0.1,0.5,0.15,0.8,dRI,A0,dRI:A0,-0.2
B_attacker_costs,0.1,0.1,0.1,0.5,0.15,0.85,dRI,A0,dRI:A0,-0.2
B_attacker_costs,0.1,0.1,0.1,0.5,0.15,0.9,dRI,A0,dRI:A0,-0.2
B_attacker_costs,0.1,0.1,0.1,0.5,0.15,0.95,dRI,A0,dRI:A0,-0.2
B_attacker_costs,0.1,0.1,0.1,0.5,0.15,1.0,dRI,A0,dRI:A0,-0.2
B_attacker_costs,0.1,0.1,0.1,0.5,0.2,0.0,dRID,AD,dRID:AD,-0.49602
B_attacker_costs,0.1,0.1,0.1,0.5,0.2,0.05,dRID,AD,dRID:AD,-0.49602
B_attacker_costs,0.1,0.1,0.1,0.5,0.2,0.1,dRID,AD,dRID:AD,-0.49602
B_attacker_costs,0.1,0.1,0.1,0.5,0.2,0.15,dRID,AD,dRID:AD,-0.49602
B_attacker_costs,0.1,0.1,0.1,0.5,0.2,0.2,dRID,A0,dRID:A0,-0.30000000000000004
B_attacker_costs,0.1,0.1,0.1,0.5,0.2,0.25,dRID,A0,dRID:A0,-0.30000000000000004
B_attacker_costs,0.1,0.1,0.1,0.5,0.2,0.3,dRID,A0,dRID:A0,-0.30000000000000004
B_attacker_costs,0.1,0.1,0.1,0.5,0.2,0.35,dRID,A0,dRID:A0,-0.30000000000000004
B_attacker_costs,0.1,0.1,0.1,0.5,0.2,0.4,dRID,A0,dRID:A0,-0.30000000000000004
B_attacker_costs,0.1,0.1,0.1,0.5,0.2,0.45,dRI,A0,dRI:A0,-0.2
B_attacker_costs,0.1,0.1,0.1,0.5,0.2,0.5,dRI,A0,dRI:A0,-0.2
B_attacker_costs,0.1,0.1,0.1,0.5,0.2,0.55,dRI,A0,dRI:A0,-0.2
B_attacker_costs,0.1,0.1,0.1,0.5,0.2,0.6,dRI,A0,dRI:A0,-0.2
B_attacker_costs,0.1,0.1,0.1,0.5,0.2,0.65,dRI,A0,dRI:A0,-0.2
B_attacker_costs,0.1,0.1,0.1,0.5,0.2,0.7,dRI,A0,dRI:A0,-0.2
B_attacker_costs,0.1,0.1,0.1,0.5,0.2,0.75,dRI,A0,dRI:A0,-0.2
B_attacker_costs,0.1,0.1,0.1,0.5,0.2,0.8,dRI,A0,dRI:A0,-0.2
B_attacker_costs,0.1,0.1,0.1,0.5,0.2,0.85,dRI,A0,dRI:A0,-0.2
B_attacker_costs,0.1,0.1,0.1,0.5,0.2,0.9,dRI,A0,dRI:A0,-0.2
B_attacker_costs,0.1,0.1,0.1,0.5,0.2,0.95,dRI,A0,dRI:A0,-0.2
B_attacker_costs,0.1,0.1,0.1,0.5,0.2,1.0,dRI,A0,dRI:A0,-0.2
B_attacker_costs,0.1,0.1,0.1,0.5,0.25,0.0,dRID,AD,dRID:AD,-0.49602
B_attacker_costs,0.1,0.1,0.1,0.5,0.25,0.05,dRID,AD,dRID:AD,-0.49602
B_attacker_costs,0.1,0.1,0.1,0.5,0.25,0.1,dRID,AD,dRID:AD,-0.49602
B_attacker_costs,0.1,0.1,0.1,0.5,0.25,0.15,dRID,AD,dRID:AD,-0.49602
B_attacker_costs,0.1,0.1,0.1,0.5,0.25,0.2,dRID,A0,dRID:A0,-0.30000000000000004
B_attacker_costs,0.1,0.1,0.1,0.5,0.25,0.25,dRID,A0,dRID:A0,-0.30000000000000004
B_attacker_costs,0.1,0.1,0.1,0.5,0.25,0.3,dRID,A0,dRID:A0,-0.30000000000000004
B_attacker_costs,0.1,0.1,0.1,0.5,0.25,0.35,dRID,A0,dRID:A0,-0.30000000000000004
B_attacker_costs,0.1,0.1,0.1,0.5,0.25,0.4,dRID,A0,dRID:A0,-0.30000000000000004
B_attacker_costs,0.1,0.1,0.1,0.5,0.25,0.45,dRI,A0,dRI:A0,-0.2
B_attacker_costs,0.1,0.1,0.1,0.5,0.25,0.5,dRI,A0,dRI:A0,-0.2
B_attacker_costs,0.1,0.1,0.1,0.5,0.25,0.55,dRI,A0,dRI:A0,-0.2
B_attacker_costs,0.1,0.1,0.1,0.5,0.25,0.6,dRI,A0,dRI:A0,-0.2
B_attacker_costs,0.1,0.1,0.1,0.5,0.25,0.65,dRI,A0,dRI:A0,-0.2
B_attacker_costs,0.1,0.1,0.1,0.5,0.25,0.7,dRI,A0,dRI:A0,-0.2
B_attacker_costs,0.1,0.1,0.1,0.5,0.25,0.75,dRI,A0,dRI:A0,-0.2
B_attacker_costs,0.1,0.1,0.1,0.5,0.25,0.8,dRI,A0,dRI:A0,-0.2
B_attacker_costs,0.1,0.1,0.1,0.5,0.25,0.85,dRI,A0,dRI:A0,-0.2
B_attacker_costs,0.1,0.1,0.1,0.5,0.25,0.9,dRI,A0,dRI:A0,-0.2
B_attacker_costs,0.1,0.1,0.1,0.5,0.25,0.95,dRI,A0,dRI:A0,-0.2
B_attacker_costs,0.1,0.1,0.1,0.5,0.25,1.0,dRI,A0,dRI:A0,-0.2
B_attacker_costs,0.1,0.1,0.1,0.5,0.3,0.0,dRID,AD,dRID:AD,-0.49602
B_attacker_costs,0.1,0.1,0.1,0.5,0.3,0.05,dRID,AD,dRID:AD,-0.49602
B_attacker_costs,0.1,0.1,0.1,0.5,0.3,0.1,dRID,AD,dRID:AD,-0.49602
B_attacker_costs,0.1,0.1,0.1,0.5,0.3,0.15,dRID,AD,dRID:AD,-0.49602
B_attacker_costs,0.1,0.1,0.1,0.5,0.3,0.2,dRID,A0,dRID:A0,-0.30000000000000004
B_attacker_costs,0.1,0.1,0.1,0.5,0.3,0.25,dRID,A0,dRID:A0,-0.30000000000000004
B_attacker_costs,0.1,0.1,0.1,0.5,0.3,0.3,dRID,A0,dRID:A0,-0.30000000000000004
B_attacker_costs,0.1,0.1,0.1,0.5,0.3,0.35,dRID,A0,dRID:A0,-0.30000000000000004
B_attacker_costs,0.1,0.1,0.1,0.5,0.3,0.4,dRID,A0,dRID:A0,-0.30000000000000004
B_attacker_costs,0.1,0.1,0.1,0.5,0.3,0.45,dRI,A0,dRI:A0,-0.2
B_attacker_costs,0.1,0.1,0.1,0.5,0.3,0.5,dRI,A0,dRI:A0,-0.2
B_attacker_costs,0.1,0.1,0.1,0.5,0.3,0.55,dRI,A0,dRI:A0,-0.2
B_attacker_costs,0.1,0.1,0.1,0.5,0.3,0.6,dRI,A0,dRI:A0,-0.2
B_attacker_costs,0.1,0.1,0.1,0.5,0.3,0.65,dRI,A0,dRI:A0,-0.2
B_attacker_costs,0.1,0.1,0.1,0.5,0.3,0.7,dRI,A0,dRI:A0,-0.2
B_attacker_costs,0.1,0.1,0.1,0.5,0.3,0.75,dRI,A0,dRI:A0,-0.2
B_attacker_costs,0.1,0.1,0.1,0.5,0.3,0.8,dRI,A0,dRI:A0,-0.2
B_attacker_costs,0.1,0.1,0.1,0.5,0.3,0.85,dRI,A0,dRI:A0,-0.2
B_attacker_costs,0.1,0.1,0.1,0.5,0.3,0.9,dRI,A0,dRI:A0,-0.2
B_attacker_costs,0.1,0.1,0.1,0.5,0.3,0.95,dRI,A0,dRI:A0,-0.2
B_attacker_costs,0.1,0.1,0.1,0.5,0.3,1.0,dRI,A0,dRI:A0,-0.2
B_attacker_costs,0.1,0.1,0.1,0.5,0.35,0.0,dRID,AD,dRID:AD,-0.49602
B_attacker_costs,0.1,0.1,0.1,0.5,0.35,0.05,dRID,AD,dRID:AD,-0.49602
B_attacker_costs,0.1,0.1,0.1,0.5,0.35,0.1,dRID,AD,dRID:AD,-0.49602
B_attacker_costs,0.1,0.1,0.1,0.5,0.35,0.15,dRID,AD,dRID:AD,-0.49602
B_attacker_costs,0.1,0.1,0.1,0.5,0.35,0.2,dRID,A0,dRID:A0,-0.30000000000000004
B_attacker_costs,0.1,0.1,0.1,0.5,0.35,0.25,dRID,A0,dRID:A0,-0.30000000000000004
B_attacker_costs,0.1,0.1,0.1,0.5,0.35,0.3,dRID,A0,dRID:A0,-0.30000000000000004
B_attacker_costs,0.1,0.1,0.1,0.5,0.35,0.35,dRID,A0,dRID:A0,-0.30000000000000004
B_attacker_costs,0.1,0.1,0.1,0.5,0.35,0.4,dRID,A0,dRID:A0,-0.30000000000000004
B_attacker_costs,0.1,0.1,0.1,0.5,0.35,0.45,dRI,A0,dRI:A0,-0.2
B_attacker_costs,0.1,0.1,0.1,0.5,0.35,0.5,dRI,A0,dRI:A0,-0.2
B_attacker_costs,0.1,0.1,0.1,0.5,0.35,0.55,dRI,A0,dRI:A0,-0.2
B_attacker_costs,0.1,0.1,0.1,0.5,0.35,0.6,dRI,A0,dRI:A0,-0.2
B_attacker_costs,0.1,0.1,0.1,0.5,0.35,0.65,dRI,A0,dRI:A0,-0.2
B_attacker_costs,0.1,0.1,0.1,0.5,0.35,0.7,dRI,A0,dRI:A0,-0.2
B_attacker_costs,0.1,0.1,0.1,0.5,0.35,0.75,dRI,A0,dRI:A0,-0.2
B_attacker_costs,0.1,0.1,0.1,0.5,0.35,0.8,dRI,A0,dRI:A0,-0.2
B_attacker_costs,0.1,0.1,0.1,0.5,0.35,0.85,dRI,A0,dRI:A0,-0.2
B_attacker_costs,0.1,0.1,0.1,0.5,0.35,0.9,dRI,A0,dRI:A0,-0.2
B_attacker_costs,0.1,0.1,0.1,0.5,0.35,0.95,dRI,A0,dRI:A0,-0.2
B_attacker_costs,0.1,0.1,0.1,0.5,0.35,1.0,dRI,A0,dRI:A0,-0.2
B_attacker_costs,0.1,0.1,0.1,0.5,0.4,0.0,dRID,AD,dRID:AD,-0.49602
B_attacker_costs,0.1,0.1,0.1,0.5,0.4,0.05,dRID,AD,dRID:AD,-0.49602
B_attacker_costs,0.1,0.1,0.1,0.5,0.4,0.1,dRID,AD,dRID:AD,-0.49602
B_attacker_costs,0.1,0.1,0.1,0.5,0.4,0.15,dRID,AD,dRID:AD,-0.49602
B_attacker_costs,0.1,0.1,0.1,0.5,0.4,0.2,dRID,A0,dRID:A0,-0.30000000000000004
B_attacker_costs,0.1,0.1,0.1,0.5,0.4,0.25,dRID,A0,dRID:A0,-0.30000000000000004
B_attacker_costs,0.1,0.1,0.1,0.5,0.4,0.3,dRID,A0,dRID:A0,-0.30000000000000004
B_attacker_costs,0.1,0.1,0.1,0.5,0.4,0.35,dRID,A0,dRID:A0,-0.30000000000000004
B_attacker_costs,0.1,0.1,0.1,0.5,0.4,0.4,dRID,A0,dRID:A0,-0.30000000000000004
B_attacker_costs,0.1,0.1,0.1,0.5,0.4,0.45,dRI,A0,dRI:A0,-0.2
B_attacker_costs,0.1,0.1,0.1,0.5,0.4,0.5,dRI,A0,dRI:A0,-0.2
B_attacker_costs,0.1,0.1,0.1,0.5,0.4,0.55,dRI,A0,dRI:A0,-0.2
B_attacker_costs,0.1,0.1,0.1,0.5,0.4,0.6,dRI,A0,dRI:A0,-0.2
B_attacker_costs,0.1,0.1,0.1,0.5,0.4,0.65,dRI,A0,dRI:A0,-0.2
B_attacker_costs,0.1,0.1,0.1,0.5,0.4,0.7,dRI,A0,dRI:A0,-0.2
B_attacker_costs,0.1,0.1,0.1,0.5,0.4,0.75,dRI,A0,dRI:A0,-0.2
B_attacker_costs,0.1,0.1,0.1,0.5,0.4,0.8,dRI,A0,dRI:A0,-0.2
B_attacker_costs,0.1,0.1,0.1,0.5,0.4,0.85,dRI,A0,dRI:A0,-0.2
B_attacker_costs,0.1,0.1,0.1,0.5,0.4,0.9,dRI,A0,dRI:A0,-0.2
B_attacker_costs,0.1,0.1,0.1,0.5,0.4,0.95,dRI,A0,dRI:A0,-0.2
B_attacker_costs,0.1,0.1,0.1,0.5,0.4,1.0,dRI,A0,dRI:A0,-0.2
B_attacker_costs,0.1,0.1,0.1,0.5,0.45,0.0,dRID,AD,dRID:AD,-0.49602
B_attacker_costs,0.1,0.1,0.1,0.5,0.45,0.05,dRID,AD,dRID:AD,-0.49602
B_attacker_costs,0.1,0.1,0.1,0.5,0.45,0.1,dRID,AD,dRID:AD,-0.49602
B_attacker_costs,0.1,0.1,0.1,0.5,0.45,0.15,dRID,AD,dRID:AD,-0.49602
B_attacker_costs,0.1,0.1,0.1,0.5,0.45,0.2,dRID,A0,dRID:A0,-0.30000000000000004
B_attacker_costs,0.1,0.1,0.1,0.5,0.45,0.25,dRID,A0,dRID:A0,-0.30000000000000004
B_attacker_costs,0.1,0.1,0.1,0.5,0.45,0.3,dRID,A0,dRID:A0,-0.30000000000000004
B_attacker_costs,0.1,0.1,0.1,0.5,0.45,0.35,dRID,A0,dRID:A0,-0.30000000000000004
B_attacker_costs,0.1,0.1,0.1,0.5,0.45,0.4,dRID,A0,dRID:A0,-0.30000000000000004
B_attacker_costs,0.1,0.1,0.1,0.5,0.45,0.45,dRI,A0,dRI:A0,-0.2
B_attacker_costs,0.1,0.1,0.1,0.5,0.45,0.5,dRI,A0,dRI:A0,-0.2
B_attacker_costs,0.1,0.1,0.1,0.5,0.45,0.55,dRI,A0,dRI:A0,-0.2
B_attacker_costs,0.1,0.1,0.1,0.5,0.45,0.6,dRI,A0,dRI:A0,-0.2
B_attacker_costs,0.1,0.1,0.1,0.5,0.45,0.65,dRI,A0,dRI:A0,-0.2
B_attacker_costs,0.1,0.1,0.1,0.5,0.45,0.7,dRI,A0,dRI:A0,-0.2
B_attacker_costs,0.1,0.1,0.1,0.5,0.45,0.75,dRI,A0,dRI:A0,-0.2
B_attacker_costs,0.1,0.1,0.1,0.5,0.45,0.8,dRI,A0,dRI:A0,-0.2
B_attacker_costs,0.1,0.1,0.1,0.5,0.45,0.85,dRI,A0,dRI:A0,-0.2
B_attacker_costs,0.1,0.1,0.1,0.5,0.45,0.9,dRI,A0,dRI:A0,-0.2
B_attacker_costs,0.1,0.1,0.1,0.5,0.45,0.95,dRI,A0,dRI:A0,-0.2
B_attacker_costs,0.1,0.1,0.1,0.5,0.45,1.0,dRI,A0,dRI:A0,-0.2
B_attacker_costs,0.1,0.1,0.1,0.5,0.5,0.0,dRID,AD,dRID:AD,-0.49602
B_attacker_costs,0.1,0.1,0.1,0.5,0.5,0.05,dRID,AD,dRID:AD,-0.49602
B_attacker_costs,0.1,0.1,0.1,0.5,0.5,0.1,dRID,AD,dRID:AD,-0.49602
B_attacker_costs,0.1,0.1,0.1,0.5,0.5,0.15,dRID,AD,dRID:AD,-0.49602
B_attacker_costs,0.1,0.1,0.1,0.5,0.5,0.2,dRID,A0,dRID:A0,-0.30000000000000004
B_attacker_costs,0.1,0.1,0.1,0.5,0.5,0.25,dRID,A0,dRID:A0,-0.30000000000000004
B_attacker_costs,0.1,0.1,0.1,0.5,0.5,0.3,dRID,A0,dRID:A0,-0.30000000000000004
B_attacker_costs,0.1,0.1,0.1,0.5,0.5,0.35,dRID,A0,dRID:A0,-0.30000000000000004
B_attacker_costs,0.1,0.1,0.1,0.5,0.5,0.4,dRID,A0,dRID:A0,-0.30000000000000004
B_attacker_costs,0.1,0.1,0.1,0.5,0.5,0.45,dRI,A0,dRI:A0,-0.2
B_attacker_costs,0.1,0.1,0.1,0.5,0.5,0.5,dRI,A0,dRI:A0,-0.2
B_attacker_costs,0.1,0.1,0.1,0.5,0.5,0.55,dRI,A0,dRI:A0,-0.2
B_attacker_costs,0.1,0.1,0.1,0.5,0.5,0.6,dRI,A0,dRI:A0,-0.2
B_attacker_costs,0.1,0.1,0.1,0.5,0.5,0.65,dRI,A0,dRI:A0,-0.2
B_attacker_costs,0.1,0.1,0.1,0.5,0.5,0.7,dRI,A0,dRI:A0,-0.2
B_attacker_costs,0.1,0.1,0.1,0.5,0.5,0.75,dRI,A0,dRI:A0,-0.2
B_attacker_costs,0.1,0.1,0.1,0.5,0.5,0.8,dRI,A0,dRI:A0,-0.2
B_attacker_costs,0.1,0.1,0.1,0.5,0.5,0.85,dRI,A0,dRI:A0,-0.2
B_attacker_costs,0.1,0.1,0.1,0.5,0.5,0.9,dRI,A0,dRI:A0,-0.2
B_attacker_costs,0.1,0.1,0.1,0.5,0.5,0.95,dRI,A0,dRI:A0,-0.2
B_attacker_costs,0.1,0.1,0.1,0.5,0.5,1.0,dRI,A0,dRI:A0,-0.2
B_attacker_costs,0.1,0.1,0.1,0.5,0.55,0.0,dRID,AD,dRID:AD,-0.49602
B_attacker_costs,0.1,0.1,0.1,0.5,0.55,0.05,dRID,AD,dRID:AD,-0.49602
B_attacker_costs,0.1,0.1,0.1,0.5,0.55,0.1,dRID,AD,dRID:AD,-0.49602
B_attacker_costs,0.1,0.1,0.1,0.5,0.55,0.15,dRID,AD,dRID:AD,-0.49602
B_attacker_costs,0.1,0.1,0.1,0.5,0.55,0.2,dRID,A0,dRID:A0,-0.30000000000000004
B_attacker_costs,0.1,0.1,0.1,0.5,0.55,0.25,dRID,A0,dRID:A0,-0.30000000000000004
B_attacker_costs,0.1,0.1,0.1,0.5,0.55,0.3,dRID,A0,dRID:A0,-0.30000000000000004
B_attacker_costs,0.1,0.1,0.1,0.5,0.55,0.35,dRID,A0,dRID:A0,-0.30000000000000004
B_attacker_costs,0.1,0.1,0.1,0.5,0.55,0.4,dRID,A0,dRID:A0,-0.30000000000000004
B_attacker_costs,0.1,0.1,0.1,0.5,0.55,0.45,dRI,A0,dRI:A0,-0.2
B_attacker_costs,0.1,0.1,0.1,0.5,0.55,0.5,dRI,A0,dRI:A0,-0.2
B_attacker_costs,0.1,0.1,0.1,0.5,0.55,0.55,dRI,A0,dRI:A0,-0.2
B_attacker_costs,0.1,0.1,0.1,0.5,0.55,0.6,dRI,A0,dRI:A0,-0.2
B_attacker_costs,0.1,0.1,0.1,0.5,0.55,0.65,dRI,A0,dRI:A0,-0.2
B_attacker_costs,0.1,0.1,0.1,0.5,0.55,0.7,dRI,A0,dRI:A0,-0.2
B_attacker_costs,0.1,0.1,0.1,0.5,0.55,0.75,dRI,A0,dRI:A0,-0.2
B_attacker_costs,0.1,0.1,0.1,0.5,0.55,0.8,dRI,A0,dRI:A0,-0.2
B_attacker_costs,0.1,0.1,0.1,0.5,0.55,0.85,dRI,A0,dRI:A0,-0.2
B_attacker_costs,0.1,0.1,0.1,0.5,0.55,0.9,dRI,A0,dRI:A0,-0.2
B_attacker_costs,0.1,0.1,0.1,0.5,0.55,0.95,dRI,A0,dRI:A0,-0.2
B_attacker_costs,0.1,0.1,0.1,0.5,0.55,1.0,dRI,A0,dRI:A0,-0.2
B_attacker_costs,0.1,0.1,0.1,0.5,0.6,0.0,dRID,AD,dRID:AD,-0.49602
B_attacker_costs,0.1,0.1,0.1,0.5,0.6,0.05,dRID,AD,dRID:AD,-0.49602
B_attacker_costs,0.1,0.1,0.1,0.5,0.6,0.1,dRID,AD,dRID:AD,-0.49602
B_attacker_costs,0.1,0.1,0.1,0.5,0.6,0.15,dRID,AD,dRID:AD,-0.49602
B_attacker_costs,0.1,0.1,0.1,0.5,0.6,0.2,dRID,A0,dRID:A0,-0.30000000000000004
B_attacker_costs,0.1,0.1,0.1,0.5,0.6,0.25,dRID,A0,dRID:A0,-0.30000000000000004
B_attacker_costs,0.1,0.1,0.1,0.5,0.6,0.3,dRID,A0,dRID:A0,-0.30000000000000004
B_attacker_costs,0.1,0.1,0.1,0.5,0.6,0.35,dRID,A0,dRID:A0,-0.30000000000000004
B_attacker_costs,0.1,0.1,0.1,0.5,0.6,0.4,dRID,A0,dRID:A0,-0.30000000000000004
B_attacker_costs,0.1,0.1,0.1,0.5,0.6,0.45,dRI,A0,dRI:A0,-0.2
B_attacker_costs,0.1,0.1,0.1,0.5,0.6,0.5,dRI,A0,dRI:A0,-0.2
B_attacker_costs,0.1,0.1,0.1,0.5,0.6,0.55,dRI,A0,dRI:A0,-0.2
B_attacker_costs,0.1,0.1,0.1,0.5,0.6,0.6,dRI,A0,dRI:A0,-0.2
B_attacker_costs,0.1,0.1,0.1,0.5,0.6,0.65,dRI,A0,dRI:A0,-0.2
B_attacker_costs,0.1,0.1,0.1,0.5,0.6,0.7,dRI,A0,dRI:A0,-0.2
B_attacker_costs,0.1,0.1,0.1,0.5,0.6,0.75,dRI,A0,dRI:A0,-0.2
B_attacker_costs,0.1,0.1,0.1,0.5,0.6,0.8,dRI,A0,dRI:A0,-0.2
B_attacker_costs,0.1,0.1,0.1,0.5,0.6,0.85,dRI,A0,dRI:A0,-0.2
B_attacker_costs,0.1,0.1,0.1,0.5,0.6,0.9,dRI,A0,dRI:A0,-0.2
B_attacker_costs,0.1,0.1,0.1,0.5,0.6,0.95,dRI,A0,dRI:A0,-0.2
B_attacker_costs,0.1,0.1,0.1,0.5,0.6,1.0,dRI,A0,dRI:A0,-0.2
B_attacker_costs,0.1,0.1,0.1,0.5,0.65,0.0,dRID,AD,dRID:AD,-0.49602
B_attacker_costs,0.1,0.1,0.1,0.5,0.65,0.05,dRID,AD,dRID:AD,-0.49602
B_attacker_costs,0.1,0.1,0.1,0.5,0.65,0.1,dRID,AD,dRID:AD,-0.49602
B_attacker_costs,0.1,0.1,0.1,0.5,0.65,0.15,dRID,AD,dRID:AD,-0.49602
B_attacker_costs,0.1,0.1,0.1,0.5,0.65,0.2,dRID,A0,dRID:A0,-0.30000000000000004
B_attacker_costs,0.1,0.1,0.1,0.5,0.65,0.25,dRID,A0,dRID:A0,-0.30000000000000004
B_attacker_costs,0.1,0.1,0.1,0.5,0.65,0.3,dRID,A0,dRID:A0,-0.30000000000000004
B_attacker_costs,0.1,0.1,0.1,0.5,0.65,0.35,dRID,A0,dRID:A0,-0.30000000000000004
B_attacker_costs,0.1,0.1,0.1,0.5,0.65,0.4,dRID,A0,dRID:A0,-0.30000000000000004
B_attacker_costs,0.1,0.1,0.1,0.5,0.65,0.45,dRI,A0,dRI:A0,-0.2
B_attacker_costs,0.1,0.1,0.1,0.5,0.65,0.5,dRI,A0,dRI:A0,-0.2
B_attacker_costs,0.1,0.1,0.1,0.5,0.65,0.55,dRI,A0,dRI:A0,-0.2
B_attacker_costs,0.1,0.1,0.1,0.5,0.65,0.6,dRI,A0,dRI:A0,-0.2
B_attacker_costs,0.1,0.1,0.1,0.5,0.65,0.65,dRI,A0,dRI:A0,-0.2
B_attacker_costs,0.1,0.1,0.1,0.5,0.65,0.7,dRI,A0,dRI:A0,-0.2
B_attacker_costs,0.1,0.1,0.1,0.5,0.65,0.75,dRI,A0,dRI:A0,-0.2
B_attacker_costs,0.1,0.1,0.1,0.5,0.65,0.8,dRI,A0,dRI:A0,-0.2
B_attacker_costs,0.1,0.1,0.1,0.5,0.65,0.85,dRI,A0,dRI:A0,-0.2
B_attacker_costs,0.1,0.1,0.1,0.5,0.65,0.9,dRI,A0,dRI:A0,-0.2
B_attacker_costs,0.1,0.1,0.1,0.5,0.65,0.95,dRI,A0,dRI:A0,-0.2
B_attacker_costs,0.1,0.1,0.1,0.5,0.65,1.0,dRI,A0,dRI:A0,-0.2
B_attacker_costs,0.1,0.1,0.1,0.5,0.7,0.0,dRID,AD,dRID:AD,-0.49602
B_attacker_costs,0.1,0.1,0.1,0.5,0.7,0.05,dRID,AD,dRID:AD,-0.49602
B_attacker_costs,0.1,0.1,0.1,0.5,0.7,0.1,dRID,AD,dRID:AD,-0.49602
B_attacker_costs,0.1,0.1,0.1,0.5,0.7,0.15,dRID,AD,dRID:AD,-0.49602
B_attacker_costs,0.1,0.1,0.1,0.5,0.7,0.2,dRID,A0,dRID:A0,-0.30000000000000004
B_attacker_costs,0.1,0.1,0.1,0.5,0.7,0.25,dRID,A0,dRID:A0,-0.30000000000000004
B_attacker_costs,0.1,0.1,0.1,0.5,0.7,0.3,dRID,A0,dRID:A0,-0.30000000000000004
B_attacker_costs,0.1,0.1,0.1,0.5,0.7,0.35,dRID,A0,dRID:A0,-0.30000000000000004
B_attacker_costs,0.1,0.1,0.1,0.5,0.7,0.4,dRID,A0,dRID:A0,-0.30000000000000004
B_attacker_costs,0.1,0.1,0.1,0.5,0.7,0.45,dRI,A0,dRI:A0,-0.2
B_attacker_costs,0.1,0.1,0.1,0.5,0.7,0.5,dRI,A0,dRI:A0,-0.2
B_attacker_costs,0.1,0.1,0.1,0.5,0.7,0.55,dRI,A0,dRI:A0,-0.2
B_attacker_costs,0.1,0.1,0.1,0.5,0.7,0.6,dRI,A0,dRI:A0,-0.2
B_attacker_costs,0.1,0.1,0.1,0.5,0.7,0.65,dRI,A0,dRI:A0,-0.2
B_attacker_costs,0.1,0.1,0.1,0.5,0.7,0.7,dRI,A0,dRI:A0,-0.2
B_attacker_costs,0.1,0.1,0.1,0.5,0.7,0.75,dRI,A0,dRI:A0,-0.2
B_attacker_costs,0.1,0.1,0.1,0.5,0.7,0.8,dRI,A0,dRI:A0,-0.2
B_attacker_costs,0.1,0.1,0.1,0.5,0.7,0.85,dRI,A0,dRI:A0,-0.2
B_attacker_costs,0.1,0.1,0.1,0.5,0.7,0.9,dRI,A0,dRI:A0,-0.2
B_attacker_costs,0.1,0.1,0.1,0.5,0.7,0.95,dRI,A0,dRI:A0,-0.2
B_attacker_costs,0.1,0.1,0.1,0.5,0.7,1.0,dRI,A0,dRI:A0,-0.2
B_attacker_costs,0.1,0.1,0.1,0.5,0.75,0.0,dRID,AD,dRID:AD,-0.49602
B_attacker_costs,0.1,0.1,0.1,0.5,0.75,0.05,dRID,AD,dRID:AD,-0.49602
B_attacker_costs,0.1,0.1,0.1,0.5,0.75,0.1,dRID,AD,dRID:AD,-0.49602
B_attacker_costs,0.1,0.1,0.1,0.5,0.75,0.15,dRID,AD,dRID:AD,-0.49602
B_attacker_costs,0.1,0.1,0.1,0.5,0.75,0.2,dRID,A0,dRID:A0,-0.30000000000000004
B_attacker_costs,0.1,0.1,0.1,0.5,0.75,0.25,dRID,A0,dRID:A0,-0.30000000000000004
B_attacker_costs,0.1,0.1,0.1,0.5,0.75,0.3,dRID,A0,dRID:A0,-0.30000000000000004
B_attacker_costs,0.1,0.1,0.1,0.5,0.75,0.35,dRID,A0,dRID:A0,-0.30000000000000004
B_attacker_costs,0.1,0.1,0.1,0.5,0.75,0.4,dRID,A0,dRID:A0,-0.30000000000000004
B_attacker_costs,0.1,0.1,0.1,0.5,0.75,0.45,dRI,A0,dRI:A0,-0.2
B_attacker_costs,0.1,0.1,0.1,0.5,0.75,0.5,dRI,A0,dRI:A0,-0.2
B_attacker_costs,0.1,0.1,0.1,0.5,0.75,0.55,dRI,A0,dRI:A0,-0.2
B_attacker_costs,0.1,0.1,0.1,0.5,0.75,0.6,dRI,A0,dRI:A0,-0.2
B_attacker_costs,0.1,0.1,0.1,0.5,0.75,0.65,dRI,A0,dRI:A0,-0.2
B_attacker_costs,0.1,0.1,0.1,0.5,0.75,0.7,dRI,A0,dRI:A0,-0.2
B_attacker_costs,0.1,0.1,0.1,0.5,0.75,0.75,dRI,A0,dRI:A0,-0.2
B_attacker_costs,0.1,0.1,0.1,0.5,0.75,0.8,dRI,A0,dRI:A0,-0.2
B_attacker_costs,0.1,0.1,0.1,0.5,0.75,0.85,dRI,A0,dRI:A0,-0.2
B_attacker_costs,0.1,0.1,0.1,0.5,0.75,0.9,dRI,A0,dRI:A0,-0.2
B_attacker_costs,0.1,0.1,0.1,0.5,0.75,0.95,dRI,A0,dRI:A0,-0.2
B_attacker_costs,0.1,0.1,0.1,0.5,0.75,1.0,dRI,A0,dRI:A0,-0.2
B_attacker_costs,0.1,0.1,0.1,0.5,0.8,0.0,dRID,AD,dRID:AD,-0.49602
B_attacker_costs,0.1,0.1,0.1,0.5,0.8,0.05,dRID,AD,dRID:AD,-0.49602
B_attacker_costs,0.1,0.1,0.1,0.5,0.8,0.1,dRID,AD,dRID:AD,-0.49602
B_attacker_costs,0.1,0.1,0.1,0.5,0.8,0.15,dRID,AD,dRID:AD,-0.49602
B_attacker_costs,0.1,0.1,0.1,0.5,0.8,0.2,dRID,A0,dRID:A0,-0.30000000000000004
B_attacker_costs,0.1,0.1,0.1,0.5,0.8,0.25,dRID,A0,dRID:A0,-0.30000000000000004
B_attacker_costs,0.1,0.1,0.1,0.5,0.8,0.3,dRID,A0,dRID:A0,-0.30000000000000004
B_attacker_costs,0.1,0.1,0.1,0.5,0.8,0.35,dRID,A0,dRID:A0,-0.30000000000000004
B_attacker_costs,0.1,0.1,0.1,0.5,0.8,0.4,dRID,A0,dRID:A0,-0.30000000000000004
B_attacker_costs,0.1,0.1,0.1,0.5,0.8,0.45,dRI,A0,dRI:A0,-0.2
B_attacker_costs,0.1,0.1,0.1,0.5,0.8,0.5,dRI,A0,dRI:A0,-0.2
B_attacker_costs,0.1,0.1,0.1,0.5,0.8,0.55,dRI,A0,dRI:A0,-0.2
B_attacker_costs,0.1,0.1,0.1,0.5,0.8,0.6,dRI,A0,dRI:A0,-0.2
B_attacker_costs,0.1,0.1,0.1,0.5,0.8,0.65,dRI,A0,dRI:A0,-0.2
B_attacker_costs,0.1,0.1,0.1,0.5,0.8,0.7,dRI,A0,dRI:A0,-0.2
B_attacker_costs,0.1,0.1,0.1,0.5,0.8,0.75,dRI,A0,dRI:A0,-0.2
B_attacker_costs,0.1,0.1,0.1,0.5,0.8,0.8,dRI,A0,dRI:A0,-0.2
B_attacker_costs,0.1,0.1,0.1,0.5,0.8,0.85,dRI,A0,dRI:A0,-0.2
B_attacker_costs,0.1,0.1,0.1,0.5,0.8,0.9,dRI,A0,dRI:A0,-0.2
B_attacker_costs,0.1,0.1,0.1,0.5,0.8,0.95,dRI,A0,dRI:A0,-0.2
B_attacker_costs,0.1,0.1,0.1,0.5,0.8,1.0,dRI,A0,dRI:A0,-0.2
B_attacker_costs,0.1,0.1,0.1,0.5,0.85,0.0,dRD,AD,dRD:AD,-0.39602000000000004
B_attacker_costs,0.1,0.1,0.1,0.5,0.85,0.05,dRID,AD,dRID:AD,-0.49602
B_attacker_costs,0.1,0.1,0.1,0.5,0.85,0.1,dRID,AD,dRID:AD,-0.49602
B_attacker_costs,0.1,0.1,0.1,0.5,0.85,0.15,dRID,AD,dRID:AD,-0.49602
B_attacker_costs,0.1,0.1,0.1,0.5,0.85,0.2,dRID,A0,dRID:A0,-0.30000000000000004
B_attacker_costs,0.1,0.1,0.1,0.5,0.85,0.25,dRID,A0,dRID:A0,-0.30000000000000004
B_attacker_costs,0.1,0.1,0.1,0.5,0.85,0.3,dRID,A0,dRID:A0,-0.30000000000000004
B_attacker_costs,0.1,0.1,0.1,0.5,0.85,0.35,dRID,A0,dRID:A0,-0.30000000000000004
B_attacker_costs,0.1,0.1,0.1,0.5,0.85,0.4,dRID,A0,dRID:A0,-0.30000000000000004
B_attacker_costs,0.1,0.1,0.1,0.5,0.85,0.45,dRI,A0,dRI:A0,-0.2
B_attacker_costs,0.1,0.1,0.1,0.5,0.85,0.5,dRI,A0,dRI:A0,-0.2
B_attacker_costs,0.1,0.1,0.1,0.5,0.85,0.55,dRI,A0,dRI:A0,-0.2
B_attacker_costs,0.1,0.1,0.1,0.5,0.85,0.6,dRI,A0,dRI:A0,-0.2
B_attacker_costs,0.1,0.1,0.1,0.5,0.85,0.65,dRI,A0,dRI:A0,-0.2
B_attacker_costs,0.1,0.1,0.1,0.5,0.85,0.7,dRI,A0,dRI:A0,-0.2
B_attacker_costs,0.1,0.1,0.1,0.5,0.85,0.75,dRI,A0,dRI:A0,-0.2
B_attacker_costs,0.1,0.1,0.1,0.5,0.85,0.8,dRI,A0,dRI:A0,-0.2
B_attacker_costs,0.1,0.1,0.1,0.5,0.85,0.85,dRI,A0,dRI:A0,-0.2
B_attacker_costs,0.1,0.1,0.1,0.5,0.85,0.9,dRI,A0,dRI:A0,-0.2
B_attacker_costs,0.1,0.1,0.1,0.5,0.85,0.95,dRI,A0,dRI:A0,-0.2
B_attacker_costs,0.1,0.1,0.1,0.5,0.85,1.0,dRI,A0,dRI:A0,-0.2
B_attacker_costs,0.1,0.1,0.1,0.5,0.9,0.0,dRD,AD,dRD:AD,-0.39602000000000004
B_attacker_costs,0.1,0.1,0.1,0.5,0.9,0.05,dRD,AD,dRD:AD,-0.39602000000000004
B_attacker_costs,0.1,0.1,0.1,0.5,0.9,0.1,dRID,AD,dRID:AD,-0.49602
B_attacker_costs,0.1,0.1,0.1,0.5,0.9,0.15,dRID,AD,dRID:AD,-0.49602
B_attacker_costs,0.1,0.1,0.1,0.5,0.9,0.2,dRID,A0,dRID:A0,-0.30000000000000004
B_attacker_costs,0.1,0.1,0.1,0.5,0.9,0.25,dRID,A0,dRID:A0,-0.30000000000000004
B_attacker_costs,0.1,0.1,0.1,0.5,0.9,0.3,dRID,A0,dRID:A0,-0.30000000000000004
B_attacker_costs,0.1,0.1,0.1,0.5,0.9,0.35,dRID,A0,dRID:A0,-0.30000000000000004
B_attacker_costs,0.1,0.1,0.1,0.5,0.9,0.4,dRID,A0,dRID:A0,-0.30000000000000004
B_attacker_costs,0.1,0.1,0.1,0.5,0.9,0.45,dRI,A0,dRI:A0,-0.2
B_attacker_costs,0.1,0.1,0.1,0.5,0.9,0.5,dRI,A0,dRI:A0,-0.2
B_attacker_costs,0.1,0.1,0.1,0.5,0.9,0.55,dRI,A0,dRI:A0,-0.2
B_attacker_costs,0.1,0.1,0.1,0.5,0.9,0.6,dRI,A0,dRI:A0,-0.2
B_attacker_costs,0.1,0.1,0.1,0.5,0.9,0.65,dRI,A0,dRI:A0,-0.2
B_attacker_costs,0.1,0.1,0.1,0.5,0.9,0.7,dRI,A0,dRI:A0,-0.2
B_attacker_costs,0.1,0.1,0.1,0.5,0.9,0.75,dRI,A0,dRI:A0,-0.2
B_attacker_costs,0.1,0.1,0.1,0.5,0.9,0.8,dRI,A0,dRI:A0,-0.2
B_attacker_costs,0.1,0.1,0.1,0.5,0.9,0.85,dRI,A0,dRI:A0,-0.2
B_attacker_costs,0.1,0.1,0.1,0.5,0.9,0.9,dRI,A0,dRI:A0,-0.2
B_attacker_costs,0.1,0.1,0.1,0.5,0.9,0.95,dRI,A0,dRI:A0,-0.2
B_attacker_costs,0.1,0.1,0.1,0.5,0.9,1.0,dRI,A0,dRI:A0,-0.2
B_attacker_costs,0.1,0.1,0.1,0.5,0.95,0.0,dRD,AD,dRD:AD,-0.39602000000000004
B_attacker_costs,0.1,0.1,0.1,0.5,0.95,0.05,dRD,AD,dRD:AD,-0.39602000000000004
B_attacker_costs,0.1,0.1,0.1,0.5,0.95,0.1,dRD,AD,dRD:AD,-0.39602000000000004
B_attacker_costs,0.1,0.1,0.1,0.5,0.95,0.15,dRID,AD,dRID:AD,-0.49602
B_attacker_costs,0.1,0.1,0.1,0.5,0.95,0.2,dRID,A0,dRID:A0,-0.30000000000000004
B_attacker_costs,0.1,0.1,0.1,0.5,0.95,0.25,dRID,A0,dRID:A0,-0.30000000000000004
B_attacker_costs,0.1,0.1,0.1,0.5,0.95,0.3,dRID,A0,dRID:A0,-0.30000000000000004
B_attacker_costs,0.1,0.1,0.1,0.5,0.95,0.35,dRID,A0,dRID:A0,-0.30000000000000004
B_attacker_costs,0.1,0.1,0.1,0.5,0.95,0.4,dRID,A0,dRID:A0,-0.30000000000000004
B_attacker_costs,0.1,0.1,0.1,0.5,0.95,0.45,dRI,A0,dRI:A0,-0.2
B_attacker_costs,0.1,0.1,0.1,0.5,0.95,0.5,dRI,A0,dRI:A0,-0.2
B_attacker_costs,0.1,0.1,0.1,0.5,0.95,0.55,dRI,A0,dRI:A0,-0.2
B_attacker_costs,0.1,0.1,0.1,0.5,0.95,0.6,dRI,A0,dRI:A0,-0.2
B_attacker_costs,0.1,0.1,0.1,0.5,0.95,0.65,dRI,A0,dRI:A0,-0.2
B_attacker_costs,0.1,0.1,0.1,0.5,0.95,0.7,dRI,A0,dRI:A0,-0.2
B_attacker_costs,0.1,0.1,0.1,0.5,0.95,0.75,dRI,A0,dRI:A0,-0.2
B_attacker_costs,0.1,0.1,0.1,0.5,0.95,0.8,dRI,A0,dRI:A0,-0.2
B_attacker_costs,0.1,0.1,0.1,0.5,0.95,0.85,dRI,A0,dRI:A0,-0.2
B_attacker_costs,0.1,0.1,0.1,0.5,0.95,0.9,dRI,A0,dRI:A0,-0.2
B_attacker_costs,0.1,0.1,0.1,0.5,0.95,0.95,dRI,A0,dRI:A0,-0.2
B_attacker_costs,0.1,0.1,0.1,0.5,0.95,1.0,dRI,A0,dRI:A0,-0.2
B_attacker_costs,0.1,0.1,0.1,0.5,1.0,0.0,dRD,AD,dRD:AD,-0.39602000000000004
B_attacker_costs,0.1,0.1,0.1,0.5,1.0,0.05,dRD,AD,dRD:AD,-0.39602000000000004
B_attacker_costs,0.1,0.1,0.1,0.5,1.0,0.1,dRD,AD,dRD:AD,-0.39602000000000004
B_attacker_costs,0.1,0.1,0.1,0.5,1.0,0.15,dRD,AD,dRD:AD,-0.39602000000000004
B_attacker_costs,0.1,0.1,0.1,0.5,1.0,0.2,dRD,A0,dRD:A0,-0.2
B_attacker_costs,0.1,0.1,0.1,0.5,1.0,0.25,dRD,A0,dRD:A0,-0.2
B_attacker_costs,0.1,0.1,0.1,0.5,1.0,0.3,dRD,A0,dRD:A0,-0.2
B_attacker_costs,0.1,0.1,0.1,0.5,1.0,0.35,dRD,A0,dRD:A0,-0.2
B_attacker_costs,0.1,0.1,0.1,0.5,1.0,0.4,dRD,A0,dRD:A0,-0.2
B_attacker_costs,0.1,0.1,0.1,0.5,1.0,0.45,dR,A0,dR:A0,-0.1
B_attacker_costs,0.1,0.1,0.1,0.5,1.0,0.5,dR,A0,dR:A0,-0.1
B_attacker_costs,0.1,0.1,0.1,0.5,1.0,0.55,dR,A0,dR:A0,-0.1
B_attacker_costs,0.1,0.1,0.1,0.5,1.0,0.6,dR,A0,dR:A0,-0.1
B_attacker_costs,0.1,0.1,0.1,0.5,1.0,0.65,dR,A0,dR:A0,-0.1
B_attacker_costs,0.1,0.1,0.1,0.5,1.0,0.7,dR,A0,dR:A0,-0.1
B_attacker_costs,0.1,0.1,0.1,0.5,1.0,0.75,dR,A0,dR:A0,-0.1
B_attacker_costs,0.1,0.1,0.1,0.5,1.0,0.8,dR,A0,dR:A0,-0.1
B_attacker_costs,0.1,0.1,0.1,0.5,1.0,0.85,dR,A0,dR:A0,-0.1
B_attacker_costs,0.1,0.1,0.1,0.5,1.0,0.9,dR,A0,dR:A0,-0.1
B_attacker_costs,0.1,0.1,0.1,0.5,1.0,0.95,dR,A0,dR:A0,-0.1
B_attacker_costs,0.1,0.1,0.1,0.5,1.0,1.0,dR,A0,dR:A0,-0.1
B_attacker_costs,0.1,0.1,0.1,0.55,0.0,0.0,dRID,AD,dRID:AD,-0.49602
B_attacker_costs,0.1,0.1,0.1,0.55,0.0,0.05,dRID,AD,dRID:AD,-0.49602
B_attacker_costs,0.1,0.1,0.1,0.55,0.0,0.1,dRID,AD,dRID:AD,-0.49602
B_attacker_costs,0.1,0.1,0.1,0.55,0.0,0.15,dRID,AD,dRID:AD,-0.49602
B_attacker_costs,0.1,0.1,0.1,0.55,0.0,0.2,dRID,AI,dRID:AI,-0.30000000000000004
B_attacker_costs,0.1,0.1,0.1,0.55,0.0,0.25,dRID,AI,dRID:AI,-0.30000000000000004
B_attacker_costs,0.1,0.1,0.1,0.55,0.0,0.3,dRID,AI,dRID:AI,-0.30000000000000004
B_attacker_costs,0.1,0.1,0.1,0.55,0.0,0.35,dRID,AI,dRID:AI,-0.30000000000000004
B_attacker_costs,0.1,0.1,0.1,0.55,0.0,0.4,dRID,AI,dRID:AI,-0.30000000000000004
B_attacker_costs,0.1,0.1,0.1,0.55,0.0,0.45,dRI,AI,dRI:AI,-0.2
B_attacker_costs,0.1,0.1,0.1,0.55,0.0,0.5,dRI,AI,dRI:AI,-0.2
B_attacker_costs,0.1,0.1,0.1,0.55,0.0,0.55,dRI,AI,dRI:AI,-0.2
B_attacker_costs,0.1,0.1,0.1,0.55,0.0,0.6,dRI,AI,dRI:AI,-0.2
B_attacker_costs,0.1,0.1,0.1,0.55,0.0,0.65,dRI,AI,dRI:AI,-0.2
B_attacker_costs,0.1,0.1,0.1,0.55,0.0,0.7,dRI,AI,dRI:AI,-0.2
B_attacker_costs,0.1,0.1,0.1,0.55,0.0,0.75,dRI,AI,dRI:AI,-0.2
B_attacker_costs,0.1,0.1,0.1,0.55,0.0,0.8,dRI,AI,dRI:AI,-0.2
B_attacker_costs,0.1,0.1,0.1,0.55,0.0,0.85,dRI,AI,dRI:AI,-0.2
B_attacker_costs,0.1,0.1,0.1,0.55,0.0,0.9,dRI,AI,dRI:AI,-0.2
B_attacker_costs,0.1,0.1,0.1,0.55,0.0,0.95,dRI,AI,dRI:AI,-0.2
B_attacker_costs,0.1,0.1,0.1,0.55,0.0,1.0,dRI,AI,dRI:AI,-0.2
B_attacker_costs,0.1,0.1,0.1,0.55,0.05,0.0,dRID,AD,dRID:AD,-0.49602
B_attacker_costs,0.1,0.1,0.1,0.55,0.05,0.05,dRID,AD,dRID:AD,-0.49602
B_attacker_costs,0.1,0.1,0.1,0.55,0.05,0.1,dRID,AD,dRID:AD,-0.49602
B_attacker_costs,0.1,0.1,0.1,0.55,0.05,0.15,dRID,AD,dRID:AD,-0.49602
B_attacker_costs,0.1,0.1,0.1,0.55,0.05,0.2,dRID,A0,dRID:A0,-0.30000000000000004
B_attacker_costs,0.1,0.1,0.1,0.55,0.05,0.25,dRID,A0,dRID:A0,-0.30000000000000004
B_attacker_costs,0.1,0.1,0.1,0.55,0.05,0.3,dRID,A0,dRID:A0,-0.30000000000000004
B_attacker_costs,0.1,0.1,0.1,0.55,0.05,0.35,dRID,A0,dRID:A0,-0.30000000000000004
B_attacker_costs,0.1,0.1,0.1,0.55,0.05,0.4,dRID,A0,dRID:A0,-0.30000000000000004
B_attacker_costs,0.1,0.1,0.1,0.55,0.05,0.45,dRI,A0,dRI:A0,-0.2
B_attacker_costs,0.1,0.1,0.1,0.55,0.05,0.5,dRI,A0,dRI:A0,-0.2
B_attacker_costs,0.1,0.1,0.1,0.55,0.05,0.55,dRI,A0,dRI:A0,-0.2
B_attacker_costs,0.1,0.1,0.1,0.55,0.05,0.6,dRI,A0,dRI:A0,-0.2
B_attacker_costs,0.1,0.1,0.1,0.55,0.05,0.65,dRI,A0,dRI:A0,-0.2
B_attacker_costs,0.1,0.1,0.1,0.55,0.05,0.7,dRI,A0,dRI:A0,-0.2
B_attacker_costs,0.1,0.1,0.1,0.55,0.05,0.75,dRI,A0,dRI:A0,-0.2
B_attacker_costs,0.1,0.1,0.1,0.55,0.05,0.8,dRI,A0,dRI:A0,-0.2
B_attacker_costs,0.1,0.1,0.1,0.55,0.05,0.85,dRI,A0,dRI:A0,-0.2
B_attacker_costs,0.1,0.1,0.1,0.55,0.05,0.9,dRI,A0,dRI:A0,-0.2
B_attacker_costs,0.1,0.1,0.1,0.55,0.05,0.95,dRI,A0,dRI:A0,-0.2
B_attacker_costs,0.1,0.1,0.1,0.55,0.05,1.0,dRI,A0,dRI:A0,-0.2
B_attacker_costs,0.1,0.1,0.1,0.55,0.1,0.0,dRID,AD,dRID:AD,-0.49602
B_attacker_costs,0.1,0.1,0.1,0.55,0.1,0.05,dRID,AD,dRID:AD,-0.49602
B_attacker_costs,0.1,0.1,0.1,0.55,0.1,0.1,dRID,AD,dRID:AD,-0.49602
B_attacker_costs,0.1,0.1,0.1,0.55,0.1,0.15,dRID,AD,dRID:AD,-0.49602
B_attacker_costs,0.1,0.1,0.1,0.55,0.1,0.2,dRID,A0,dRID:A0,-0.30000000000000004
B_attacker_costs,0.1,0.1,0.1,0.55,0.1,0.25,dRID,A0,dRID:A0,-0.30000000000000004
B_attacker_costs,0.1,0.1,0.1,0.55,0.1,0.3,dRID,A0,dRID:A0,-0.30000000000000004
B_attacker_costs,0.1,0.1,0.1,0.55,0.1,0.35,dRID,A0,dRID:A0,-0.30000000000000004
B_attacker_costs,0.1,0.1,0.1,0.55,0.1,0.4,dRID,A0,dRID:A0,-0.30000000000000004
B_attacker_costs,0.1,0.1,0.1,0.55,0.1,0.45,dRI,A0,dRI:A0,-0.2
B_attacker_costs,0.1,0.1,0.1,0.55,0.1,0.5,dRI,A0,dRI:A0,-0.2
B_attacker_costs,0.1,0.1,0.1,0.55,0.1,0.55,dRI,A0,dRI:A0,-0.2
B_attacker_costs,0.1,0.1,0.1,0.55,0.1,0.6,dRI,A0,dRI:A0,-0.2
B_attacker_costs,0.1,0.1,0.1,0.55,0.1,0.65,dRI,A0,dRI:A0,-0.2
B_attacker_costs,0.1,0.1,0.1,0.55,0.1,0.7,dRI,A0,dRI:A0,-0.2
B_attacker_costs,0.1,0.1,0.1,0.55,0.1,0.75,dRI,A0,dRI:A0,-0.2
B_attacker_costs,0.1,0.1,0.1,0.55,0.1,0.8,dRI,A0,dRI:A0,-0.2
B_attacker_costs,0.1,0.1,0.1,0.55,0.1,0.85,dRI,A0,dRI:A0,-0.2
B_attacker_costs,0.1,0.1,0.1,0.55,0.1,0.9,dRI,A0,dRI:A0,-0.2
B_attacker_costs,0.1,0.1,0.1,0.55,0.1,0.95,dRI,A0,dRI:A0,-0.2
B_attacker_costs,0.1,0.1,0.1,0.55,0.1,1.0,dRI,A0,dRI:A0,-0.2
B_attacker_costs,0.1,0.1,0.1,0.55,0.15,0.0,dRID,AD,dRID:AD,-0.49602
B_attacker_costs,0.1,0.1,0.1,0.55,0.15,0.05,dRID,AD,dRID:AD,-0.49602
B_attacker_costs,0.1,0.1,0.1,0.55,0.15,0.1,dRID,AD,dRID:AD,-0.49602
B_attacker_costs,0.1,0.1,0.1,0.55,0.15,0.15,dRID,AD,dRID:AD,-0.49602
B_attacker_costs,0.1,0.1,0.1,0.55,0.15,0.2,dRID,A0,dRID:A0,-0.30000000000000004
B_attacker_costs,0.1,0.1,0.1,0.55,0.15,0.25,dRID,A0,dRID:A0,-0.30000000000000004
B_attacker_costs,0.1,0.1,0.1,0.55,0.15,0.3,dRID,A0,dRID:A0,-0.30000000000000004
B_attacker_costs,0.1,0.1,0.1,0.55,0.15,0.35,dRID,A0,dRID:A0,-0.30000000000000004
B_attacker_costs,0.1,0.1,0.1,0.55,0.15,0.4,dRID,A0,dRID:A0,-0.30000000000000004
B_attacker_costs,0.1,0.1,0.1,0.55,0.15,0.45,dRI,A0,dRI:A0,-0.2
B_attacker_costs,0.1,0.1,0.1,0.55,0.15,0.5,dRI,A0,dRI:A0,-0.2
B_attacker_costs,0.1,0.1,0.1,0.55,0.15,0.55,dRI,A0,dRI:A0,-0.2
B_attacker_costs,0.1,0.1,0.1,0.55,0.15,0.6,dRI,A0,dRI:A0,-0.2
B_attacker_costs,0.1,0.1,0.1,0.55,0.15,0.65,dRI,A0,dRI:A0,-0.2
B_attacker_costs,0.1,0.1,0.1,0.55,0.15,0.7,dRI,A0,dRI:A0,-0.2
B_attacker_costs,0.1,0.1,0.1,0.55,0.15,0.75,dRI,A0,dRI:A0,-0.2
B_attacker_costs,0.1,0.1,0.1,0.55,0.15,0.8,dRI,A0,dRI:A0,-0.2
B_attacker_costs,0.1,0.1,0.1,0.55,0.15,0.85,dRI,A0,dRI:A0,-0.2
B_attacker_costs,0.1,0.1,0.1,0.55,0.15,0.9,dRI,A0,dRI:A0,-0.2
B_attacker_costs,0.1,0.1,0.1,0.55,0.15,0.95,dRI,A0,dRI:A0,-0.2
B_attacker_costs,0.1,0.1,0.1,0.55,0.15,1.0,dRI,A0,dRI:A0,-0.2
B_attacker_costs,0.1,0.1,0.1,0.55,0.2,0.0,dRID,AD,dRID:AD,-0.49602
B_attacker_costs,0.1,0.1,0.1,0.55,0.2,0.05,dRID,AD,dRID:AD,-0.49602
B_attacker_costs,0.1,0.1,0.1,0.55,0.2,0.1,dRID,AD,dRID:AD,-0.49602
B_attacker_costs,0.1,0.1,0.1,0.55,0.2,0.15,dRID,AD,dRID:AD,-0.49602
B_attacker_costs,0.1,0.1,0.1,0.55,0.2,0.2,dRID,A0,dRID:A0,-0.30000000000000004
B_attacker_costs,0.1,0.1,0.1,0.55,0.2,0.25,dRID,A0,dRID:A0,-0.30000000000000004
B_attacker_costs,0.1,0.1,0.1,0.55,0.2,0.3,dRID,A0,dRID:A0,-0.30000000000000004
B_attacker_costs,0.1,0.1,0.1,0.55,0.2,0.35,dRID,A0,dRID:A0,-0.30000000000000004
B_attacker_costs,0.1,0.1,0.1,0.55,0.2,0.4,dRID,A0,dRID:A0,-0.30000000000000004
B_attacker_costs,0.1,0.1,0.1,0.55,0.2,0.45,dRI,A0,dRI:A0,-0.2
B_attacker_costs,0.1,0.1,0.1,0.55,0.2,0.5,dRI,A0,dRI:A0,-0.2
B_attacker_costs,0.1,0.1,0.1,0.55,0.2,0.55,dRI,A0,dRI:A0,-0.2
B_attacker_costs,0.1,0.1,0.1,0.55,0.2,0.6,dRI,A0,dRI:A0,-0.2
B_attacker_costs,0.1,0.1,0.1,0.55,0.2,0.65,dRI,A0,dRI:A0,-0.2
B_attacker_costs,0.1,0.1,0.1,0.55,0.2,0.7,dRI,A0,dRI:A0,-0.2
B_attacker_costs,0.1,0.1,0.1,0.55,0.2,0.75,dRI,A0,dRI:A0,-0.2
B_attacker_costs,0.1,0.1,0.1,0.55,0.2,0.8,dRI,A0,dRI:A0,-0.2
B_attacker_costs,0.1,0.1,0.1,0.55,0.2,0.85,dRI,A0,dRI:A0,-0.2
B_attacker_costs,0.1,0.1,0.1,0.55,0.2,0.9,dRI,A0,dRI:A0,-0.2
B_attacker_costs,0.1,0.1,0.1,0.55,0.2,0.95,dRI,A0,dRI:A0,-0.2
B_attacker_costs,0.1,0.1,0.1,0.55,0.2,1.0,dRI,A0,dRI:A0,-0.2
B_attacker_costs,0.1,0.1,0.1,0.55,0.25,0.0,dRID,AD,dRID:AD,-0.49602
B_attacker_costs,0.1,0.1,0.1,0.55,0.25,0.05,dRID,AD,dRID:AD,-0.49602
B_attacker_costs,0.1,0.1,0.1,0.55,0.25,0.1,dRID,AD,dRID:AD,-0.49602
B_attacker_costs,0.1,0.1,0.1,0.55,0.25,0.15,dRID,AD,dRID:AD,-0.49602
B_attacker_costs,0.1,0.1,0.1,0.55,0.25,0.2,dRID,A0,dRID:A0,-0.30000000000000004
B_attacker_costs,0.1,0.1,0.1,0.55,0.25,0.25,dRID,A0,dRID:A0,-0.30000000000000004
B_attacker_costs,0.1,0.1,0.1,0.55,0.25,0.3,dRID,A0,dRID:A0,-0.30000000000000004
B_attacker_costs,0.1,0.1,0.1,0.55,0.25,0.35,dRID,A0,dRID:A0,-0.30000000000000004
B_attacker_costs,0.1,0.1,0.1,0.55,0.25,0.4,dRID,A0,dRID:A0,-0.30000000000000004
B_attacker_costs,0.1,0.1,0.1,0.55,0.25,0.45,dRI,A0,dRI:A0,-0.2
B_attacker_costs,0.1,0.1,0.1,0.55,0.25,0.5,dRI,A0,dRI:A0,-0.2
B_attacker_costs,0.1,0.1,0.1,0.55,0.25,0.55,dRI,A0,dRI:A0,-0.2
B_attacker_costs,0.1,0.1,0.1,0.55,0.25,0.6,dRI,A0,dRI:A0,-0.2
B_attacker_costs,0.1,0.1,0.1,0.55,0.25,0.65,dRI,A0,dRI:A0,-0.2
B_attacker_costs,0.1,0.1,0.1,0.55,0.25,0.7,dRI,A0,dRI:A0,-0.2
B_attacker_costs,0.1,0.1,0.1,0.55,0.25,0.75,dRI,A0,dRI:A0,-0.2
B_attacker_costs,0.1,0.1,0.1,0.55,0.25,0.8,dRI,A0,dRI:A0,-0.2
B_attacker_costs,0.1,0.1,0.1,0.55,0.25,0.85,dRI,A0,dRI:A0,-0.2
B_attacker_costs,0.1,0.1,0.1,0.55,0.25,0.9,dRI,A0,dRI:A0,-0.2
B_attacker_costs,0.1,0.1,0.1,0.55,0.25,0.95,dRI,A0,dRI:A0,-0.2
B_attacker_costs,0.1,0.1,0.1,0.55,0.25,1.0,dRI,A0,dRI:A0,-0.2
B_attacker_costs,0.1,0.1,0.1,0.55,0.3,0.0,dRID,AD,dRID:AD,-0.49602
B_attacker_costs,0.1,0.1,0.1,0.55,0.3,0.05,dRID,AD,dRID:AD,-0.49602
B_attacker_costs,0.1,0.1,0.1,0.55,0.3,0.1,dRID,AD,dRID:AD,-0.49602
B_attacker_costs,0.1,0.1,0.1,0.55,0.3,0.15,dRID,AD,dRID:AD,-0.49602
B_attacker_costs,0.1,0.1,0.1,0.55,0.3,0.2,dRID,A0,dRID:A0,-0.30000000000000004
B_attacker_costs,0.1,0.1,0.1,0.55,0.3,0.25,dRID,A0,dRID:A0,-0.30000000000000004
B_attacker_costs,0.1,0.1,0.1,0.55,0.3,0.3,dRID,A0,dRID:A0,-0.30000000000000004
B_attacker_costs,0.1,0.1,0.1,0.55,0.3,0.35,dRID,A0,dRID:A0,-0.30000000000000004
B_attacker_costs,0.1,0.1,0.1,0.55,0.3,0.4,dRID,A0,dRID:A0,-0.30000000000000004
B_attacker_costs,0.1,0.1,0.1,0.55,0.3,0.45,dRI,A0,dRI:A0,-0.2
B_attacker_costs,0.1,0.1,0.1,0.55,0.3,0.5,dRI,A0,dRI:A0,-0.2
B_attacker_costs,0.1,0.1,0.1,0.55,0.3,0.55,dRI,A0,dRI:A0,-0.2
B_attacker_costs,0.1,0.1,0.1,0.55,0.3,0.6,dRI,A0,dRI:A0,-0.2
B_attacker_costs,0.1,0.1,0.1,0.55,0.3,0.65,dRI,A0,dRI:A0,-0.2
B_attacker_costs,0.1,0.1,0.1,0.55,0.3,0.7,dRI,A0,dRI:A0,-0.2
B_attacker_costs,0.1,0.1,0.1,0.55,0.3,0.75,dRI,A0,dRI:A0,-0.2
B_attacker_costs,0.1,0.1,0.1,0.55,0.3,0.8,dRI,A0,dRI:A0,-0.2
B_attacker_costs,0.1,0.1,0.1,0.55,0.3,0.85,dRI,A0,dRI:A0,-0.2
B_attacker_costs,0.1,0.1,0.1,0.55,0.3,0.9,dRI,A0,dRI:A0,-0.2
B_attacker_costs,0.1,0.1,0.1,0.55,0.3,0.95,dRI,A0,dRI:A0,-0.2
B_attacker_costs,0.1,0.1,0.1,0.55,0.3,1.0,dRI,A0,dRI:A0,-0.2
B_attacker_costs,0.1,0.1,0.1,0.55,0.35,0.0,dRID,AD,dRID:AD,-0.49602
B_attacker_costs,0.1,0.1,0.1,0.55,0.35,0.05,dRID,AD,dRID:AD,-0.49602
B_attacker_costs,0.1,0.1,0.1,0.55,0.35,0.1,dRID,AD,dRID:AD,-0.49602
B_attacker_costs,0.1,0.1,0.1,0.55,0.35,0.15,dRID,AD,dRID:AD,-0.49602
B_attacker_costs,0.1,0.1,0.1,0.55,0.35,0.2,dRID,A0,dRID:A0,-0.30000000000000004
B_attacker_costs,0.1,0.1,0.1,0.55,0.35,0.25,dRID,A0,dRID:A0,-0.30000000000000004
B_attacker_costs,0.1,0.1,0.1,0.55,0.35,0.3,dRID,A0,dRID:A0,-0.30000000000000004
B_attacker_costs,0.1,0.1,0.1,0.55,0.35,0.35,dRID,A0,dRID:A0,-0.30000000000000004
B_attacker_costs,0.1,0.1,0.1,0.55,0.35,0.4,dRID,A0,dRID:A0,-0.30000000000000004
B_attacker_costs,0.1,0.1,0.1,0.55,0.35,0.45,dRI,A0,dRI:A0,-0.2
B_attacker_costs,0.1,0.1,0.1,0.55,0.35,0.5,dRI,A0,dRI:A0,-0.2
B_attacker_costs,0.1,0.1,0.1,0.55,0.35,0.55,dRI,A0,dRI:A0,-0.2
B_attacker_costs,0.1,0.1,0.1,0.55,0.35,0.6,dRI,A0,dRI:A0,-0.2
B_attacker_costs,0.1,0.1,0.1,0.55,0.35,0.65,dRI,A0,dRI:A0,-0.2
B_attacker_costs,0.1,0.1,0.1,0.55,0.35,0.7,dRI,A0,dRI:A0,-0.2
B_attacker_costs,0.1,0.1,0.1,0.55,0.35,0.75,dRI,A0,dRI:A0,-0.2
B_attacker_costs,0.1,0.1,0.1,0.55,0.35,0.8,dRI,A0,dRI:A0,-0.2
B_attacker_costs,0.1,0.1,0.1,0.55,0.35,0.85,dRI,A0,dRI:A0,-0.2
B_attacker_costs,0.1,0.1,0.1,0.55,0.35,0.9,dRI,A0,dRI:A0,-0.2
B_attacker_costs,0.1,0.1,0.1,0.55,0.35,0.95,dRI,A0,dRI:A0,-0.2
B_attacker_costs,0.1,0.1,0.1,0.55,0.35,1.0,dRI,A0,dRI:A0,-0.2
B_attacker_costs,0.1,0.1,0.1,0.55,0.4,0.0,dRID,AD,dRID:AD,-0.49602
B_attacker_costs,0.1,0.1,0.1,0.55,0.4,0.05,dRID,AD,dRID:AD,-0.49602
B_attacker_costs,0.1,0.1,0.1,0.55,0.4,0.1,dRID,AD,dRID:AD,-0.49602
B_attacker_costs,0.1,0.1,0.1,0.55,0.4,0.15,dRID,AD,dRID:AD,-0.49602
B_attacker_costs,0.1,0.1,0.1,0.55,0.4,0.2,dRID,A0,dRID:A0,-0.30000000000000004
B_attacker_costs,0.1,0.1,0.1,0.55,0.4,0.25,dRID,A0,dRID:A0,-0.30000000000000004
B_attacker_costs,0.1,0.1,0.1,0.55,0.4,0.3,dRID,A0,dRID:A0,-0.30000000000000004
B_attacker_costs,0.1,0.1,0.1,0.55,0.4,0.35,dRID,A0,dRID:A0,-0.30000000000000004
B_attacker_costs,0.1,0.1,0.1,0.55,0.4,0.4,dRID,A0,dRID:A0,-0.30000000000000004
B_attacker_costs,0.1,0.1,0.1,0.55,0.4,0.45,dRI,A0,dRI:A0,-0.2
B_attacker_costs,0.1,0.1,0.1,0.55,0.4,0.5,dRI,A0,dRI:A0,-0.2
B_attacker_costs,0.1,0.1,0.1,0.55,0.4,0.55,dRI,A0,dRI:A0,-0.2
B_attacker_costs,0.1,0.1,0.1,0.55,0.4,0.6,dRI,A0,dRI:A0,-0.2
B_attacker_costs,0.1,0.1,0.1,0.55,0.4,0.65,dRI,A0,dRI:A0,-0.2
B_attacker_costs,0.1,0.1,0.1,0.55,0.4,0.7,dRI,A0,dRI:A0,-0.2
B_attacker_costs,0.1,0.1,0.1,0.55,0.4,0.75,dRI,A0,dRI:A0,-0.2
B_attacker_costs,0.1,0.1,0.1,0.55,0.4,0.8,dRI,A0,dRI:A0,-0.2
B_attacker_costs,0.1,0.1,0.1,0.55,0.4,0.85,dRI,A0,dRI:A0,-0.2
B_attacker_costs,0.1,0.1,0.1,0.55,0.4,0.9,dRI,A0,dRI:A0,-0.2
B_attacker_costs,0.1,0.1,0.1,0.55,0.4,0.95,dRI,A0,dRI:A0,-0.2
B_attacker_costs,0.1,0.1,0.1,0.55,0.4,1.0,dRI,A0,dRI:A0,-0.2
B_attacker_costs,0.1,0.1,0.1,0.55,0.45,0.0,dRID,AD,dRID:AD,-0.49602
B_attacker_costs,0.1,0.1,0.1,0.55,0.45,0.05,dRID,AD,dRID:AD,-0.49602
B_attacker_costs,0.1,0.1,0.1,0.55,0.45,0.1,dRID,AD,dRID:AD,-0.49602
B_attacker_costs,0.1,0.1,0.1,0.55,0.45,0.15,dRID,AD,dRID:AD,-0.49602
B_attacker_costs,0.1,0.1,0.1,0.55,0.45,0.2,dRID,A0,dRID:A0,-0.30000000000000004
B_attacker_costs,0.1,0.1,0.1,0.55,0.45,0.25,dRID,A0,dRID:A0,-0.30000000000000004
B_attacker_costs,0.1,0.1,0.1,0.55,0.45,0.3,dRID,A0,dRID:A0,-0.30000000000000004
B_attacker_costs,0.1,0.1,0.1,0.55,0.45,0.35,dRID,A0,dRID:A0,-0.30000000000000004
B_attacker_costs,0.1,0.1,0.1,0.55,0.45,0.4,dRID,A0,dRID:A0,-0.30000000000000004
B_attacker_costs,0.1,0.1,0.1,0.55,0.45,0.45,dRI,A0,dRI:A0,-0.2
B_attacker_costs,0.1,0.1,0.1,0.55,0.45,0.5,dRI,A0,dRI:A0,-0.2
B_attacker_costs,0.1,0.1,0.1,0.55,0.45,0.55,dRI,A0,dRI:A0,-0.2
B_attacker_costs,0.1,0.1,0.1,0.55,0.45,0.6,dRI,A0,dRI:A0,-0.2
B_attacker_costs,0.1,0.1,0.1,0.55,0.45,0.65,dRI,A0,dRI:A0,-0.2
B_attacker_costs,0.1,0.1,0.1,0.55,0.45,0.7,dRI,A0,dRI:A0,-0.2
B_attacker_costs,0.1,0.1,0.1,0.55,0.45,0.75,dRI,A0,dRI:A0,-0.2
B_attacker_costs,0.1,0.1,0.1,0.55,0.45,0.8,dRI,A0,dRI:A0,-0.2
B_attacker_costs,0.1,0.1,0.1,0.55,0.45,0.85,dRI,A0,dRI:A0,-0.2
B_attacker_costs,0.1,0.1,0.1,0.55,0.45,0.9,dRI,A0,dRI:A0,-0.2
B_attacker_costs,0.1,0.1,0.1,0.55,0.45,0.95,dRI,A0,dRI:A0,-0.2
B_attacker_costs,0.1,0.1,0.1,0.55,0.45,1.0,dRI,A0,dRI:A0,-0.2
B_attacker_costs,0.1,0.1,0.1,0.55,0.5,0.0,dRID,AD,dRID:AD,-0.49602
B_attacker_costs,0.1,0.1,0.1,0.55,0.5,0.05,dRID,AD,dRID:AD,-0.49602
B_attacker_costs,0.1,0.1,0.1,0.55,0.5,0.1,dRID,AD,dRID:AD,-0.49602
B_attacker_costs,0.1,0.1,0.1,0.55,0.5,0.15,dRID,AD,dRID:AD,-0.49602
B_attacker_costs,0.1,0.1,0.1,0.55,0.5,0.2,dRID,A0,dRID:A0,-0.30000000000000004
B_attacker_costs,0.1,0.1,0.1,0.55,0.5,0.25,dRID,A0,dRID:A0,-0.30000000000000004
B_attacker_costs,0.1,0.1,0.1,0.55,0.5,0.3,dRID,A0,dRID:A0,-0.30000000000000004
B_attacker_costs,0.1,0.1,0.1,0.55,0.5,0.35,dRID,A0,dRID:A0,-0.30000000000000004
B_attacker_costs,0.1,0.1,0.1,0.55,0.5,0.4,dRID,A0,dRID:A0,-0.30000000000000004
B_attacker_costs,0.1,0.1,0.1,0.55,0.5,0.45,dRI,A0,dRI:A0,-0.2
B_attacker_costs,0.1,0.1,0.1,0.55,0.5,0.5,dRI,A0,dRI:A0,-0.2
B_attacker_costs,0.1,0.1,0.1,0.55,0.5,0.55,dRI,A0,dRI:A0,-0.2
B_attacker_costs,0.1,0.1,0.1,0.55,0.5,0.6,dRI,A0,dRI:A0,-0.2
B_attacker_costs,0.1,0.1,0.1,0.55,0.5,0.65,dRI,A0,dRI:A0,-0.2
B_attacker_costs,0.1,0.1,0.1,0.55,0.5,0.7,dRI,A0,dRI:A0,-0.2
B_attacker_costs,0.1,0.1,0.1,0.55,0.5,0.75,dRI,A0,dRI:A0,-0.2
B_attacker_costs,0.1,0.1,0.1,0.55,0.5,0.8,dRI,A0,dRI:A0,-0.2
B_attacker_costs,0.1,0.1,0.1,0.55,0.5,0.85,dRI,A0,dRI:A0,-0.2
B_attacker_costs,0.1,0.1,0.1,0.55,0.5,0.9,dRI,A0,dRI:A0,-0.2
B_attacker_costs,0.1,0.1,0.1,0.55,0.5,0.95,dRI,A0,dRI:A0,-0.2
B_attacker_costs,0.1,0.1,0.1,0.55,0.5,1.0,dRI,A0,dRI:A0,-0.2
B_attacker_costs,0.1,0.1,0.1,0.55,0.55,0.0,dRID,AD,dRID:AD,-0.49602
B_attacker_costs,0.1,0.1,0.1,0.55,0.55,0.05,dRID,AD,dRID:AD,-0.49602
B_attacker_costs,0.1,0.1,0.1,0.55,0.55,0.1,dRID,AD,dRID:AD,-0.49602
B_attacker_costs,0.1,0.1,0.1,0.55,0.55,0.15,dRID,AD,dRID:AD,-0.49602
B_attacker_costs,0.1,0.1,0.1,0.55,0.55,0.2,dRID,A0,dRID:A0,-0.30000000000000004
B_attacker_costs,0.1,0.1,0.1,0.55,0.55,0.25,dRID,A0,dRID:A0,-0.30000000000000004
B_attacker_costs,0.1,0.1,0.1,0.55,0.55,0.3,dRID,A0,dRID:A0,-0.30000000000000004
B_attacker_costs,0.1,0.1,0.1,0.55,0.55,0.35,dRID,A0,dRID:A0,-0.30000000000000004
B_attacker_costs,0.1,0.1,0.1,0.55,0.55,0.4,dRID,A0,dRID:A0,-0.30000000000000004
B_attacker_costs,0.1,0.1,0.1,0.55,0.55,0.45,dRI,A0,dRI:A0,-0.2
B_attacker_costs,0.1,0.1,0.1,0.55,0.55,0.5,dRI,A0,dRI:A0,-0.2
B_attacker_costs,0.1,0.1,0.1,0.55,0.55,0.55,dRI,A0,dRI:A0,-0.2
B_attacker_costs,0.1,0.1,0.1,0.55,0.55,0.6,dRI,A0,dRI:A0,-0.2
B_attacker_costs,0.1,0.1,0.1,0.55,0.55,0.65,dRI,A0,dRI:A0,-0.2
B_attacker_costs,0.1,0.1,0.1,0.55,0.55,0.7,dRI,A0,dRI:A0,-0.2
B_attacker_costs,0.1,0.1,0.1,0.55,0.55,0.75,dRI,A0,dRI:A0,-0.2
B_attacker_costs,0.1,0.1,0.1,0.55,0.55,0.8,dRI,A0,dRI:A0,-0.2
B_attacker_costs,0.1,0.1,0.1,0.55,0.55,0.85,dRI,A0,dRI:A0,-0.2
B_attacker_costs,0.1,0.1,0.1,0.55,0.55,0.9,dRI,A0,dRI:A0,-0.2
B_attacker_costs,0.1,0.1,0.1,0.55,0.55,0.95,dRI,A0,dRI:A0,-0.2
B_attacker_costs,0.1,0.1,0.1,0.55,0.55,1.0,dRI,A0,dRI:A0,-0.2
B_attacker_costs,0.1,0.1,0.1,0.55,0.6,0.0,dRID,AD,dRID:AD,-0.49602
B_attacker_costs,0.1,0.1,0.1,0.55,0.6,0.05,dRID,AD,dRID:AD,-0.49602
B_attacker_costs,0.1,0.1,0.1,0.55,0.6,0.1,dRID,AD,dRID:AD,-0.49602
B_attacker_costs,0.1,0.1,0.1,0.55,0.6,0.15,dRID,AD,dRID:AD,-0.49602
B_attacker_costs,0.1,0.1,0.1,0.55,0.6,0.2,dRID,A0,dRID:A0,-0.30000000000000004
B_attacker_costs,0.1,0.1,0.1,0.55,0.6,0.25,dRID,A0,dRID:A0,-0.30000000000000004
B_attacker_costs,0.1,0.1,0.1,0.55,0.6,0.3,dRID,A0,dRID:A0,-0.30000000000000004
B_attacker_costs,0.1,0.1,0.1,0.55,0.6,0.35,dRID,A0,dRID:A0,-0.30000000000000004
B_attacker_costs,0.1,0.1,0.1,0.55,0.6,0.4,dRID,A0,dRID:A0,-0.30000000000000004
B_attacker_costs,0.1,0.1,0.1,0.55,0.6,0.45,dRI,A0,dRI:A0,-0.2
B_attacker_costs,0.1,0.1,0.1,0.55,0.6,0.5,dRI,A0,dRI:A0,-0.2
B_attacker_costs,0.1,0.1,0.1,0.55,0.6,0.55,dRI,A0,dRI:A0,-0.2
B_attacker_costs,0.1,0.1,0.1,0.55,0.6,0.6,dRI,A0,dRI:A0,-0.2
B_attacker_costs,0.1,0.1,0.1,0.55,0.6,0.65,dRI,A0,dRI:A0,-0.2
B_attacker_costs,0.1,0.1,0.1,0.55,0.6,0.7,dRI,A0,dRI:A0,-0.2
B_attacker_costs,0.1,0.1,0.1,0.55,0.6,0.75,dRI,A0,dRI:A0,-0.2
B_attacker_costs,0.1,0.1,0.1,0.55,0.6,0.8,dRI,A0,dRI:A0,-0.2
B_attacker_costs,0.1,0.1,0.1,0.55,0.6,0.85,dRI,A0,dRI:A0,-0.2
B_attacker_costs,0.1,0.1,0.1,0.55,0.6,0.9,dRI,A0,dRI:A0,-0.2
B_attacker_costs,0.1,0.1,0.1,0.55,0.6,0.95,dRI,A0,dRI:A0,-0.2
B_attacker_costs,0.1,0.1,0.1,0.55,0.6,1.0,dRI,A0,dRI:A0,-0.2
B_attacker_costs,0.1,0.1,0.1,0.55,0.65,0.0,dRID,AD,dRID:AD,-0.49602
B_attacker_costs,0.1,0.1,0.1,0.55,0.65,0.05,dRID,AD,dRID:AD,-0.49602
B_attacker_costs,0.1,0.1,0.1,0.55,0.65,0.1,dRID,AD,dRID:AD,-0.49602
B_attacker_costs,0.1,0.1,0.1,0.55,0.65,0.15,dRID,AD,dRID:AD,-0.49602
B_attacker_costs,0.1,0.1,0.1,0.55,0.65,0.2,dRID,A0,dRID:A0,-0.30000000000000004
B_attacker_costs,0.1,0.1,0.1,0.55,0.65,0.25,dRID,A0,dRID:A0,-0.30000000000000004
B_attacker_costs,0.1,0.1,0.1,0.55,0.65,0.3,dRID,A0,dRID:A0,-0.30000000000000004
B_attacker_costs,0.1,0.1,0.1,0.55,0.65,0.35,dRID,A0,dRID:A0,-0.30000000000000004
B_attacker_costs,0.1,0.1,0.1,0.55,0.65,0.4,dRID,A0,dRID:A0,-0.30000000000000004
B_attacker_costs,0.1,0.1,0.1,0.55,0.65,0.45,dRI,A0,dRI:A0,-0.2
B_attacker_costs,0.1,0.1,0.1,0.55,0.65,0.5,dRI,A0,dRI:A0,-0.2
B_attacker_costs,0.1,0.1,0.1,0.55,0.65,0.55,dRI,A0,dRI:A0,-0.2
B_attacker_costs,0.1,0.1,0.1,0.55,0.65,0.6,dRI,A0,dRI:A0,-0.2
B_attacker_costs,0.1,0.1,0.1,0.55,0.65,0.65,dRI,A0,dRI:A0,-0.2
B_attacker_costs,0.1,0.1,0.1,0.55,0.65,0.7,dRI,A0,dRI:A0,-0.2
B_attacker_costs,0.1,0.1,0.1,0.55,0.65,0.75,dRI,A0,dRI:A0,-0.2
B_attacker_costs,0.1,0.1,0.1,0.55,0.65,0.8,dRI,A0,dRI:A0,-0.2
B_attacker_costs,0.1,0.1,0.1,0.55,0.65,0.85,dRI,A0,dRI:A0,-0.2
B_attacker_costs,0.1,0.1,0.1,0.55,0.65,0.9,dRI,A0,dRI:A0,-0.2
B_attacker_costs,0.1,0.1,0.1,0.55,0.65,0.95,dRI,A0,dRI:A0,-0.2
B_attacker_costs,0.1,0.1,0.1,0.55,0.65,1.0,dRI,A0,dRI:A0,-0.2
B_attacker_costs,0.1,0.1,0.1,0.55,0.7,0.0,dRID,AD,dRID:AD,-0.49602
B_attacker_costs,0.1,0.1,0.1,0.55,0.7,0.05,dRID,AD,dRID:AD,-0.49602
B_attacker_costs,0.1,0.1,0.1,0.55,0.7,0.1,dRID,AD,dRID:AD,-0.49602
B_attacker_costs,0.1,0.1,0.1,0.55,0.7,0.15,dRID,AD,dRID:AD,-0.49602
B_attacker_costs,0.1,0.1,0.1,0.55,0.7,0.2,dRID,A0,dRID:A0,-0.30000000000000004
B_attacker_costs,0.1,0.1,0.1,0.55,0.7,0.25,dRID,A0,dRID:A0,-0.30000000000000004
B_attacker_costs,0.1,0.1,0.1,0.55,0.7,0.3,dRID,A0,dRID:A0,-0.30000000000000004
B_attacker_costs,0.1,0.1,0.1,0.55,0.7,0.35,dRID,A0,dRID:A0,-0.30000000000000004
B_attacker_costs,0.1,0.1,0.1,0.55,0.7,0.4,dRID,A0,dRID:A0,-0.30000000000000004
B_attacker_costs,0.1,0.1,0.1,0.55,0.7,0.45,dRI,A0,dRI:A0,-0.2
B_attacker_costs,0.1,0.1,0.1,0.55,0.7,0.5,dRI,A0,dRI:A0,-0.2
B_attacker_costs,0.1,0.1,0.1,0.55,0.7,0.55,dRI,A0,dRI:A0,-0.2
B_attacker_costs,0.1,0.1,0.1,0.55,0.7,0.6,dRI,A0,dRI:A0,-0.2
B_attacker_costs,0.1,0.1,0.1,0.55,0.7,0.65,dRI,A0,dRI:A0,-0.2
B_attacker_costs,0.1,0.1,0.1,0.55,0.7,0.7,dRI,A0,dRI:A0,-0.2
B_attacker_costs,0.1,0.1,0.1,0.55,0.7,0.75,dRI,A0,dRI:A0,-0.2
B_attacker_costs,0.1,0.1,0.1,0.55,0.7,0.8,dRI,A0,dRI:A0,-0.2
B_attacker_costs,0.1,0.1,0.1,0.55,0.7,0.85,dRI,A0,dRI:A0,-0.2
B_attacker_costs,0.1,0.1,0.1,0.55,0.7,0.9,dRI,A0,dRI:A0,-0.2
B_attacker_costs,0.1,0.1,0.1,0.55,0.7,0.95,dRI,A0,dRI:A0,-0.2
B_attacker_costs,0.1,0.1,0.1,0.55,0.7,1.0,dRI,A0,dRI:A0,-0.2
B_attacker_costs,0.1,0.1,0.1,0.55,0.75,0.0,dRID,AD,dRID:AD,-0.49602
B_attacker_costs,0.1,0.1,0.1,0.55,0.75,0.05,dRID,AD,dRID:AD,-0.49602
B_attacker_costs,0.1,0.1,0.1,0.55,0.75,0.1,dRID,AD,dRID:AD,-0.49602
B_attacker_costs,0.1,0.1,0.1,0.55,0.75,0.15,dRID,AD,dRID:AD,-0.49602
B_attacker_costs,0.1,0.1,0.1,0.55,0.75,0.2,dRID,A0,dRID:A0,-0.30000000000000004
B_attacker_costs,0.1,0.1,0.1,0.55,0.75,0.25,dRID,A0,dRID:A0,-0.30000000000000004
B_attacker_costs,0.1,0.1,0.1,0.55,0.75,0.3,dRID,A0,dRID:A0,-0.30000000000000004
B_attacker_costs,0.1,0.1,0.1,0.55,0.75,0.35,dRID,A0,dRID:A0,-0.30000000000000004
B_attacker_costs,0.1,0.1,0.1,0.55,0.75,0.4,dRID,A0,dRID:A0,-0.30000000000000004
B_attacker_costs,0.1,0.1,0.1,0.55,0.75,0.45,dRI,A0,dRI:A0,-0.2
B_attacker_costs,0.1,0.1,0.1,0.55,0.75,0.5,dRI,A0,dRI:A0,-0.2
B_attacker_costs,0.1,0.1,0.1,0.55,0.75,0.55,dRI,A0,dRI:A0,-0.2
B_attacker_costs,0.1,0.1,0.1,0.55,0.75,0.6,dRI,A0,dRI:A0,-0.2
B_attacker_costs,0.1,0.1,0.1,0.55,0.75,0.65,dRI,A0,dRI:A0,-0.2
B_attacker_costs,0.1,0.1,0.1,0.55,0.75,0.7,dRI,A0,dRI:A0,-0.2
B_attacker_costs,0.1,0.1,0.1,0.55,0.75,0.75,dRI,A0,dRI:A0,-0.2
B_attacker_costs,0.1,0.1,0.1,0.55,0.75,0.8,dRI,A0,dRI:A0,-0.2
B_attacker_costs,0.1,0.1,0.1,0.55,0.75,0.85,dRI,A0,dRI:A0,-0.2
B_attacker_costs,0.1,0.1,0.1,0.55,0.75,0.9,dRI,A0,dRI:A0,-0.2
B_attacker_costs,0.1,0.1,0.1,0.55,0.75,0.95,dRI,A0,dRI:A0,-0.2
B_attacker_costs,0.1,0.1,0.1,0.55,0.75,1.0,dRI,A0,dRI:A0,-0.2
B_attacker_costs,0.1,0.1,0.1,0.55,0.8,0.0,dRID,AD,dRID:AD,-0.49602
B_attacker_costs,0.1,0.1,0.1,0.55,0.8,0.05,dRID,AD,dRID:AD,-0.49602
B_attacker_costs,0.1,0.1,0.1,0.55,0.8,0.1,dRID,AD,dRID:AD,-0.49602
B_attacker_costs,0.1,0.1,0.1,0.55,0.8,0.15,dRID,AD,dRID:AD,-0.49602
B_attacker_costs,0.1,0.1,0.1,0.55,0.8,0.2,dRID,A0,dRID:A0,-0.30000000000000004
B_attacker_costs,0.1,0.1,0.1,0.55,0.8,0.25,dRID,A0,dRID:A0,-0.30000000000000004
B_attacker_costs,0.1,0.1,0.1,0.55,0.8,0.3,dRID,A0,dRID:A0,-0.30000000000000004
B_attacker_costs,0.1,0.1,0.1,0.55,0.8,0.35,dRID,A0,dRID:A0,-0.30000000000000004
B_attacker_costs,0.1,0.1,0.1,0.55,0.8,0.4,dRID,A0,dRID:A0,-0.30000000000000004
B_attacker_costs,0.1,0.1,0.1,0.55,0.8,0.45,dRI,A0,dRI:A0,-0.2
B_attacker_costs,0.1,0.1,0.1,0.55,0.8,0.5,dRI,A0,dRI:A0,-0.2
B_attacker_costs,0.1,0.1,0.1,0.55,0.8,0.55,dRI,A0,dRI:A0,-0.2
B_attacker_costs,0.1,0.1,0.1,0.55,0.8,0.6,dRI,A0,dRI:A0,-0.2
B_attacker_costs,0.1,0.1,0.1,0.55,0.8,0.65,dRI,A0,dRI:A0,-0.2
B_attacker_costs,0.1,0.1,0.1,0.55,0.8,0.7,dRI,A0,dRI:A0,-0.2
B_attacker_costs,0.1,0.1,0.1,0.55,0.8,0.75,dRI,A0,dRI:A0,-0.2
B_attacker_costs,0.1,0.1,0.1,0.55,0.8,0.8,dRI,A0,dRI:A0,-0.2
B_attacker_costs,0.1,0.1,0.1,0.55,0.8,0.85,dRI,A0,dRI:A0,-0.2
B_attacker_costs,0.1,0.1,0.1,0.55,0.8,0.9,dRI,A0,dRI:A0,-0.2
B_attacker_costs,0.1,0.1,0.1,0.55,0.8,0.95,dRI,A0,dRI:A0,-0.2
B_attacker_costs,0.1,0.1,0.1,0.55,0.8,1.0,dRI,A0,dRI:A0,-0.2
B_attacker_costs,0.1,0.1,0.1,0.55,0.85,0.0,dRD,AD,dRD:AD,-0.39602000000000004
B_attacker_costs,0.1,0.1,0.1,0.55,0.85,0.05,dRID,AD,dRID:AD,-0.49602
B_attacker_costs,0.1,0.1,0.1,0.55,0.85,0.1,dRID,AD,dRID:AD,-0.49602
B_attacker_costs,0.1,0.1,0.1,0.55,0.85,0.15,dRID,AD,dRID:AD,-0.49602
B_attacker_costs,0.1,0.1,0.1,0.55,0.85,0.2,dRID,A0,dRID:A0,-0.30000000000000004
B_attacker_costs,0.1,0.1,0.1,0.55,0.85,0.25,dRID,A0,dRID:A0,-0.30000000000000004
B_attacker_costs,0.1,0.1,0.1,0.55,0.85,0.3,dRID,A0,dRID:A0,-0.30000000000000004
B_attacker_costs,0.1,0.1,0.1,0.55,0.85,0.35,dRID,A0,dRID:A0,-0.30000000000000004
B_attacker_costs,0.1,0.1,0.1,0.55,0.85,0.4,dRID,A0,dRID:A0,-0.30000000000000004
B_attacker_costs,0.1,0.1,0.1,0.55,0.85,0.45,dRI,A0,dRI:A0,-0.2
B_attacker_costs,0.1,0.1,0.1,0.55,0.85,0.5,dRI,A0,dRI:A0,-0.2
B_attacker_costs,0.1,0.1,0.1,0.55,0.85,0.55,dRI,A0,dRI:A0,-0.2
B_attacker_costs,0.1,0.1,0.1,0.55,0.85,0.6,dRI,A0,dRI:A0,-0.2
B_attacker_costs,0.1,0.1,0.1,0.55,0.85,0.65,dRI,A0,dRI:A0,-0.2
B_attacker_costs,0.1,0.1,0.1,0.55,0.85,0.7,dRI,A0,dRI:A0,-0.2
B_attacker_costs,0.1,0.1,0.1,0.55,0.85,0.75,dRI,A0,dRI:A0,-0.2
B_attacker_costs,0.1,0.1,0.1,0.55,0.85,0.8,dRI,A0,dRI:A0,-0.2
B_attacker_costs,0.1,0.1,0.1,0.55,0.85,0.85,dRI,A0,dRI:A0,-0.2
B_attacker_costs,0.1,0.1,0.1,0.55,0.85,0.9,dRI,A0,dRI:A0,-0.2
B_attacker_costs,0.1,0.1,0.1,0.55,0.85,0.95,dRI,A0,dRI:A0,-0.2
B_attacker_costs,0.1,0.1,0.1,0.55,0.85,1.0,dRI,A0,dRI:A0,-0.2
B_attacker_costs,0.1,0.1,0.1,0.55,0.9,0.0,dRD,AD,dRD:AD,-0.39602000000000004
B_attacker_costs,0.1,0.1,0.1,0.55,0.9,0.05,dRD,AD,dRD:AD,-0.39602000000000004
B_attacker_costs,0.1,0.1,0.1,0.55,0.9,0.1,dRID,AD,dRID:AD,-0.49602
B_attacker_costs,0.1,0.1,0.1,0.55,0.9,0.15,dRID,AD,dRID:AD,-0.49602
B_attacker_costs,0.1,0.1,0.1,0.55,0.9,0.2,dRID,A0,dRID:A0,-0.30000000000000004
B_attacker_costs,0.1,0.1,0.1,0.55,0.9,0.25,dRID,A0,dRID:A0,-0.30000000000000004
B_attacker_costs,0.1,0.1,0.1,0.55,0.9,0.3,dRID,A0,dRID:A0,-0.30000000000000004
B_attacker_costs,0.1,0.1,0.1,0.55,0.9,0.35,dRID,A0,dRID:A0,-0.30000000000000004
B_attacker_costs,0.1,0.1,0.1,0.55,0.9,0.4,dRID,A0,dRID:A0,-0.30000000000000004
B_attacker_costs,0.1,0.1,0.1,0.55,0.9,0.45,dRI,A0,dRI:A0,-0.2
B_attacker_costs,0.1,0.1,0.1,0.55,0.9,0.5,dRI,A0,dRI:A0,-0.2
B_attacker_costs,0.1,0.1,0.1,0.55,0.9,0.55,dRI,A0,dRI:A0,-0.2
B_attacker_costs,0.1,0.1,0.1,0.55,0.9,0.6,dRI,A0,dRI:A0,-0.2
B_attacker_costs,0.1,0.1,0.1,0.55,0.9,0.65,dRI,A0,dRI:A0,-0.2
B_attacker_costs,0.1,0.1,0.1,0.55,0.9,0.7,dRI,A0,dRI:A0,-0.2
B_attacker_costs,0.1,0.1,0.1,0.55,0.9,0.75,dRI,A0,dRI:A0,-0.2
B_attacker_costs,0.1,0.1,0.1,0.55,0.9,0.8,dRI,A0,dRI:A0,-0.2
B_attacker_costs,0.1,0.1,0.1,0.55,0.9,0.85,dRI,A0,dRI:A0,-0.2
B_attacker_costs,0.1,0.1,0.1,0.55,0.9,0.9,dRI,A0,dRI:A0,-0.2
B_attacker_costs,0.1,0.1,0.1,0.55,0.9,0.95,dRI,A0,dRI:A0,-0.2
B_attacker_costs,0.1,0.1,0.1,0.55,0.9,1.0,dRI,A0,dRI:A0,-0.2
B_attacker_costs,0.1,0.1,0.1,0.55,0.95,0.0,dRD,AD,dRD:AD,-0.39602000000000004
B_attacker_costs,0.1,0.1,0.1,0.55,0.95,0.05,dRD,AD,dRD:AD,-0.39602000000000004
B_attacker_costs,0.1,0.1,0.1,0.55,0.95,0.1,dRD,AD,dRD:AD,-0.39602000000000004
B_attacker_costs,0.1,0.1,0.1,0.55,0.95,0.15,dRID,AD,dRID:AD,-0.49602
B_attacker_costs,0.1,0.1,0.1,0.55,0.95,0.2,dRID,A0,dRID:A0,-0.30000000000000004
B_attacker_costs,0.1,0.1,0.1,0.55,0.95,0.25,dRID,A0,dRID:A0,-0.30000000000000004
B_attacker_costs,0.1,0.1,0.1,0.55,0.95,0.3,dRID,A0,dRID:A0,-0.30000000000000004
B_attacker_costs,0.1,0.1,0.1,0.55,0.95,0.35,dRID,A0,dRID:A0,-0.30000000000000004
B_attacker_costs,0.1,0.1,0.1,0.55,0.95,0.4,dRID,A0,dRID:A0,-0.30000000000000004
B_attacker_costs,0.1,0.1,0.1,0.55,0.95,0.45,dRI,A0,dRI:A0,-0.2
B_attacker_costs,0.1,0.1,0.1,0.55,0.95,0.5,dRI,A0,dRI:A0,-0.2
B_attacker_costs,0.1,0.1,0.1,0.55,0.95,0.55,dRI,A0,dRI:A0,-0.2
B_attacker_costs,0.1,0.1,0.1,0.55,0.95,0.6,dRI,A0,dRI:A0,-0.2
B_attacker_costs,0.1,0.1,0.1,0.55,0.95,0.65,dRI,A0,dRI:A0,-0.2
B_attacker_costs,0.1,0.1,0.1,0.55,0.95,0.7,dRI,A0,dRI:A0,-0.2
B_attacker_costs,0.1,0.1,0.1,0.55,0.95,0.75,dRI,A0,dRI:A0,-0.2
B_attacker_costs,0.1,0.1,0.1,0.55,0.95,0.8,dRI,A0,dRI:A0,-0.2
B_attacker_costs,0.1,0.1,0.1,0.55,0.95,0.85,dRI,A0,dRI:A0,-0.2
B_attacker_costs,0.1,0.1,0.1,0.55,0.95,0.9,dRI,A0,dRI:A0,-0.2
B_attacker_costs,0.1,0.1,0.1,0.55,0.95,0.95,dRI,A0,dRI:A0,-0.2
B_attacker_costs,0.1,0.1,0.1,0.55,0.95,1.0,dRI,A0,dRI:A0,-0.2
B_attacker_costs,0.1,0.1,0.1,0.55,1.0,0.0,dRD,AD,dRD:AD,-0.39602000000000004
B_attacker_costs,0.1,0.1,0.1,0.55,1.0,0.05,dRD,AD,dRD:AD,-0.39602000000000004
B_attacker_costs,0.1,0.1,0.1,0.55,1.0,0.1,dRD,AD,dRD:AD,-0.39602000000000004
B_attacker_costs,0.1,0.1,0.1,0.55,1.0,0.15,dRD,AD,dRD:AD,-0.39602000000000004
B_attacker_costs,0.1,0.1,0.1,0.55,1.0,0.2,dRD,A0,dRD:A0,-0.2
B_attacker_costs,0.1,0.1,0.1,0.55,1.0,0.25,dRD,A0,dRD:A0,-0.2
B_attacker_costs,0.1,0.1,0.1,0.55,1.0,0.3,dRD,A0,dRD:A0,-0.2
B_attacker_costs,0.1,0.1,0.1,0.55,1.0,0.35,dRD,A0,dRD:A0,-0.2
B_attacker_costs,0.1,0.1,0.1,0.55,1.0,0.4,dRD,A0,dRD:A0,-0.2
B_attacker_costs,0.1,0.1,0.1,0.55,1.0,0.45,dR,A0,dR:A0,-0.1
B_attacker_costs,0.1,0.1,0.1,0.55,1.0,0.5,dR,A0,dR:A0,-0.1
B_attacker_costs,0.1,0.1,0.1,0.55,1.0,0.55,dR,A0,dR:A0,-0.1
B_attacker_costs,0.1,0.1,0.1,0.55,1.0,0.6,dR,A0,dR:A0,-0.1
B_attacker_costs,0.1,0.1,0.1,0.55,1.0,0.65,dR,A0,dR:A0,-0.1
B_attacker_costs,0.1,0.1,0.1,0.55,1.0,0.7,dR,A0,dR:A0,-0.1
B_attacker_costs,0.1,0.1,0.1,0.55,1.0,0.75,dR,A0,dR:A0,-0.1
B_attacker_costs,0.1,0.1,0.1,0.55,1.0,0.8,dR,A0,dR:A0,-0.1
B_attacker_costs,0.1,0.1,0.1,0.55,1.0,0.85,dR,A0,dR:A0,-0.1
B_attacker_costs,0.1,0.1,0.1,0.55,1.0,0.9,dR,A0,dR:A0,-0.1
B_attacker_costs,0.1,0.1,0.1,0.55,1.0,0.95,dR,A0,dR:A0,-0.1
B_attacker_costs,0.1,0.1,0.1,0.55,1.0,1.0,dR,A0,dR:A0,-0.1
B_attacker_costs,0.1,0.1,0.1,0.6,0.0,0.0,dRID,AD,dRID:AD,-0.49602
B_attacker_costs,0.1,0.1,0.1,0.6,0.0,0.05,dRID,AD,dRID:AD,-0.49602
B_attacker_costs,0.1,0.1,0.1,0.6,0.0,0.1,dRID,AD,dRID:AD,-0.49602
B_attacker_costs,0.1,0.1,0.1,0.6,0.0,0.15,dRID,AD,dRID:AD,-0.49602
B_attacker_costs,0.1,0.1,0.1,0.6,0.0,0.2,dRID,AI,dRID:AI,-0.30000000000000004
B_attacker_costs,0.1,0.1,0.1,0.6,0.0,0.25,dRID,AI,dRID:AI,-0.30000000000000004
B_attacker_costs,0.1,0.1,0.1,0.6,0.0,0.3,dRID,AI,dRID:AI,-0.30000000000000004
B_attacker_costs,0.1,0.1,0.1,0.6,0.0,0.35,dRID,AI,dRID:AI,-0.30000000000000004
B_attacker_costs,0.1,0.1,0.1,0.6,0.0,0.4,dRID,AI,dRID:AI,-0.30000000000000004
B_attacker_costs,0.1,0.1,0.1,0.6,0.0,0.45,dRI,AI,dRI:AI,-0.2
B_attacker_costs,0.1,0.1,0.1,0.6,0.0,0.5,dRI,AI,dRI:AI,-0.2
B_attacker_costs,0.1,0.1,0.1,0.6,0.0,0.55,dRI,AI,dRI:AI,-0.2
B_attacker_costs,0.1,0.1,0.1,0.6,0.0,0.6,dRI,AI,dRI:AI,-0.2
B_attacker_costs,0.1,0.1,0.1,0.6,0.0,0.65,dRI,AI,dRI:AI,-0.2
B_attacker_costs,0.1,0.1,0.1,0.6,0.0,0.7,dRI,AI,dRI:AI,-0.2
B_attacker_costs,0.1,0.1,0.1,0.6,0.0,0.75,dRI,AI,dRI:AI,-0.2
B_attacker_costs,0.1,0.1,0.1,0.6,0.0,0.8,dRI,AI,dRI:AI,-0.2
B_attacker_costs,0.1,0.1,0.1,0.6,0.0,0.85,dRI,AI,dRI:AI,-0.2
B_attacker_costs,0.1,0.1,0.1,0.6,0.0,0.9,dRI,AI,dRI:AI,-0.2
B_attacker_costs,0.1,0.1,0.1,0.6,0.0,0.95,dRI,AI,dRI:AI,-0.2
B_attacker_costs,0.1,0.1,0.1,0.6,0.0,1.0,dRI,AI,dRI:AI,-0.2
B_attacker_costs,0.1,0.1,0.1,0.6,0.05,0.0,dRID,AD,dRID:AD,-0.49602
B_attacker_costs,0.1,0.1,0.1,0.6,0.05,0.05,dRID,AD,dRID:AD,-0.49602
B_attacker_costs,0.1,0.1,0.1,0.6,0.05,0.1,dRID,AD,dRID:AD,-0.49602
B_attacker_costs,0.1,0.1,0.1,0.6,0.05,0.15,dRID,AD,dRID:AD,-0.49602
B_attacker_costs,0.1,0.1,0.1,0.6,0.05,0.2,dRID,A0,dRID:A0,-0.30000000000000004
B_attacker_costs,0.1,0.1,0.1,0.6,0.05,0.25,dRID,A0,dRID:A0,-0.30000000000000004
B_attacker_costs,0.1,0.1,0.1,0.6,0.05,0.3,dRID,A0,dRID:A0,-0.30000000000000004
B_attacker_costs,0.1,0.1,0.1,0.6,0.05,0.35,dRID,A0,dRID:A0,-0.30000000000000004
B_attacker_costs,0.1,0.1,0.1,0.6,0.05,0.4,dRID,A0,dRID:A0,-0.30000000000000004
B_attacker_costs,0.1,0.1,0.1,0.6,0.05,0.45,dRI,A0,dRI:A0,-0.2
B_attacker_costs,0.1,0.1,0.1,0.6,0.05,0.5,dRI,A0,dRI:A0,-0.2
B_attacker_costs,0.1,0.1,0.1,0.6,0.05,0.55,dRI,A0,dRI:A0,-0.2
B_attacker_costs,0.1,0.1,0.1,0.6,0.05,0.6,dRI,A0,dRI:A0,-0.2
B_attacker_costs,0.1,0.1,0.1,0.6,0.05,0.65,dRI,A0,dRI:A0,-0.2
B_attacker_costs,0.1,0.1,0.1,0.6,0.05,0.7,dRI,A0,dRI:A0,-0.2
B_attacker_costs,0.1,0.1,0.1,0.6,0.05,0.75,dRI,A0,dRI:A0,-0.2
B_attacker_costs,0.1,0.1,0.1,0.6,0.05,0.8,dRI,A0,dRI:A0,-0.2
B_attacker_costs,0.1,0.1,0.1,0.6,0.05,0.85,dRI,A0,dRI:A0,-0.2
B_attacker_costs,0.1,0.1,0.1,0.6,0.05,0.9,dRI,A0,dRI:A0,-0.2
B_attacker_costs,0.1,0.1,0.1,0.6,0.05,0.95,dRI,A0,dRI:A0,-0.2
B_attacker_costs,0.1,0.1,0.1,0.6,0.05,1.0,dRI,A0,dRI:A0,-0.2
B_attacker_costs,0.1,0.1,0.1,0.6,0.1,0.0,dRID,AD,dRID:AD,-0.49602
B_attacker_costs,0.1,0.1,0.1,0.6,0.1,0.05,dRID,AD,dRID:AD,-0.49602
B_attacker_costs,0.1,0.1,0.1,0.6,0.1,0.1,dRID,AD,dRID:AD,-0.49602
B_attacker_costs,0.1,0.1,0.1,0.6,0.1,0.15,dRID,AD,dRID:AD,-0.49602
B_attacker_costs,0.1,0.1,0.1,0.6,0.1,0.2,dRID,A0,dRID:A0,-0.30000000000000004
B_attacker_costs,0.1,0.1,0.1,0.6,0.1,0.25,dRID,A0,dRID:A0,-0.30000000000000004
B_attacker_costs,0.1,0.1,0.1,0.6,0.1,0.3,dRID,A0,dRID:A0,-0.30000000000000004
B_attacker_costs,0.1,0.1,0.1,0.6,0.1,0.35,dRID,A0,dRID:A0,-0.30000000000000004
B_attacker_costs,0.1,0.1,0.1,0.6,0.1,0.4,dRID,A0,dRID:A0,-0.30000000000000004
B_attacker_costs,0.1,0.1,0.1,0.6,0.1,0.45,dRI,A0,dRI:A0,-0.2
B_attacker_costs,0.1,0.1,0.1,0.6,0.1,0.5,dRI,A0,dRI:A0,-0.2
B_attacker_costs,0.1,0.1,0.1,0.6,0.1,0.55,dRI,A0,dRI:A0,-0.2
B_attacker_costs,0.1,0.1,0.1,0.6,0.1,0.6,dRI,A0,dRI:A0,-0.2
B_attacker_costs,0.1,0.1,0.1,0.6,0.1,0.65,dRI,A0,dRI:A0,-0.2
B_attacker_costs,0.1,0.1,0.1,0.6,0.1,0.7,dRI,A0,dRI:A0,-0.2
B_attacker_costs,0.1,0.1,0.1,0.6,0.1,0.75,dRI,A0,dRI:A0,-0.2
B_attacker_costs,0.1,0.1,0.1,0.6,0.1,0.8,dRI,A0,dRI:A0,-0.2
B_attacker_costs,0.1,0.1,0.1,0.6,0.1,0.85,dRI,A0,dRI:A0,-0.2
B_attacker_costs,0.1,0.1,0.1,0.6,0.1,0.9,dRI,A0,dRI:A0,-0.2
B_attacker_costs,0.1,0.1,0.1,0.6,0.1,0.95,dRI,A0,dRI:A0,-0.2
B_attacker_costs,0.1,0.1,0.1,0.6,0.1,1.0,dRI,A0,dRI:A0,-0.2
B_attacker_costs,0.1,0.1,0.1,0.6,0.15,0.0,dRID,AD,dRID:AD,-0.49602
B_attacker_costs,0.1,0.1,0.1,0.6,0.15,0.05,dRID,AD,dRID:AD,-0.49602
B_attacker_costs,0.1,0.1,0.1,0.6,0.15,0.1,dRID,AD,dRID:AD,-0.49602
B_attacker_costs,0.1,0.1,0.1,0.6,0.15,0.15,dRID,AD,dRID:AD,-0.49602
B_attacker_costs,0.1,0.1,0.1,0.6,0.15,0.2,dRID,A0,dRID:A0,-0.30000000000000004
B_attacker_costs,0.1,0.1,0.1,0.6,0.15,0.25,dRID,A0,dRID:A0,-0.30000000000000004
B_attacker_costs,0.1,0.1,0.1,0.6,0.15,0.3,dRID,A0,dRID:A0,-0.30000000000000004
B_attacker_costs,0.1,0.1,0.1,0.6,0.15,0.35,dRID,A0,dRID:A0,-0.30000000000000004
B_attacker_costs,0.1,0.1,0.1,0.6,0.15,0.4,dRID,A0,dRID:A0,-0.30000000000000004
B_attacker_costs,0.1,0.1,0.1,0.6,0.15,0.45,dRI,A0,dRI:A0,-0.2
B_attacker_costs,0.1,0.1,0.1,0.6,0.15,0.5,dRI,A0,dRI:A0,-0.2
B_attacker_costs,0.1,0.1,0.1,0.6,0.15,0.55,dRI,A0,dRI:A0,-0.2
B_attacker_costs,0.1,0.1,0.1,0.6,0.15,0.6,dRI,A0,dRI:A0,-0.2
B_attacker_costs,0.1,0.1,0.1,0.6,0.15,0.65,dRI,A0,dRI:A0,-0.2
B_attacker_costs,0.1,0.1,0.1,0.6,0.15,0.7,dRI,A0,dRI:A0,-0.2
B_attacker_costs,0.1,0.1,0.1,0.6,0.15,0.75,dRI,A0,dRI:A0,-0.2
B_attacker_costs,0.1,0.1,0.1,0.6,0.15,0.8,dRI,A0,dRI:A0,-0.2
B_attacker_costs,0.1,0.1,0.1,0.6,0.15,0.85,dRI,A0,dRI:A0,-0.2
B_attacker_costs,0.1,0.1,0.1,0.6,0.15,0.9,dRI,A0,dRI:A0,-0.2
B_attacker_costs,0.1,0.1,0.1,0.6,0.15,0.95,dRI,A0,dRI:A0,-0.2
B_attacker_costs,0.1,0.1,0.1,0.6,0.15,1.0,dRI,A0,dRI:A0,-0.2
B_attacker_costs,0.1,0.1,0.1,0.6,0.2,0.0,dRID,AD,dRID:AD,-0.49602
B_attacker_costs,0.1,0.1,0.1,0.6,0.2,0.05,dRID,AD,dRID:AD,-0.49602
B_attacker_costs,0.1,0.1,0.1,0.6,0.2,0.1,dRID,AD,dRID:AD,-0.49602
B_attacker_costs,0.1,0.1,0.1,0.6,0.2,0.15,dRID,AD,dRID:AD,-0.49602
B_attacker_costs,0.1,0.1,0.1,0.6,0.2,0.2,dRID,A0,dRID:A0,-0.30000000000000004
B_attacker_costs,0.1,0.1,0.1,0.6,0.2,0.25,dRID,A0,dRID:A0,-0.30000000000000004
B_attacker_costs,0.1,0.1,0.1,0.6,0.2,0.3,dRID,A0,dRID:A0,-0.30000000000000004
B_attacker_costs,0.1,0.1,0.1,0.6,0.2,0.35,dRID,A0,dRID:A0,-0.30000000000000004
B_attacker_costs,0.1,0.1,0.1,0.6,0.2,0.4,dRID,A0,dRID:A0,-0.30000000000000004
B_attacker_costs,0.1,0.1,0.1,0.6,0.2,0.45,dRI,A0,dRI:A0,-0.2
B_attacker_costs,0.1,0.1,0.1,0.6,0.2,0.5,dRI,A0,dRI:A0,-0.2
B_attacker_costs,0.1,0.1,0.1,0.6,0.2,0.55,dRI,A0,dRI:A0,-0.2
B_attacker_costs,0.1,0.1,0.1,0.6,0.2,0.6,dRI,A0,dRI:A0,-0.2
B_attacker_costs,0.1,0.1,0.1,0.6,0.2,0.65,dRI,A0,dRI:A0,-0.2
B_attacker_costs,0.1,0.1,0.1,0.6,0.2,0.7,dRI,A0,dRI:A0,-0.2
B_attacker_costs,0.1,0.1,0.1,0.6,0.2,0.75,dRI,A0,dRI:A0,-0.2
B_attacker_costs,0.1,0.1,0.1,0.6,0.2,0.8,dRI,A0,dRI:A0,-0.2
B_attacker_costs,0.1,0.1,0.1,0.6,0.2,0.85,dRI,A0,dRI:A0,-0.2
B_attacker_costs,0.1,0.1,0.1,0.6,0.2,0.9,dRI,A0,dRI:A0,-0.2
B_attacker_costs,0.1,0.1,0.1,0.6,0.2,0.95,dRI,A0,dRI:A0,-0.2
B_attacker_costs,0.1,0.1,0.1,0.6,0.2,1.0,dRI,A0,dRI:A0,-0.2
B_attacker_costs,0.1,0.1,0.1,0.6,0.25,0.0,dRID,AD,dRID:AD,-0.49602
B_attacker_costs,0.1,0.1,0.1,0.6,0.25,0.05,dRID,AD,dRID:AD,-0.49602
B_attacker_costs,0.1,0.1,0.1,0.6,0.25,0.1,dRID,AD,dRID:AD,-0.49602
B_attacker_costs,0.1,0.1,0.1,0.6,0.25,0.15,dRID,AD,dRID:AD,-0.49602
B_attacker_costs,0.1,0.1,0.1,0.6,0.25,0.2,dRID,A0,dRID:A0,-0.30000000000000004
B_attacker_costs,0.1,0.1,0.1,0.6,0.25,0.25,dRID,A0,dRID:A0,-0.30000000000000004
B_attacker_costs,0.1,0.1,0.1,0.6,0.25,0.3,dRID,A0,dRID:A0,-0.30000000000000004
B_attacker_costs,0.1,0.1,0.1,0.6,0.25,0.35,dRID,A0,dRID:A0,-0.30000000000000004
B_attacker_costs,0.1,0.1,0.1,0.6,0.25,0.4,dRID,A0,dRID:A0,-0.30000000000000004
B_attacker_costs,0.1,0.1,0.1,0.6,0.25,0.45,dRI,A0,dRI:A0,-0.2
B_attacker_costs,0.1,0.1,0.1,0.6,0.25,0.5,dRI,A0,dRI:A0,-0.2
B_attacker_costs,0.1,0.1,0.1,0.6,0.25,0.55,dRI,A0,dRI:A0,-0.2
B_attacker_costs,0.1,0.1,0.1,0.6,0.25,0.6,dRI,A0,dRI:A0,-0.2
B_attacker_costs,0.1,0.1,0.1,0.6,0.25,0.65,dRI,A0,dRI:A0,-0.2
B_attacker_costs,0.1,0.1,0.1,0.6,0.25,0.7,dRI,A0,dRI:A0,-0.2
B_attacker_costs,0.1,0.1,0.1,0.6,0.25,0.75,dRI,A0,dRI:A0,-0.2
B_attacker_costs,0.1,0.1,0.1,0.6,0.25,0.8,dRI,A0,dRI:A0,-0.2
B_attacker_costs,0.1,0.1,0.1,0.6,0.25,0.85,dRI,A0,dRI:A0,-0.2
B_attacker_costs,0.1,0.1,0.1,0.6,0.25,0.9,dRI,A0,dRI:A0,-0.2
B_attacker_costs,0.1,0.1,0.1,0.6,0.25,0.95,dRI,A0,dRI:A0,-0.2
B_attacker_costs,0.1,0.1,0.1,0.6,0.25,1.0,dRI,A0,dRI:A0,-0.2
B_attacker_costs,0.1,0.1,0.1,0.6,0.3,0.0,dRID,AD,dRID:AD,-0.49602
B_attacker_costs,0.1,0.1,0.1,0.6,0.3,0.05,dRID,AD,dRID:AD,-0.49602
B_attacker_costs,0.1,0.1,0.1,0.6,0.3,0.1,dRID,AD,dRID:AD,-0.49602
B_attacker_costs,0.1,0.1,0.1,0.6,0.3,0.15,dRID,AD,dRID:AD,-0.49602
B_attacker_costs,0.1,0.1,0.1,0.6,0.3,0.2,dRID,A0,dRID:A0,-0.30000000000000004
B_attacker_costs,0.1,0.1,0.1,0.6,0.3,0.25,dRID,A0,dRID:A0,-0.30000000000000004
B_attacker_costs,0.1,0.1,0.1,0.6,0.3,0.3,dRID,A0,dRID:A0,-0.30000000000000004
B_attacker_costs,0.1,0.1,0.1,0.6,0.3,0.35,dRID,A0,dRID:A0,-0.30000000000000004
B_attacker_costs,0.1,0.1,0.1,0.6,0.3,0.4,dRID,A0,dRID:A0,-0.30000000000000004
B_attacker_costs,0.1,0.1,0.1,0.6,0.3,0.45,dRI,A0,dRI:A0,-0.2
B_attacker_costs,0.1,0.1,0.1,0.6,0.3,0.5,dRI,A0,dRI:A0,-0.2
B_attacker_costs,0.1,0.1,0.1,0.6,0.3,0.55,dRI,A0,dRI:A0,-0.2
B_attacker_costs,0.1,0.1,0.1,0.6,0.3,0.6,dRI,A0,dRI:A0,-0.2
B_attacker_costs,0.1,0.1,0.1,0.6,0.3,0.65,dRI,A0,dRI:A0,-0.2
B_attacker_costs,0.1,0.1,0.1,0.6,0.3,0.7,dRI,A0,dRI:A0,-0.2
B_attacker_costs,0.1,0.1,0.1,0.6,0.3,0.75,dRI,A0,dRI:A0,-0.2
B_attacker_costs,0.1,0.1,0.1,0.6,0.3,0.8,dRI,A0,dRI:A0,-0.2
B_attacker_costs,0.1,0.1,0.1,0.6,0.3,0.85,dRI,A0,dRI:A0,-0.2
B_attacker_costs,0.1,0.1,0.1,0.6,0.3,0.9,dRI,A0,dRI:A0,-0.2
B_attacker_costs,0.1,0.1,0.1,0.6,0.3,0.95,dRI,A0,dRI:A0,-0.2
B_attacker_costs,0.1,0.1,0.1,0.6,0.3,1.0,dRI,A0,dRI:A0,-0.2
B_attacker_costs,0.1,0.1,0.1,0.6,0.35,0.0,dRID,AD,dRID:AD,-0.49602
B_attacker_costs,0.1,0.1,0.1,0.6,0.35,0.05,dRID,AD,dRID:AD,-0.49602
B_attacker_costs,0.1,0.1,0.1,0.6,0.35,0.1,dRID,AD,dRID:AD,-0.49602
B_attacker_costs,0.1,0.1,0.1,0.6,0.35,0.15,dRID,AD,dRID:AD,-0.49602
B_attacker_costs,0.1,0.1,0.1,0.6,0.35,0.2,dRID,A0,dRID:A0,-0.30000000000000004
B_attacker_costs,0.1,0.1,0.1,0.6,0.35,0.25,dRID,A0,dRID:A0,-0.30000000000000004
B_attacker_costs,0.1,0.1,0.1,0.6,0.35,0.3,dRID,A0,dRID:A0,-0.30000000000000004
B_attacker_costs,0.1,0.1,0.1,0.6,0.35,0.35,dRID,A0,dRID:A0,-0.30000000000000004
B_attacker_costs,0.1,0.1,0.1,0.6,0.35,0.4,dRID,A0,dRID:A0,-0.30000000000000004
B_attacker_costs,0.1,0.1,0.1,0.6,0.35,0.45,dRI,A0,dRI:A0,-0.2
B_attacker_costs,0.1,0.1,0.1,0.6,0.35,0.5,dRI,A0,dRI:A0,-0.2
B_attacker_costs,0.1,0.1,0.1,0.6,0.35,0.55,dRI,A0,dRI:A0,-0.2
B_attacker_costs,0.1,0.1,0.1,0.6,0.35,0.6,dRI,A0,dRI:A0,-0.2
B_attacker_costs,0.1,0.1,0.1,0.6,0.35,0.65,dRI,A0,dRI:A0,-0.2
B_attacker_costs,0.1,0.1,0.1,0.6,0.35,0.7,dRI,A0,dRI:A0,-0.2
B_attacker_costs,0.1,0.1,0.1,0.6,0.35,0.75,dRI,A0,dRI:A0,-0.2
B_attacker_costs,0.1,0.1,0.1,0.6,0.35,0.8,dRI,A0,dRI:A0,-0.2
B_attacker_costs,0.1,0.1,0.1,0.6,0.35,0.85,dRI,A0,dRI:A0,-0.2
B_attacker_costs,0.1,0.1,0.1,0.6,0.35,0.9,dRI,A0,dRI:A0,-0.2
B_attacker_costs,0.1,0.1,0.1,0.6,0.35,0.95,dRI,A0,dRI:A0,-0.2
B_attacker_costs,0.1,0.1,0.1,0.6,0.35,1.0,dRI,A0,dRI:A0,-0.2
B_attacker_costs,0.1,0.1,0.1,0.6,0.4,0.0,dRID,AD,dRID:AD,-0.49602
B_attacker_costs,0.1,0.1,0.1,0.6,0.4,0.05,dRID,AD,dRID:AD,-0.49602
B_attacker_costs,0.1,0.1,0.1,0.6,0.4,0.1,dRID,AD,dRID:AD,-0.49602
B_attacker_costs,0.1,0.1,0.1,0.6,0.4,0.15,dRID,AD,dRID:AD,-0.49602
B_attacker_costs,0.1,0.1,0.1,0.6,0.4,0.2,dRID,A0,dRID:A0,-0.30000000000000004
B_attacker_costs,0.1,0.1,0.1,0.6,0.4,0.25,dRID,A0,dRID:A0,-0.30000000000000004
B_attacker_costs,0.1,0.1,0.1,0.6,0.4,0.3,dRID,A0,dRID:A0,-0.30000000000000004
B_attacker_costs,0.1,0.1,0.1,0.6,0.4,0.35,dRID,A0,dRID:A0,-0.30000000000000004
B_attacker_costs,0.1,0.1,0.1,0.6,0.4,0.4,dRID,A0,dRID:A0,-0.30000000000000004
B_attacker_costs,0.1,0.1,0.1,0.6,0.4,0.45,dRI,A0,dRI:A0,-0.2
B_attacker_costs,0.1,0.1,0.1,0.6,0.4,0.5,dRI,A0,dRI:A0,-0.2
B_attacker_costs,0.1,0.1,0.1,0.6,0.4,0.55,dRI,A0,dRI:A0,-0.2
B_attacker_costs,0.1,0.1,0.1,0.6,0.4,0.6,dRI,A0,dRI:A0,-0.2
B_attacker_costs,0.1,0.1,0.1,0.6,0.4,0.65,dRI,A0,dRI:A0,-0.2
B_attacker_costs,0.1,0.1,0.1,0.6,0.4,0.7,dRI,A0,dRI:A0,-0.2
B_attacker_costs,0.1,0.1,0.1,0.6,0.4,0.75,dRI,A0,dRI:A0,-0.2
B_attacker_costs,0.1,0.1,0.1,0.6,0.4,0.8,dRI,A0,dRI:A0,-0.2
B_attacker_costs,0.1,0.1,0.1,0.6,0.4,0.85,dRI,A0,dRI:A0,-0.2
B_attacker_costs,0.1,0.1,0.1,0.6,0.4,0.9,dRI,A0,dRI:A0,-0.2
B_attacker_costs,0.1,0.1,0.1,0.6,0.4,0.95,dRI,A0,dRI:A0,-0.2
B_attacker_costs,0.1,0.1,0.1,0.6,0.4,1.0,dRI,A0,dRI:A0,-0.2
B_attacker_costs,0.1,0.1,0.1,0.6,0.45,0.0,dRID,AD,dRID:AD,-0.49602
B_attacker_costs,0.1,0.1,0.1,0.6,0.45,0.05,dRID,AD,dRID:AD,-0.49602
B_attacker_costs,0.1,0.1,0.1,0.6,0.45,0.1,dRID,AD,dRID:AD,-0.49602
B_attacker_costs,0.1,0.1,0.1,0.6,0.45,0.15,dRID,AD,dRID:AD,-0.49602
B_attacker_costs,0.1,0.1,0.1,0.6,0.45,0.2,dRID,A0,dRID:A0,-0.30000000000000004
B_attacker_costs,0.1,0.1,0.1,0.6,0.45,0.25,dRID,A0,dRID:A0,-0.30000000000000004
B_attacker_costs,0.1,0.1,0.1,0.6,0.45,0.3,dRID,A0,dRID:A0,-0.30000000000000004
B_attacker_costs,0.1,0.1,0.1,0.6,0.45,0.35,dRID,A0,dRID:A0,-0.30000000000000004
B_attacker_costs,0.1,0.1,0.1,0.6,0.45,0.4,dRID,A0,dRID:A0,-0.30000000000000004
B_attacker_costs,0.1,0.1,0.1,0.6,0.45,0.45,dRI,A0,dRI:A0,-0.2
B_attacker_costs,0.1,0.1,0.1,0.6,0.45,0.5,dRI,A0,dRI:A0,-0.2
B_attacker_costs,0.1,0.1,0.1,0.6,0.45,0.55,dRI,A0,dRI:A0,-0.2
B_attacker_costs,0.1,0.1,0.1,0.6,0.45,0.6,dRI,A0,dRI:A0,-0.2
B_attacker_costs,0.1,0.1,0.1,0.6,0.45,0.65,dRI,A0,dRI:A0,-0.2
B_attacker_costs,0.1,0.1,0.1,0.6,0.45,0.7,dRI,A0,dRI:A0,-0.2
B_attacker_costs,0.1,0.1,0.1,0.6,0.45,0.75,dRI,A0,dRI:A0,-0.2
B_attacker_costs,0.1,0.1,0.1,0.6,0.45,0.8,dRI,A0,dRI:A0,-0.2
B_attacker_costs,0.1,0.1,0.1,0.6,0.45,0.85,dRI,A0,dRI:A0,-0.2
B_attacker_costs,0.1,0.1,0.1,0.6,0.45,0.9,dRI,A0,dRI:A0,-0.2
B_attacker_costs,0.1,0.1,0.1,0.6,0.45,0.95,dRI,A0,dRI:A0,-0.2
B_attacker_costs,0.1,0.1,0.1,0.6,0.45,1.0,dRI,A0,dRI:A0,-0.2
B_attacker_costs,0.1,0.1,0.1,0.6,0.5,0.0,dRID,AD,dRID:AD,-0.49602
B_attacker_costs,0.1,0.1,0.1,0.6,0.5,0.05,dRID,AD,dRID:AD,-0.49602
B_attacker_costs,0.1,0.1,0.1,0.6,0.5,0.1,dRID,AD,dRID:AD,-0.49602
B_attacker_costs,0.1,0.1,0.1,0.6,0.5,0.15,dRID,AD,dRID:AD,-0.49602
B_attacker_costs,0.1,0.1,0.1,0.6,0.5,0.2,dRID,A0,dRID:A0,-0.30000000000000004
B_attacker_costs,0.1,0.1,0.1,0.6,0.5,0.25,dRID,A0,dRID:A0,-0.30000000000000004
B_attacker_costs,0.1,0.1,0.1,0.6,0.5,0.3,dRID,A0,dRID:A0,-0.30000000000000004
B_attacker_costs,0.1,0.1,0.1,0.6,0.5,0.35,dRID,A0,dRID:A0,-0.30000000000000004
B_attacker_costs,0.1,0.1,0.1,0.6,0.5,0.4,dRID,A0,dRID:A0,-0.30000000000000004
B_attacker_costs,0.1,0.1,0.1,0.6,0.5,0.45,dRI,A0,dRI:A0,-0.2
B_attacker_costs,0.1,0.1,0.1,0.6,0.5,0.5,dRI,A0,dRI:A0,-0.2
B_attacker_costs,0.1,0.1,0.1,0.6,0.5,0.55,dRI,A0,dRI:A0,-0.2
B_attacker_costs,0.1,0.1,0.1,0.6,0.5,0.6,dRI,A0,dRI:A0,-0.2
B_attacker_costs,0.1,0.1,0.1,0.6,0.5,0.65,dRI,A0,dRI:A0,-0.2
B_attacker_costs,0.1,0.1,0.1,0.6,0.5,0.7,dRI,A0,dRI:A0,-0.2
B_attacker_costs,0.1,0.1,0.1,0.6,0.5,0.75,dRI,A0,dRI:A0,-0.2
B_attacker_costs,0.1,0.1,0.1,0.6,0.5,0.8,dRI,A0,dRI:A0,-0.2
B_attacker_costs,0.1,0.1,0.1,0.6,0.5,0.85,dRI,A0,dRI:A0,-0.2
B_attacker_costs,0.1,0.1,0.1,0.6,0.5,0.9,dRI,A0,dRI:A0,-0.2
B_attacker_costs,0.1,0.1,0.1,0.6,0.5,0.95,dRI,A0,dRI:A0,-0.2
B_attacker_costs,0.1,0.1,0.1,0.6,0.5,1.0,dRI,A0,dRI:A0,-0.2
B_attacker_costs,0.1,0.1,0.1,0.6,0.55,0.0,dRID,AD,dRID:AD,-0.49602
B_attacker_costs,0.1,0.1,0.1,0.6,0.55,0.05,dRID,AD,dRID:AD,-0.49602
B_attacker_costs,0.1,0.1,0.1,0.6,0.55,0.1,dRID,AD,dRID:AD,-0.49602
B_attacker_costs,0.1,0.1,0.1,0.6,0.55,0.15,dRID,AD,dRID:AD,-0.49602
B_attacker_costs,0.1,0.1,0.1,0.6,0.55,0.2,dRID,A0,dRID:A0,-0.30000000000000004
B_attacker_costs,0.1,0.1,0.1,0.6,0.55,0.25,dRID,A0,dRID:A0,-0.30000000000000004
B_attacker_costs,0.1,0.1,0.1,0.6,0.55,0.3,dRID,A0,dRID:A0,-0.30000000000000004
B_attacker_costs,0.1,0.1,0.1,0.6,0.55,0.35,dRID,A0,dRID:A0,-0.30000000000000004
B_attacker_costs,0.1,0.1,0.1,0.6,0.55,0.4,dRID,A0,dRID:A0,-0.30000000000000004
B_attacker_costs,0.1,0.1,0.1,0.6,0.55,0.45,dRI,A0,dRI:A0,-0.2
B_attacker_costs,0.1,0.1,0.1,0.6,0.55,0.5,dRI,A0,dRI:A0,-0.2
B_attacker_costs,0.1,0.1,0.1,0.6,0.55,0.55,dRI,A0,dRI:A0,-0.2
B_attacker_costs,0.1,0.1,0.1,0.6,0.55,0.6,dRI,A0,dRI:A0,-0.2
B_attacker_costs,0.1,0.1,0.1,0.6,0.55,0.65,dRI,A0,dRI:A0,-0.2
B_attacker_costs,0.1,0.1,0.1,0.6,0.55,0.7,dRI,A0,dRI:A0,-0.2
B_attacker_costs,0.1,0.1,0.1,0.6,0.55,0.75,dRI,A0,dRI:A0,-0.2
B_attacker_costs,0.1,0.1,0.1,0.6,0.55,0.8,dRI,A0,dRI:A0,-0.2
B_attacker_costs,0.1,0.1,0.1,0.6,0.55,0.85,dRI,A0,dRI:A0,-0.2
B_attacker_costs,0.1,0.1,0.1,0.6,0.55,0.9,dRI,A0,dRI:A0,-0.2
B_attacker_costs,0.1,0.1,0.1,0.6,0.55,0.95,dRI,A0,dRI:A0,-0.2
B_attacker_costs,0.1,0.1,0.1,0.6,0.55,1.0,dRI,A0,dRI:A0,-0.2
B_attacker_costs,0.1,0.1,0.1,0.6,0.6,0.0,d0,AD,d0:AD,-0.43377
B_attacker_costs,0.1,0.1,0.1,0.6,0.6,0.05,dRID,AD,dRID:AD,-0.49602
B_attacker_costs,0.1,0.1,0.1,0.6,0.6,0.1,dRID,AD,dRID:AD,-0.49602
B_attacker_costs,0.1,0.1,0.1,0.6,0.6,0.15,dRID,AD,dRID:AD,-0.49602
B_attacker_costs,0.1,0.1,0.1,0.6,0.6,0.2,dRID,A0,dRID:A0,-0.30000000000000004
B_attacker_costs,0.1,0.1,0.1,0.6,0.6,0.25,dRID,A0,dRID:A0,-0.30000000000000004
B_attacker_costs,0.1,0.1,0.1,0.6,0.6,0.3,dRID,A0,dRID:A0,-0.30000000000000004
B_attacker_costs,0.1,0.1,0.1,0.6,0.6,0.35,dRID,A0,dRID:A0,-0.30000000000000004
B_attacker_costs,0.1,0.1,0.1,0.6,0.6,0.4,dRID,A0,dRID:A0,-0.30000000000000004
B_attacker_costs,0.1,0.1,0.1,0.6,0.6,0.45,dRI,A0,dRI:A0,-0.2
B_attacker_costs,0.1,0.1,0.1,0.6,0.6,0.5,dRI,A0,dRI:A0,-0.2
B_attacker_costs,0.1,0.1,0.1,0.6,0.6,0.55,dRI,A0,dRI:A0,-0.2
B_attacker_costs,0.1,0.1,0.1,0.6,0.6,0.6,dRI,A0,dRI:A0,-0.2
B_attacker_costs,0.1,0.1,0.1,0.6,0.6,0.65,dRI,A0,dRI:A0,-0.2
B_attacker_costs,0.1,0.1,0.1,0.6,0.6,0.7,dRI,A0,dRI:A0,-0.2
B_attacker_costs,0.1,0.1,0.1,0.6,0.6,0.75,dRI,A0,dRI:A0,-0.2
B_attacker_costs,0.1,0.1,0.1,0.6,0.6,0.8,dRI,A0,dRI:A0,-0.2
B_attacker_costs,0.1,0.1,0.1,0.6,0.6,0.85,dRI,A0,dRI:A0,-0.2
B_attacker_costs,0.1,0.1,0.1,0.6,0.6,0.9,dRI,A0,dRI:A0,-0.2
B_attacker_costs,0.1,0.1,0.1,0.6,0.6,0.95,dRI,A0,dRI:A0,-0.2
B_attacker_costs,0.1,0.1,0.1,0.6,0.6,1.0,dRI,A0,dRI:A0,-0.2
B_attacker_costs,0.1,0.1,0.1,0.6,0.65,0.0,d0,AD,d0:AD,-0.43377
B_attacker_costs,0.1,0.1,0.1,0.6,0.65,0.05,dRID,AD,dRID:AD,-0.49602
B_attacker_costs,0.1,0.1,0.1,0.6,0.65,0.1,dRID,AD,dRID:AD,-0.49602
B_attacker_costs,0.1,0.1,0.1,0.6,0.65,0.15,dRID,AD,dRID:AD,-0.49602
B_attacker_costs,0.1,0.1,0.1,0.6,0.65,0.2,dRID,A0,dRID:A0,-0.30000000000000004
B_attacker_costs,0.1,0.1,0.1,0.6,0.65,0.25,dRID,A0,dRID:A0,-0.30000000000000004
B_attacker_costs,0.1,0.1,0.1,0.6,0.65,0.3,dRID,A0,dRID:A0,-0.30000000000000004
B_attacker_costs,0.1,0.1,0.1,0.6,0.65,0.35,dRID,A0,dRID:A0,-0.30000000000000004
B_attacker_costs,0.1,0.1,0.1,0.6,0.65,0.4,dRID,A0,dRID:A0,-0.30000000000000004
B_attacker_costs,0.1,0.1,0.1,0.6,0.65,0.45,dRI,A0,dRI:A0,-0.2
B_attacker_costs,0.1,0.1,0.1,0.6,0.65,0.5,dRI,A0,dRI:A0,-0.2
B_attacker_costs,0.1,0.1,0.1,0.6,0.65,0.55,dRI,A0,dRI:A0,-0.2
B_attacker_costs,0.1,0.1,0.1,0.6,0.65,0.6,dRI,A0,dRI:A0,-0.2
B_attacker_costs,0.1,0.1,0.1,0.6,0.65,0.65,dRI,A0,dRI:A0,-0.2
B_attacker_costs,0.1,0.1,0.1,0.6,0.65,0.7,dRI,A0,dRI:A0,-0.2
B_attacker_costs,0.1,0.1,0.1,0.6,0.65,0.75,dRI,A0,dRI:A0,-0.2
B_attacker_costs,0.1,0.1,0.1,0.6,0.65,0.8,dRI,A0,dRI:A0,-0.2
B_attacker_costs,0.1,0.1,0.1,0.6,0.65,0.85,dRI,A0,dRI:A0,-0.2
B_attacker_costs,0.1,0.1,0.1,0.6,0.65,0.9,dRI,A0,dRI:A0,-0.2
B_attacker_costs,0.1,0.1,0.1,0.6,0.65,0.95,dRI,A0,dRI:A0,-0.2
B_attacker_costs,0.1,0.1,0.1,0.6,0.65,1.0,dRI,A0,dRI:A0,-0.2
B_attacker_costs,0.1,0.1,0.1,0.6,0.7,0.0,d0,AD,d0:AD,-0.43377
B_attacker_costs,0.1,0.1,0.1,0.6,0.7,0.05,dRID,AD,dRID:AD,-0.49602
B_attacker_costs,0.1,0.1,0.1,0.6,0.7,0.1,dRID,AD,dRID:AD,-0.49602
B_attacker_costs,0.1,0.1,0.1,0.6,0.7,0.15,dRID,AD,dRID:AD,-0.49602
B_attacker_costs,0.1,0.1,0.1,0.6,0.7,0.2,dRID,A0,dRID:A0,-0.30000000000000004
B_attacker_costs,0.1,0.1,0.1,0.6,0.7,0.25,dRID,A0,dRID:A0,-0.30000000000000004
B_attacker_costs,0.1,0.1,0.1,0.6,0.7,0.3,dRID,A0,dRID:A0,-0.30000000000000004
B_attacker_costs,0.1,0.1,0.1,0.6,0.7,0.35,dRID,A0,dRID:A0,-0.30000000000000004
B_attacker_costs,0.1,0.1,0.1,0.6,0.7,0.4,dRID,A0,dRID:A0,-0.30000000000000004
B_attacker_costs,0.1,0.1,0.1,0.6,0.7,0.45,dRI,A0,dRI:A0,-0.2
B_attacker_costs,0.1,0.1,0.1,0.6,0.7,0.5,dRI,A0,dRI:A0,-0.2
B_attacker_costs,0.1,0.1,0.1,0.6,0.7,0.55,dRI,A0,dRI:A0,-0.2
B_attacker_costs,0.1,0.1,0.1,0.6,0.7,0.6,dRI,A0,dRI:A0,-0.2
B_attacker_costs,0.1,0.1,0.1,0.6,0.7,0.65,dRI,A0,dRI:A0,-0.2
B_attacker_costs,0.1,0.1,0.1,0.6,0.7,0.7,dRI,A0,dRI:A0,-0.2
B_attacker_costs,0.1,0.1,0.1,0.6,0.7,0.75,dRI,A0,dRI:A0,-0.2
B_attacker_costs,0.1,0.1,0.1,0.6,0.7,0.8,dRI,A0,dRI:A0,-0.2
B_attacker_costs,0.1,0.1,0.1,0.6,0.7,0.85,dRI,A0,dRI:A0,-0.2
B_attacker_costs,0.1,0.1,0.1,0.6,0.7,0.9,dRI,A0,dRI:A0,-0.2
B_attacker_costs,0.1,0.1,0.1,0.6,0.7,0.95,dRI,A0,dRI:A0,-0.2
B_attacker_costs,0.1,0.1,0.1,0.6,0.7,1.0,dRI,A0,dRI:A0,-0.2
B_attacker_costs,0.1,0.1,0.1,0.6,0.75,0.0,d0,AD,d0:AD,-0.43377
B_attacker_costs,0.1,0.1,0.1,0.6,0.75,0.05,dRID,AD,dRID:AD,-0.49602
B_attacker_costs,0.1,0.1,0.1,0.6,0.75,0.1,dRID,AD,dRID:AD,-0.49602
B_attacker_costs,0.1,0.1,0.1,0.6,0.75,0.15,dRID,AD,dRID:AD,-0.49602
B_attacker_costs,0.1,0.1,0.1,0.6,0.75,0.2,dRID,A0,dRID:A0,-0.30000000000000004
B_attacker_costs,0.1,0.1,0.1,0.6,0.75,0.25,dRID,A0,dRID:A0,-0.30000000000000004
B_attacker_costs,0.1,0.1,0.1,0.6,0.75,0.3,dRID,A0,dRID:A0,-0.30000000000000004
B_attacker_costs,0.1,0.1,0.1,0.6,0.75,0.35,dRID,A0,dRID:A0,-0.30000000000000004
B_attacker_costs,0.1,0.1,0.1,0.6,0.75,0.4,dRID,A0,dRID:A0,-0.30000000000000004
B_attacker_costs,0.1,0.1,0.1,0.6,0.75,0.45,dRI,A0,dRI:A0,-0.2
B_attacker_costs,0.1,0.1,0.1,0.6,0.75,0.5,dRI,A0,dRI:A0,-0.2
B_attacker_costs,0.1,0.1,0.1,0.6,0.75,0.55,dRI,A0,dRI:A0,-0.2
B_attacker_costs,0.1,0.1,0.1,0.6,0.75,0.6,dRI,A0,dRI:A0,-0.2
B_attacker_costs,0.1,0.1,0.1,0.6,0.75,0.65,dRI,A0,dRI:A0,-0.2
B_attacker_costs,0.1,0.1,0.1,0.6,0.75,0.7,dRI,A0,dRI:A0,-0.2
B_attacker_costs,0.1,0.1,0.1,0.6,0.75,0.75,dRI,A0,dRI:A0,-0.2
B_attacker_costs,0.1,0.1,0.1,0.6,0.75,0.8,dRI,A0,dRI:A0,-0.2
B_attacker_costs,0.1,0.1,0.1,0.6,0.75,0.85,dRI,A0,dRI:A0,-0.2
B_attacker_costs,0.1,0.1,0.1,0.6,0.75,0.9,dRI,A0,dRI:A0,-0.2
B_attacker_costs,0.1,0.1,0.1,0.6,0.75,0.95,dRI,A0,dRI:A0,-0.2
B_attacker_costs,0.1,0.1,0.1,0.6,0.75,1.0,dRI,A0,dRI:A0,-0.2
B_attacker_costs,0.1,0.1,0.1,0.6,0.8,0.0,d0,AD,d0:AD,-0.43377
B_attacker_costs,0.1,0.1,0.1,0.6,0.8,0.05,dRID,AD,dRID:AD,-0.49602
B_attacker_costs,0.1,0.1,0.1,0.6,0.8,0.1,dRID,AD,dRID:AD,-0.49602
B_attacker_costs,0.1,0.1,0.1,0.6,0.8,0.15,dRID,AD,dRID:AD,-0.49602
B_attacker_costs,0.1,0.1,0.1,0.6,0.8,0.2,dRID,A0,dRID:A0,-0.30000000000000004
B_attacker_costs,0.1,0.1,0.1,0.6,0.8,0.25,dRID,A0,dRID:A0,-0.30000000000000004
B_attacker_costs,0.1,0.1,0.1,0.6,0.8,0.3,dRID,A0,dRID:A0,-0.30000000000000004
B_attacker_costs,0.1,0.1,0.1,0.6,0.8,0.35,dRID,A0,dRID:A0,-0.30000000000000004
B_attacker_costs,0.1,0.1,0.1,0.6,0.8,0.4,dRID,A0,dRID:A0,-0.30000000000000004
B_attacker_costs,0.1,0.1,0.1,0.6,0.8,0.45,dRI,A0,dRI:A0,-0.2
B_attacker_costs,0.1,0.1,0.1,0.6,0.8,0.5,dRI,A0,dRI:A0,-0.2
B_attacker_costs,0.1,0.1,0.1,0.6,0.8,0.55,dRI,A0,dRI:A0,-0.2
B_attacker_costs,0.1,0.1,0.1,0.6,0.8,0.6,dRI,A0,dRI:A0,-0.2
B_attacker_costs,0.1,0.1,0.1,0.6,0.8,0.65,dRI,A0,dRI:A0,-0.2
B_attacker_costs,0.1,0.1,0.1,0.6,0.8,0.7,dRI,A0,dRI:A0,-0.2
B_attacker_costs,0.1,0.1,0.1,0.6,0.8,0.75,dRI,A0,dRI:A0,-0.2
B_attacker_costs,0.1,0.1,0.1,0.6,0.8,0.8,dRI,A0,dRI:A0,-0.2
B_attacker_costs,0.1,0.1,0.1,0.6,0.8,0.85,dRI,A0,dRI:A0,-0.2
B_attacker_costs,0.1,0.1,0.1,0.6,0.8,0.9,dRI,A0,dRI:A0,-0.2
B_attacker_costs,0.1,0.1,0.1,0.6,0.8,0.95,dRI,A0,dRI:A0,-0.2
B_attacker_costs,0.1,0.1,0.1,0.6,0.8,1.0,dRI,A0,dRI:A0,-0.2
B_attacker_costs,0.1,0.1,0.1,0.6,0.85,0.0,dRD,AD,dRD:AD,-0.39602000000000004
B_attacker_costs,0.1,0.1,0.1,0.6,0.85,0.05,dRID,AD,dRID:AD,-0.49602
B_attacker_costs,0.1,0.1,0.1,0.6,0.85,0.1,dRID,AD,dRID:AD,-0.49602
B_attacker_costs,0.1,0.1,0.1,0.6,0.85,0.15,dRID,AD,dRID:AD,-0.49602
B_attacker_costs,0.1,0.1,0.1,0.6,0.85,0.2,dRID,A0,dRID:A0,-0.30000000000000004
B_attacker_costs,0.1,0.1,0.1,0.6,0.85,0.25,dRID,A0,dRID:A0,-0.30000000000000004
B_attacker_costs,0.1,0.1,0.1,0.6,0.85,0.3,dRID,A0,dRID:A0,-0.30000000000000004
B_attacker_costs,0.1,0.1,0.1,0.6,0.85,0.35,dRID,A0,dRID:A0,-0.30000000000000004
B_attacker_costs,0.1,0.1,0.1,0.6,0.85,0.4,dRID,A0,dRID:A0,-0.30000000000000004
B_attacker_costs,0.1,0.1,0.1,0.6,0.85,0.45,dRI,A0,dRI:A0,-0.2
B_attacker_costs,0.1,0.1,0.1,0.6,0.85,0.5,dRI,A0,dRI:A0,-0.2
B_attacker_costs,0.1,0.1,0.1,0.6,0.85,0.55,dRI,A0,dRI:A0,-0.2
B_attacker_costs,0.1,0.1,0.1,0.6,0.85,0.6,dRI,A0,dRI:A0,-0.2
B_attacker_costs,0.1,0.1,0.1,0.6,0.85,0.65,dRI,A0,dRI:A0,-0.2
B_attacker_costs,0.1,0.1,0.1,0.6,0.85,0.7,dRI,A0,dRI:A0,-0.2
B_attacker_costs,0.1,0.1,0.1,0.6,0.85,0.75,dRI,A0,dRI:A0,-0.2
B_attacker_costs,0.1,0.1,0.1,0.6,0.85,0.8,dRI,A0,dRI:A0,-0.2
B_attacker_costs,0.1,0.1,0.1,0.6,0.85,0.85,dRI,A0,dRI:A0,-0.2
B_attacker_costs,0.1,0.1,0.1,0.6,0.85,0.9,dRI,A0,dRI:A0,-0.2
B_attacker_costs,0.1,0.1,0.1,0.6,0.85,0.95,dRI,A0,dRI:A0,-0.2
B_attacker_costs,0.1,0.1,0.1,0.6,0.85,1.0,dRI,A0,dRI:A0,-0.2
B_attacker_costs,0.1,0.1,0.1,0.6,0.9,0.0,dRD,AD,dRD:AD,-0.39602000000000004
B_attacker_costs,0.1,0.1,0.1,0.6,0.9,0.05,dRD,AD,dRD:AD,-0.39602000000000004
B_attacker_costs,0.1,0.1,0.1,0.6,0.9,0.1,dRID,AD,dRID:AD,-0.49602
B_attacker_costs,0.1,0.1,0.1,0.6,0.9,0.15,dRID,AD,dRID:AD,-0.49602
B_attacker_costs,0.1,0.1,0.1,0.6,0.9,0.2,dRID,A0,dRID:A0,-0.30000000000000004
B_attacker_costs,0.1,0.1,0.1,0.6,0.9,0.25,dRID,A0,dRID:A0,-0.30000000000000004
B_attacker_costs,0.1,0.1,0.1,0.6,0.9,0.3,dRID,A0,dRID:A0,-0.30000000000000004
B_attacker_costs,0.1,0.1,0.1,0.6,0.9,0.35,dRID,A0,dRID:A0,-0.30000000000000004
B_attacker_costs,0.1,0.1,0.1,0.6,0.9,0.4,dRID,A0,dRID:A0,-0.30000000000000004
B_attacker_costs,0.1,0.1,0.1,0.6,0.9,0.45,dRI,A0,dRI:A0,-0.2
B_attacker_costs,0.1,0.1,0.1,0.6,0.9,0.5,dRI,A0,dRI:A0,-0.2
B_attacker_costs,0.1,0.1,0.1,0.6,0.9,0.55,dRI,A0,dRI:A0,-0.2
B_attacker_costs,0.1,0.1,0.1,0.6,0.9,0.6,dRI,A0,dRI:A0,-0.2
B_attacker_costs,0.1,0.1,0.1,0.6,0.9,0.65,dRI,A0,dRI:A0,-0.2
B_attacker_costs,0.1,0.1,0.1,0.6,0.9,0.7,dRI,A0,dRI:A0,-0.2
B_attacker_costs,0.1,0.1,0.1,0.6,0.9,0.75,dRI,A0,dRI:A0,-0.2
B_attacker_costs,0.1,0.1,0.1,0.6,0.9,0.8,dRI,A0,dRI:A0,-0.2
B_attacker_costs,0.1,0.1,0.1,0.6,0.9,0.85,dRI,A0,dRI:A0,-0.2
B_attacker_costs,0.1,0.1,0.1,0.6,0.9,0.9,dRI,A0,dRI:A0,-0.2
B_attacker_costs,0.1,0.1,0.1,0.6,0.9,0.95,dRI,A0,dRI:A0,-0.2
B_attacker_costs,0.1,0.1,0.1,0.6,0.9,1.0,dRI,A0,dRI:A0,-0.2
B_attacker_costs,0.1,0.1,0.1,0.6,0.95,0.0,dRD,AD,dRD:AD,-0.39602000000000004
B_attacker_costs,0.1,0.1,0.1,0.6,0.95,0.05,dRD,AD,dRD:AD,-0.39602000000000004
B_attacker_costs,0.1,0.1,0.1,0.6,0.95,0.1,dRD,AD,dRD:AD,-0.39602000000000004
B_attacker_costs,0.1,0.1,0.1,0.6,0.95,0.15,dRID,AD,dRID:AD,-0.49602
B_attacker_costs,0.1,0.1,0.1,0.6,0.95,0.2,dRID,A0,dRID:A0,-0.30000000000000004
B_attacker_costs,0.1,0.1,0.1,0.6,0.95,0.25,dRID,A0,dRID:A0,-0.30000000000000004
B_attacker_costs,0.1,0.1,0.1,0.6,0.95,0.3,dRID,A0,dRID:A0,-0.30000000000000004
B_attacker_costs,0.1,0.1,0.1,0.6,0.95,0.35,dRID,A0,dRID:A0,-0.30000000000000004
B_attacker_costs,0.1,0.1,0.1,0.6,0.95,0.4,dRID,A0,dRID:A0,-0.30000000000000004
B_attacker_costs,0.1,0.1,0.1,0.6,0.95,0.45,dRI,A0,dRI:A0,-0.2
B_attacker_costs,0.1,0.1,0.1,0.6,0.95,0.5,dRI,A0,dRI:A0,-0.2
B_attacker_costs,0.1,0.1,0.1,0.6,0.95,0.55,dRI,A0,dRI:A0,-0.2
B_attacker_costs,0.1,0.1,0.1,0.6,0.95,0.6,dRI,A0,dRI:A0,-0.2
B_attacker_costs,0.1,0.1,0.1,0.6,0.95,0.65,dRI,A0,dRI:A0,-0.2
B_attacker_costs,0.1,0.1,0.1,0.6,0.95,0.7,dRI,A0,dRI:A0,-0.2
B_attacker_costs,0.1,0.1,0.1,0.6,0.95,0.75,dRI,A0,dRI:A0,-0.2
B_attacker_costs,0.1,0.1,0.1,0.6,0.95,0.8,dRI,A0,dRI:A0,-0.2
B_attacker_costs,0.1,0.1,0.1,0.6,0.95,0.85,dRI,A0,dRI:A0,-0.2
B_attacker_costs,0.1,0.1,0.1,0.6,0.95,0.9,dRI,A0,dRI:A0,-0.2
B_attacker_costs,0.1,0.1,0.1,0.6,0.95,0.95,dRI,A0,dRI:A0,-0.2
B_attacker_costs,0.1,0.1,0.1,0.6,0.95,1.0,dRI,A0,dRI:A0,-0.2
B_attacker_costs,0.1,0.1,0.1,0.6,1.0,0.0,dRD,AD,dRD:AD,-0.39602000000000004
B_attacker_costs,0.1,0.1,0.1,0.6,1.0,0.05,dRD,AD,dRD:AD,-0.39602000000000004
B_attacker_costs,0.1,0.1,0.1,0.6,1.0,0.1,dRD,AD,dRD:AD,-0.39602000000000004
B_attacker_costs,0.1,0.1,0.1,0.6,1.0,0.15,dRD,AD,dRD:AD,-0.39602000000000004
B_attacker_costs,0.1,0.1,0.1,0.6,1.0,0.2,dRD,A0,dRD:A0,-0.2
B_attacker_costs,0.1,0.1,0.1,0.6,1.0,0.25,dRD,A0,dRD:A0,-0.2
B_attacker_costs,0.1,0.1,0.1,0.6,1.0,0.3,dRD,A0,dRD:A0,-0.2
B_attacker_costs,0.1,0.1,0.1,0.6,1.0,0.35,dRD,A0,dRD:A0,-0.2
B_attacker_costs,0.1,0.1,0.1,0.6,1.0,0.4,dRD,A0,dRD:A0,-0.2
B_attacker_costs,0.1,0.1,0.1,0.6,1.0,0.45,dR,A0,dR:A0,-0.1
B_attacker_costs,0.1,0.1,0.1,0.6,1.0,0.5,dR,A0,dR:A0,-0.1
B_attacker_costs,0.1,0.1,0.1,0.6,1.0,0.55,dR,A0,dR:A0,-0.1
B_attacker_costs,0.1,0.1,0.1,0.6,1.0,0.6,dR,A0,dR:A0,-0.1
B_attacker_costs,0.1,0.1,0.1,0.6,1.0,0.65,dR,A0,dR:A0,-0.1
B_attacker_costs,0.1,0.1,0.1,0.6,1.0,0.7,dR,A0,dR:A0,-0.1
B_attacker_costs,0.1,0.1,0.1,0.6,1.0,0.75,dR,A0,dR:A0,-0.1
B_attacker_costs,0.1,0.1,0.1,0.6,1.0,0.8,dR,A0,dR:A0,-0.1
B_attacker_costs,0.1,0.1,0.1,0.6,1.0,0.85,dR,A0,dR:A0,-0.1
B_attacker_costs,0.1,0.1,0.1,0.6,1.0,0.9,dR,A0,dR:A0,-0.1
B_attacker_costs,0.1,0.1,0.1,0.6,1.0,0.95,dR,A0,dR:A0,-0.1
B_attacker_costs,0.1,0.1,0.1,0.6,1.0,1.0,dR,A0,dR:A0,-0.1
B_attacker_costs,0.1,0.1,0.1,0.65,0.0,0.0,dRID,AD,dRID:AD,-0.49602
B_attacker_costs,0.1,0.1,0.1,0.65,0.0,0.05,dRID,AD,dRID:AD,-0.49602
B_attacker_costs,0.1,0.1,0.1,0.65,0.0,0.1,dRID,AD,dRID:AD,-0.49602
B_attacker_costs,0.1,0.1,0.1,0.65,0.0,0.15,dRID,AD,dRID:AD,-0.49602
B_attacker_costs,0.1,0.1,0.1,0.65,0.0,0.2,dRID,AI,dRID:AI,-0.30000000000000004
B_attacker_costs,0.1,0.1,0.1,0.65,0.0,0.25,dRID,AI,dRID:AI,-0.30000000000000004
B_attacker_costs,0.1,0.1,0.1,0.65,0.0,0.3,dRID,AI,dRID:AI,-0.30000000000000004
B_attacker_costs,0.1,0.1,0.1,0.65,0.0,0.35,dRID,AI,dRID:AI,-0.30000000000000004
B_attacker_costs,0.1,0.1,0.1,0.65,0.0,0.4,dRID,AI,dRID:AI,-0.30000000000000004
B_attacker_costs,0.1,0.1,0.1,0.65,0.0,0.45,dRI,AI,dRI:AI,-0.2
B_attacker_costs,0.1,0.1,0.1,0.65,0.0,0.5,dRI,AI,dRI:AI,-0.2
B_attacker_costs,0.1,0.1,0.1,0.65,0.0,0.55,dRI,AI,dRI:AI,-0.2
B_attacker_costs,0.1,0.1,0.1,0.65,0.0,0.6,dRI,AI,dRI:AI,-0.2
B_attacker_costs,0.1,0.1,0.1,0.65,0.0,0.65,dRI,AI,dRI:AI,-0.2
B_attacker_costs,0.1,0.1,0.1,0.65,0.0,0.7,dRI,AI,dRI:AI,-0.2
B_attacker_costs,0.1,0.1,0.1,0.65,0.0,0.75,dRI,AI,dRI:AI,-0.2
B_attacker_costs,0.1,0.1,0.1,0.65,0.0,0.8,dRI,AI,dRI:AI,-0.2
B_attacker_costs,0.1,0.1,0.1,0.65,0.0,0.85,dRI,AI,dRI:AI,-0.2
B_attacker_costs,0.1,0.1,0.1,0.65,0.0,0.9,dRI,AI,dRI:AI,-0.2
B_attacker_costs,0.1,0.1,0.1,0.65,0.0,0.95,dRI,AI,dRI:AI,-0.2
B_attacker_costs,0.1,0.1,0.1,0.65,0.0,1.0,dRI,AI,dRI:AI,-0.2
B_attacker_costs,0.1,0.1,0.1,0.65,0.05,0.0,dRID,AD,dRID:AD,-0.49602
B_attacker_costs,0.1,0.1,0.1,0.65,0.05,0.05,dRID,AD,dRID:AD,-0.49602
B_attacker_costs,0.1,0.1,0.1,0.65,0.05,0.1,dRID,AD,dRID:AD,-0.49602
B_attacker_costs,0.1,0.1,0.1,0.65,0.05,0.15,dRID,AD,dRID:AD,-0.49602
B_attacker_costs,0.1,0.1,0.1,0.65,0.05,0.2,dRID,A0,dRID:A0,-0.30000000000000004
B_attacker_costs,0.1,0.1,0.1,0.65,0.05,0.25,dRID,A0,dRID:A0,-0.30000000000000004
B_attacker_costs,0.1,0.1,0.1,0.65,0.05,0.3,dRID,A0,dRID:A0,-0.30000000000000004
B_attacker_costs,0.1,0.1,0.1,0.65,0.05,0.35,dRID,A0,dRID:A0,-0.30000000000000004
B_attacker_costs,0.1,0.1,0.1,0.65,0.05,0.4,dRID,A0,dRID:A0,-0.30000000000000004
B_attacker_costs,0.1,0.1,0.1,0.65,0.05,0.45,dRI,A0,dRI:A0,-0.2
B_attacker_costs,0.1,0.1,0.1,0.65,0.05,0.5,dRI,A0,dRI:A0,-0.2
B_attacker_costs,0.1,0.1,0.1,0.65,0.05,0.55,dRI,A0,dRI:A0,-0.2
B_attacker_costs,0.1,0.1,0.1,0.65,0.05,0.6,dRI,A0,dRI:A0,-0.2
B_attacker_costs,0.1,0.1,0.1,0.65,0.05,0.65,dRI,A0,dRI:A0,-0.2
B_attacker_costs,0.1,0.1,0.1,0.65,0.05,0.7,dRI,A0,dRI:A0,-0.2
B_attacker_costs,0.1,0.1,0.1,0.65,0.05,0.75,dRI,A0,dRI:A0,-0.2
B_attacker_costs,0.1,0.1,0.1,0.65,0.05,0.8,dRI,A0,dRI:A0,-0.2
B_attacker_costs,0.1,0.1,0.1,0.65,0.05,0.85,dRI,A0,dRI:A0,-0.2
B_attacker_costs,0.1,0.1,0.1,0.65,0.05,0.9,dRI,A0,dRI:A0,-0.2
B_attacker_costs,0.1,0.1,0.1,0.65,0.05,0.95,dRI,A0,dRI:A0,-0.2
B_attacker_costs,0.1,0.1,0.1,0.65,0.05,1.0,dRI,A0,dRI:A0,-0.2
B_attacker_costs,0.1,0.1,0.1,0.65,0.1,0.0,dRID,AD,dRID:AD,-0.49602
B_attacker_costs,0.1,0.1,0.1,0.65,0.1,0.05,dRID,AD,dRID:AD,-0.49602
B_attacker_costs,0.1,0.1,0.1,0.65,0.1,0.1,dRID,AD,dRID:AD,-0.49602
B_attacker_costs,0.1,0.1,0.1,0.65,0.1,0.15,dRID,AD,dRID:AD,-0.49602
B_attacker_costs,0.1,0.1,0.1,0.65,0.1,0.2,dRID,A0,dRID:A0,-0.30000000000000004
B_attacker_costs,0.1,0.1,0.1,0.65,0.1,0.25,dRID,A0,dRID:A0,-0.30000000000000004
B_attacker_costs,0.1,0.1,0.1,0.65,0.1,0.3,dRID,A0,dRID:A0,-0.30000000000000004
B_attacker_costs,0.1,0.1,0.1,0.65,0.1,0.35,dRID,A0,dRID:A0,-0.30000000000000004
B_attacker_costs,0.1,0.1,0.1,0.65,0.1,0.4,dRID,A0,dRID:A0,-0.30000000000000004
B_attacker_costs,0.1,0.1,0.1,0.65,0.1,0.45,dRI,A0,dRI:A0,-0.2
B_attacker_costs,0.1,0.1,0.1,0.65,0.1,0.5,dRI,A0,dRI:A0,-0.2
B_attacker_costs,0.1,0.1,0.1,0.65,0.1,0.55,dRI,A0,dRI:A0,-0.2
B_attacker_costs,0.1,0.1,0.1,0.65,0.1,0.6,dRI,A0,dRI:A0,-0.2
B_attacker_costs,0.1,0.1,0.1,0.65,0.1,0.65,dRI,A0,dRI:A0,-0.2
B_attacker_costs,0.1,0.1,0.1,0.65,0.1,0.7,dRI,A0,dRI:A0,-0.2
B_attacker_costs,0.1,0.1,0.1,0.65,0.1,0.75,dRI,A0,dRI:A0,-0.2
B_attacker_costs,0.1,0.1,0.1,0.65,0.1,0.8,dRI,A0,dRI:A0,-0.2
B_attacker_costs,0.1,0.1,0.1,0.65,0.1,0.85,dRI,A0,dRI:A0,-0.2
B_attacker_costs,0.1,0.1,0.1,0.65,0.1,0.9,dRI,A0,dRI:A0,-0.2
B_attacker_costs,0.1,0.1,0.1,0.65,0.1,0.95,dRI,A0,dRI:A0,-0.2
B_attacker_costs,0.1,0.1,0.1,0.65,0.1,1.0,dRI,A0,dRI:A0,-0.2
B_attacker_costs,0.1,0.1,0.1,0.65,0.15,0.0,dRID,AD,dRID:AD,-0.49602
B_attacker_costs,0.1,0.1,0.1,0.65,0.15,0.05,dRID,AD,dRID:AD,-0.49602
B_attacker_costs,0.1,0.1,0.1,0.65,0.15,0.1,dRID,AD,dRID:AD,-0.49602
B_attacker_costs,0.1,0.1,0.1,0.65,0.15,0.15,dRID,AD,dRID:AD,-0.49602
B_attacker_costs,0.1,0.1,0.1,0.65,0.15,0.2,dRID,A0,dRID:A0,-0.30000000000000004
B_attacker_costs,0.1,0.1,0.1,0.65,0.15,0.25,dRID,A0,dRID:A0,-0.30000000000000004
B_attacker_costs,0.1,0.1,0.1,0.65,0.15,0.3,dRID,A0,dRID:A0,-0.30000000000000004
B_attacker_costs,0.1,0.1,0.1,0.65,0.15,0.35,dRID,A0,dRID:A0,-0.30000000000000004
B_attacker_costs,0.1,0.1,0.1,0.65,0.15,0.4,dRID,A0,dRID:A0,-0.30000000000000004
B_attacker_costs,0.1,0.1,0.1,0.65,0.15,0.45,dRI,A0,dRI:A0,-0.2
B_attacker_costs,0.1,0.1,0.1,0.65,0.15,0.5,dRI,A0,dRI:A0,-0.2
B_attacker_costs,0.1,0.1,0.1,0.65,0.15,0.55,dRI,A0,dRI:A0,-0.2
B_attacker_costs,0.1,0.1,0.1,0.65,0.15,0.6,dRI,A0,dRI:A0,-0.2
B_attacker_costs,0.1,0.1,0.1,0.65,0.15,0.65,dRI,A0,dRI:A0,-0.2
B_attacker_costs,0.1,0.1,0.1,0.65,0.15,0.7,dRI,A0,dRI:A0,-0.2
B_attacker_costs,0.1,0.1,0.1,0.65,0.15,0.75,dRI,A0,dRI:A0,-0.2
B_attacker_costs,0.1,0.1,0.1,0.65,0.15,0.8,dRI,A0,dRI:A0,-0.2
B_attacker_costs,0.1,0.1,0.1,0.65,0.15,0.85,dRI,A0,dRI:A0,-0.2
B_attacker_costs,0.1,0.1,0.1,0.65,0.15,0.9,dRI,A0,dRI:A0,-0.2
B_attacker_costs,0.1,0.1,0.1,0.65,0.15,0.95,dRI,A0,dRI:A0,-0.2
B_attacker_costs,0.1,0.1,0.1,0.65,0.15,1.0,dRI,A0,dRI:A0,-0.2
B_attacker_costs,0.1,0.1,0.1,0.65,0.2,0.0,dRID,AD,dRID:AD,-0.49602
B_attacker_costs,0.1,0.1,0.1,0.65,0.2,0.05,dRID,AD,dRID:AD,-0.49602
B_attacker_costs,0.1,0.1,0.1,0.65,0.2,0.1,dRID,AD,dRID:AD,-0.49602
B_attacker_costs,0.1,0.1,0.1,0.65,0.2,0.15,dRID,AD,dRID:AD,-0.49602
B_attacker_costs,0.1,0.1,0.1,0.65,0.2,0.2,dRID,A0,dRID:A0,-0.30000000000000004
B_attacker_costs,0.1,0.1,0.1,0.65,0.2,0.25,dRID,A0,dRID:A0,-0.30000000000000004
B_attacker_costs,0.1,0.1,0.1,0.65,0.2,0.3,dRID,A0,dRID:A0,-0.30000000000000004
B_attacker_costs,0.1,0.1,0.1,0.65,0.2,0.35,dRID,A0,dRID:A0,-0.30000000000000004
B_attacker_costs,0.1,0.1,0.1,0.65,0.2,0.4,dRID,A0,dRID:A0,-0.30000000000000004
B_attacker_costs,0.1,0.1,0.1,0.65,0.2,0.45,dRI,A0,dRI:A0,-0.2
B_attacker_costs,0.1,0.1,0.1,0.65,0.2,0.5,dRI,A0,dRI:A0,-0.2
B_attacker_costs,0.1,0.1,0.1,0.65,0.2,0.55,dRI,A0,dRI:A0,-0.2
B_attacker_costs,0.1,0.1,0.1,0.65,0.2,0.6,dRI,A0,dRI:A0,-0.2
B_attacker_costs,0.1,0.1,0.1,0.65,0.2,0.65,dRI,A0,dRI:A0,-0.2
B_attacker_costs,0.1,0.1,0.1,0.65,0.2,0.7,dRI,A0,dRI:A0,-0.2
B_attacker_costs,0.1,0.1,0.1,0.65,0.2,0.75,dRI,A0,dRI:A0,-0.2
B_attacker_costs,0.1,0.1,0.1,0.65,0.2,0.8,dRI,A0,dRI:A0,-0.2
B_attacker_costs,0.1,0.1,0.1,0.65,0.2,0.85,dRI,A0,dRI:A0,-0.2
B_attacker_costs,0.1,0.1,0.1,0.65,0.2,0.9,dRI,A0,dRI:A0,-0.2
B_attacker_costs,0.1,0.1,0.1,0.65,0.2,0.95,dRI,A0,dRI:A0,-0.2
B_attacker_costs,0.1,0.1,0.1,0.65,0.2,1.0,dRI,A0,dRI:A0,-0.2
B_attacker_costs,0.1,0.1,0.1,0.65,0.25,0.0,dRID,AD,dRID:AD,-0.49602
B_attacker_costs,0.1,0.1,0.1,0.65,0.25,0.05,dRID,AD,dRID:AD,-0.49602
B_attacker_costs,0.1,0.1,0.1,0.65,0.25,0.1,dRID,AD,dRID:AD,-0.49602
B_attacker_costs,0.1,0.1,0.1,0.65,0.25,0.15,dRID,AD,dRID:AD,-0.49602
B_attacker_costs,0.1,0.1,0.1,0.65,0.25,0.2,dRID,A0,dRID:A0,-0.30000000000000004
B_attacker_costs,0.1,0.1,0.1,0.65,0.25,0.25,dRID,A0,dRID:A0,-0.30000000000000004
B_attacker_costs,0.1,0.1,0.1,0.65,0.25,0.3,dRID,A0,dRID:A0,-0.30000000000000004
B_attacker_costs,0.1,0.1,0.1,0.65,0.25,0.35,dRID,A0,dRID:A0,-0.30000000000000004
B_attacker_costs,0.1,0.1,0.1,0.65,0.25,0.4,dRID,A0,dRID:A0,-0.30000000000000004
B_attacker_costs,0.1,0.1,0.1,0.65,0.25,0.45,dRI,A0,dRI:A0,-0.2
B_attacker_costs,0.1,0.1,0.1,0.65,0.25,0.5,dRI,A0,dRI:A0,-0.2
B_attacker_costs,0.1,0.1,0.1,0.65,0.25,0.55,dRI,A0,dRI:A0,-0.2
B_attacker_costs,0.1,0.1,0.1,0.65,0.25,0.6,dRI,A0,dRI:A0,-0.2
B_attacker_costs,0.1,0.1,0.1,0.65,0.25,0.65,dRI,A0,dRI:A0,-0.2
B_attacker_costs,0.1,0.1,0.1,0.65,0.25,0.7,dRI,A0,dRI:A0,-0.2
B_attacker_costs,0.1,0.1,0.1,0.65,0.25,0.75,dRI,A0,dRI:A0,-0.2
B_attacker_costs,0.1,0.1,0.1,0.65,0.25,0.8,dRI,A0,dRI:A0,-0.2
B_attacker_costs,0.1,0.1,0.1,0.65,0.25,0.85,dRI,A0,dRI:A0,-0.2
B_attacker_costs,0.1,0.1,0.1,0.65,0.25,0.9,dRI,A0,dRI:A0,-0.2
B_attacker_costs,0.1,0.1,0.1,0.65,0.25,0.95,dRI,A0,dRI:A0,-0.2
B_attacker_costs,0.1,0.1,0.1,0.65,0.25,1.0,dRI,A0,dRI:A0,-0.2
B_attacker_costs,0.1,0.1,0.1,0.65,0.3,0.0,dRID,AD,dRID:AD,-0.49602
B_attacker_costs,0.1,0.1,0.1,0.65,0.3,0.05,dRID,AD,dRID:AD,-0.49602
B_attacker_costs,0.1,0.1,0.1,0.65,0.3,0.1,dRID,AD,dRID:AD,-0.49602
B_attacker_costs,0.1,0.1,0.1,0.65,0.3,0.15,dRID,AD,dRID:AD,-0.49602
B_attacker_costs,0.1,0.1,0.1,0.65,0.3,0.2,dRID,A0,dRID:A0,-0.30000000000000004
B_attacker_costs,0.1,0.1,0.1,0.65,0.3,0.25,dRID,A0,dRID:A0,-0.30000000000000004
B_attacker_costs,0.1,0.1,0.1,0.65,0.3,0.3,dRID,A0,dRID:A0,-0.30000000000000004
B_attacker_costs,0.1,0.1,0.1,0.65,0.3,0.35,dRID,A0,dRID:A0,-0.30000000000000004
B_attacker_costs,0.1,0.1,0.1,0.65,0.3,0.4,dRID,A0,dRID:A0,-0.30000000000000004
B_attacker_costs,0.1,0.1,0.1,0.65,0.3,0.45,dRI,A0,dRI:A0,-0.2
B_attacker_costs,0.1,0.1,0.1,0.65,0.3,0.5,dRI,A0,dRI:A0,-0.2
B_attacker_costs,0.1,0.1,0.1,0.65,0.3,0.55,dRI,A0,dRI:A0,-0.2
B_attacker_costs,0.1,0.1,0.1,0.65,0.3,0.6,dRI,A0,dRI:A0,-0.2
B_attacker_costs,0.1,0.1,0.1,0.65,0.3,0.65,dRI,A0,dRI:A0,-0.2
B_attacker_costs,0.1,0.1,0.1,0.65,0.3,0.7,dRI,A0,dRI:A0,-0.2
B_attacker_costs,0.1,0.1,0.1,0.65,0.3,0.75,dRI,A0,dRI:A0,-0.2
B_attacker_costs,0.1,0.1,0.1,0.65,0.3,0.8,dRI,A0,dRI:A0,-0.2
B_attacker_costs,0.1,0.1,0.1,0.65,0.3,0.85,dRI,A0,dRI:A0,-0.2
B_attacker_costs,0.1,0.1,0.1,0.65,0.3,0.9,dRI,A0,dRI:A0,-0.2
B_attacker_costs,0.1,0.1,0.1,0.65,0.3,0.95,dRI,A0,dRI:A0,-0.2
B_attacker_costs,0.1,0.1,0.1,0.65,0.3,1.0,dRI,A0,dRI:A0,-0.2
B_attacker_costs,0.1,0.1,0.1,0.65,0.35,0.0,dRID,AD,dRID:AD,-0.49602
B_attacker_costs,0.1,0.1,0.1,0.65,0.35,0.05,dRID,AD,dRID:AD,-0.49602
B_attacker_costs,0.1,0.1,0.1,0.65,0.35,0.1,dRID,AD,dRID:AD,-0.49602
B_attacker_costs,0.1,0.1,0.1,0.65,0.35,0.15,dRID,AD,dRID:AD,-0.49602
B_attacker_costs,0.1,0.1,0.1,0.65,0.35,0.2,dRID,A0,dRID:A0,-0.30000000000000004
B_attacker_costs,0.1,0.1,0.1,0.65,0.35,0.25,dRID,A0,dRID:A0,-0.30000000000000004
B_attacker_costs,0.1,0.1,0.1,0.65,0.35,0.3,dRID,A0,dRID:A0,-0.30000000000000004
B_attacker_costs,0.1,0.1,0.1,0.65,0.35,0.35,dRID,A0,dRID:A0,-0.30000000000000004
B_attacker_costs,0.1,0.1,0.1,0.65,0.35,0.4,dRID,A0,dRID:A0,-0.30000000000000004
B_attacker_costs,0.1,0.1,0.1,0.65,0.35,0.45,dRI,A0,dRI:A0,-0.2
B_attacker_costs,0.1,0.1,0.1,0.65,0.35,0.5,dRI,A0,dRI:A0,-0.2
B_attacker_costs,0.1,0.1,0.1,0.65,0.35,0.55,dRI,A0,dRI:A0,-0.2
B_attacker_costs,0.1,0.1,0.1,0.65,0.35,0.6,dRI,A0,dRI:A0,-0.2
B_attacker_costs,0.1,0.1,0.1,0.65,0.35,0.65,dRI,A0,dRI:A0,-0.2
B_attacker_costs,0.1,0.1,0.1,0.65,0.35,0.7,dRI,A0,dRI:A0,-0.2
B_attacker_costs,0.1,0.1,0.1,0.65,0.35,0.75,dRI,A0,dRI:A0,-0.2
B_attacker_costs,0.1,0.1,0.1,0.65,0.35,0.8,dRI,A0,dRI:A0,-0.2
B_attacker_costs,0.1,0.1,0.1,0.65,0.35,0.85,dRI,A0,dRI:A0,-0.2
B_attacker_costs,0.1,0.1,0.1,0.65,0.35,0.9,dRI,A0,dRI:A0,-0.2
B_attacker_costs,0.1,0.1,0.1,0.65,0.35,0.95,dRI,A0,dRI:A0,-0.2
B_attacker_costs,0.1,0.1,0.1,0.65,0.35,1.0,dRI,A0,dRI:A0,-0.2
B_attacker_costs,0.1,0.1,0.1,0.65,0.4,0.0,dRID,AD,dRID:AD,-0.49602
B_attacker_costs,0.1,0.1,0.1,0.65,0.4,0.05,dRID,AD,dRID:AD,-0.49602
B_attacker_costs,0.1,0.1,0.1,0.65,0.4,0.1,dRID,AD,dRID:AD,-0.49602
B_attacker_costs,0.1,0.1,0.1,0.65,0.4,0.15,dRID,AD,dRID:AD,-0.49602
B_attacker_costs,0.1,0.1,0.1,0.65,0.4,0.2,dRID,A0,dRID:A0,-0.30000000000000004
B_attacker_costs,0.1,0.1,0.1,0.65,0.4,0.25,dRID,A0,dRID:A0,-0.30000000000000004
B_attacker_costs,0.1,0.1,0.1,0.65,0.4,0.3,dRID,A0,dRID:A0,-0.30000000000000004
B_attacker_costs,0.1,0.1,0.1,0.65,0.4,0.35,dRID,A0,dRID:A0,-0.30000000000000004
B_attacker_costs,0.1,0.1,0.1,0.65,0.4,0.4,dRID,A0,dRID:A0,-0.30000000000000004
B_attacker_costs,0.1,0.1,0.1,0.65,0.4,0.45,dRI,A0,dRI:A0,-0.2
B_attacker_costs,0.1,0.1,0.1,0.65,0.4,0.5,dRI,A0,dRI:A0,-0.2
B_attacker_costs,0.1,0.1,0.1,0.65,0.4,0.55,dRI,A0,dRI:A0,-0.2
B_attacker_costs,0.1,0.1,0.1,0.65,0.4,0.6,dRI,A0,dRI:A0,-0.2
B_attacker_costs,0.1,0.1,0.1,0.65,0.4,0.65,dRI,A0,dRI:A0,-0.2
B_attacker_costs,0.1,0.1,0.1,0.65,0.4,0.7,dRI,A0,dRI:A0,-0.2
B_attacker_costs,0.1,0.1,0.1,0.65,0.4,0.75,dRI,A0,dRI:A0,-0.2
B_attacker_costs,0.1,0.1,0.1,0.65,0.4,0.8,dRI,A0,dRI:A0,-0.2
B_attacker_costs,0.1,0.1,0.1,0.65,0.4,0.85,dRI,A0,dRI:A0,-0.2
B_attacker_costs,0.1,0.1,0.1,0.65,0.4,0.9,dRI,A0,dRI:A0,-0.2
B_attacker_costs,0.1,0.1,0.1,0.65,0.4,0.95,dRI,A0,dRI:A0,-0.2
B_attacker_costs,0.1,0.1,0.1,0.65,0.4,1.0,dRI,A0,dRI:A0,-0.2
B_attacker_costs,0.1,0.1,0.1,0.65,0.45,0.0,dRID,AD,dRID:AD,-0.49602
B_attacker_costs,0.1,0.1,0.1,0.65,0.45,0.05,dRID,AD,dRID:AD,-0.49602
B_attacker_costs,0.1,0.1,0.1,0.65,0.45,0.1,dRID,AD,dRID:AD,-0.49602
B_attacker_costs,0.1,0.1,0.1,0.65,0.45,0.15,dRID,AD,dRID:AD,-0.49602
B_attacker_costs,0.1,0.1,0.1,0.65,0.45,0.2,dRID,A0,dRID:A0,-0.30000000000000004
B_attacker_costs,0.1,0.1,0.1,0.65,0.45,0.25,dRID,A0,dRID:A0,-0.30000000000000004
B_attacker_costs,0.1,0.1,0.1,0.65,0.45,0.3,dRID,A0,dRID:A0,-0.30000000000000004
B_attacker_costs,0.1,0.1,0.1,0.65,0.45,0.35,dRID,A0,dRID:A0,-0.30000000000000004
B_attacker_costs,0.1,0.1,0.1,0.65,0.45,0.4,dRID,A0,dRID:A0,-0.30000000000000004
B_attacker_costs,0.1,0.1,0.1,0.65,0.45,0.45,dRI,A0,dRI:A0,-0.2
B_attacker_costs,0.1,0.1,0.1,0.65,0.45,0.5,dRI,A0,dRI:A0,-0.2
B_attacker_costs,0.1,0.1,0.1,0.65,0.45,0.55,dRI,A0,dRI:A0,-0.2
B_attacker_costs,0.1,0.1,0.1,0.65,0.45,0.6,dRI,A0,dRI:A0,-0.2
B_attacker_costs,0.1,0.1,0.1,0.65,0.45,0.65,dRI,A0,dRI:A0,-0.2
B_attacker_costs,0.1,0.1,0.1,0.65,0.45,0.7,dRI,A0,dRI:A0,-0.2
B_attacker_costs,0.1,0.1,0.1,0.65,0.45,0.75,dRI,A0,dRI:A0,-0.2
B_attacker_costs,0.1,0.1,0.1,0.65,0.45,0.8,dRI,A0,dRI:A0,-0.2
B_attacker_costs,0.1,0.1,0.1,0.65,0.45,0.85,dRI,A0,dRI:A0,-0.2
B_attacker_costs,0.1,0.1,0.1,0.65,0.45,0.9,dRI,A0,dRI:A0,-0.2
B_attacker_costs,0.1,0.1,0.1,0.65,0.45,0.95,dRI,A0,dRI:A0,-0.2
B_attacker_costs,0.1,0.1,0.1,0.65,0.45,1.0,dRI,A0,dRI:A0,-0.2
B_attacker_costs,0.1,0.1,0.1,0.65,0.5,0.0,dRID,AD,dRID:AD,-0.49602
B_attacker_costs,0.1,0.1,0.1,0.65,0.5,0.05,dRID,AD,dRID:AD,-0.49602
B_attacker_costs,0.1,0.1,0.1,0.65,0.5,0.1,dRID,AD,dRID:AD,-0.49602
B_attacker_costs,0.1,0.1,0.1,0.65,0.5,0.15,dRID,AD,dRID:AD,-0.49602
B_attacker_costs,0.1,0.1,0.1,0.65,0.5,0.2,dRID,A0,dRID:A0,-0.30000000000000004
B_attacker_costs,0.1,0.1,0.1,0.65,0.5,0.25,dRID,A0,dRID:A0,-0.30000000000000004
B_attacker_costs,0.1,0.1,0.1,0.65,0.5,0.3,dRID,A0,dRID:A0,-0.30000000000000004
B_attacker_costs,0.1,0.1,0.1,0.65,0.5,0.35,dRID,A0,dRID:A0,-0.30000000000000004
B_attacker_costs,0.1,0.1,0.1,0.65,0.5,0.4,dRID,A0,dRID:A0,-0.30000000000000004
B_attacker_costs,0.1,0.1,0.1,0.65,0.5,0.45,dRI,A0,dRI:A0,-0.2
B_attacker_costs,0.1,0.1,0.1,0.65,0.5,0.5,dRI,A0,dRI:A0,-0.2
B_attacker_costs,0.1,0.1,0.1,0.65,0.5,0.55,dRI,A0,dRI:A0,-0.2
B_attacker_costs,0.1,0.1,0.1,0.65,0.5,0.6,dRI,A0,dRI:A0,-0.2
B_attacker_costs,0.1,0.1,0.1,0.65,0.5,0.65,dRI,A0,dRI:A0,-0.2
B_attacker_costs,0.1,0.1,0.1,0.65,0.5,0.7,dRI,A0,dRI:A0,-0.2
B_attacker_costs,0.1,0.1,0.1,0.65,0.5,0.75,dRI,A0,dRI:A0,-0.2
B_attacker_costs,0.1,0.1,0.1,0.65,0.5,0.8,dRI,A0,dRI:A0,-0.2
B_attacker_costs,0.1,0.1,0.1,0.65,0.5,0.85,dRI,A0,dRI:A0,-0.2
B_attacker_costs,0.1,0.1,0.1,0.65,0.5,0.9,dRI,A0,dRI:A0,-0.2
B_attacker_costs,0.1,0.1,0.1,0.65,0.5,0.95,dRI,A0,dRI:A0,-0.2
B_attacker_costs,0.1,0.1,0.1,0.65,0.5,1.0,dRI,A0,dRI:A0,-0.2
B_attacker_costs,0.1,0.1,0.1,0.65,0.55,0.0,dRID,AD,dRID:AD,-0.49602
B_attacker_costs,0.1,0.1,0.1,0.65,0.55,0.05,dRID,AD,dRID:AD,-0.49602
B_attacker_costs,0.1,0.1,0.1,0.65,0.55,0.1,dRID,AD,dRID:AD,-0.49602
B_attacker_costs,0.1,0.1,0.1,0.65,0.55,0.15,dRID,AD,dRID:AD,-0.49602
B_attacker_costs,0.1,0.1,0.1,0.65,0.55,0.2,dRID,A0,dRID:A0,-0.30000000000000004
B_attacker_costs,0.1,0.1,0.1,0.65,0.55,0.25,dRID,A0,dRID:A0,-0.30000000000000004
B_attacker_costs,0.1,0.1,0.1,0.65,0.55,0.3,dRID,A0,dRID:A0,-0.30000000000000004
B_attacker_costs,0.1,0.1,0.1,0.65,0.55,0.35,dRID,A0,dRID:A0,-0.30000000000000004
B_attacker_costs,0.1,0.1,0.1,0.65,0.55,0.4,dRID,A0,dRID:A0,-0.30000000000000004
B_attacker_costs,0.1,0.1,0.1,0.65,0.55,0.45,dRI,A0,dRI:A0,-0.2
B_attacker_costs,0.1,0.1,0.1,0.65,0.55,0.5,dRI,A0,dRI:A0,-0.2
B_attacker_costs,0.1,0.1,0.1,0.65,0.55,0.55,dRI,A0,dRI:A0,-0.2
B_attacker_costs,0.1,0.1,0.1,0.65,0.55,0.6,dRI,A0,dRI:A0,-0.2
B_attacker_costs,0.1,0.1,0.1,0.65,0.55,0.65,dRI,A0,dRI:A0,-0.2
B_attacker_costs,0.1,0.1,0.1,0.65,0.55,0.7,dRI,A0,dRI:A0,-0.2
B_attacker_costs,0.1,0.1,0.1,0.65,0.55,0.75,dRI,A0,dRI:A0,-0.2
B_attacker_costs,0.1,0.1,0.1,0.65,0.55,0.8,dRI,A0,dRI:A0,-0.2
B_attacker_costs,0.1,0.1,0.1,0.65,0.55,0.85,dRI,A0,dRI:A0,-0.2
B_attacker_costs,0.1,0.1,0.1,0.65,0.55,0.9,dRI,A0,dRI:A0,-0.2
B_attacker_costs,0.1,0.1,0.1,0.65,0.55,0.95,dRI,A0,dRI:A0,-0.2
B_attacker_costs,0.1,0.1,0.1,0.65,0.55,1.0,dRI,A0,dRI:A0,-0.2
B_attacker_costs,0.1,0.1,0.1,0.65,0.6,0.0,d0,AD,d0:AD,-0.43377
B_attacker_costs,0.1,0.1,0.1,0.65,0.6,0.05,dRID,AD,dRID:AD,-0.49602
B_attacker_costs,0.1,0.1,0.1,0.65,0.6,0.1,dRID,AD,dRID:AD,-0.49602
B_attacker_costs,0.1,0.1,0.1,0.65,0.6,0.15,dRID,AD,dRID:AD,-0.49602
B_attacker_costs,0.1,0.1,0.1,0.65,0.6,0.2,dRID,A0,dRID:A0,-0.30000000000000004
B_attacker_costs,0.1,0.1,0.1,0.65,0.6,0.25,dRID,A0,dRID:A0,-0.30000000000000004
B_attacker_costs,0.1,0.1,0.1,0.65,0.6,0.3,dRID,A0,dRID:A0,-0.30000000000000004
B_attacker_costs,0.1,0.1,0.1,0.65,0.6,0.35,dRID,A0,dRID:A0,-0.30000000000000004
B_attacker_costs,0.1,0.1,0.1,0.65,0.6,0.4,dRID,A0,dRID:A0,-0.30000000000000004
B_attacker_costs,0.1,0.1,0.1,0.65,0.6,0.45,dRI,A0,dRI:A0,-0.2
B_attacker_costs,0.1,0.1,0.1,0.65,0.6,0.5,dRI,A0,dRI:A0,-0.2
B_attacker_costs,0.1,0.1,0.1,0.65,0.6,0.55,dRI,A0,dRI:A0,-0.2
B_attacker_costs,0.1,0.1,0.1,0.65,0.6,0.6,dRI,A0,dRI:A0,-0.2
B_attacker_costs,0.1,0.1,0.1,0.65,0.6,0.65,dRI,A0,dRI:A0,-0.2
B_attacker_costs,0.1,0.1,0.1,0.65,0.6,0.7,dRI,A0,dRI:A0,-0.2
B_attacker_costs,0.1,0.1,0.1,0.65,0.6,0.75,dRI,A0,dRI:A0,-0.2
B_attacker_costs,0.1,0.1,0.1,0.65,0.6,0.8,dRI,A0,dRI:A0,-0.2
B_attacker_costs,0.1,0.1,0.1,0.65,0.6,0.85,dRI,A0,dRI:A0,-0.2
B_attacker_costs,0.1,0.1,0.1,0.65,0.6,0.9,dRI,A0,dRI:A0,-0.2
B_attacker_costs,0.1,0.1,0.1,0.65,0.6,0.95,dRI,A0,dRI:A0,-0.2
B_attacker_costs,0.1,0.1,0.1,0.65,0.6,1.0,dRI,A0,dRI:A0,-0.2
B_attacker_costs,0.1,0.1,0.1,0.65,0.65,0.0,d0,AD,d0:AD,-0.43377
B_attacker_costs,0.1,0.1,0.1,0.65,0.65,0.05,d0,AD,d0:AD,-0.43377
B_attacker_costs,0.1,0.1,0.1,0.65,0.65,0.1,dRID,AD,dRID:AD,-0.49602
B_attacker_costs,0.1,0.1,0.1,0.65,0.65,0.15,dRID,AD,dRID:AD,-0.49602
B_attacker_costs,0.1,0.1,0.1,0.65,0.65,0.2,dRID,A0,dRID:A0,-0.30000000000000004
B_attacker_costs,0.1,0.1,0.1,0.65,0.65,0.25,dRID,A0,dRID:A0,-0.30000000000000004
B_attacker_costs,0.1,0.1,0.1,0.65,0.65,0.3,dRID,A0,dRID:A0,-0.30000000000000004
B_attacker_costs,0.1,0.1,0.1,0.65,0.65,0.35,dRID,A0,dRID:A0,-0.30000000000000004
B_attacker_costs,0.1,0.1,0.1,0.65,0.65,0.4,dRID,A0,dRID:A0,-0.30000000000000004
B_attacker_costs,0.1,0.1,0.1,0.65,0.65,0.45,dRI,A0,dRI:A0,-0.2
B_attacker_costs,0.1,0.1,0.1,0.65,0.65,0.5,dRI,A0,dRI:A0,-0.2
B_attacker_costs,0.1,0.1,0.1,0.65,0.65,0.55,dRI,A0,dRI:A0,-0.2
B_attacker_costs,0.1,0.1,0.1,0.65,0.65,0.6,dRI,A0,dRI:A0,-0.2
B_attacker_costs,0.1,0.1,0.1,0.65,0.65,0.65,dRI,A0,dRI:A0,-0.2
B_attacker_costs,0.1,0.1,0.1,0.65,0.65,0.7,dRI,A0,dRI:A0,-0.2
B_attacker_costs,0.1,0.1,0.1,0.65,0.65,0.75,dRI,A0,dRI:A0,-0.2
B_attacker_costs,0.1,0.1,0.1,0.65,0.65,0.8,dRI,A0,dRI:A0,-0.2
B_attacker_costs,0.1,0.1,0.1,0.65,0.65,0.85,dRI,A0,dRI:A0,-0.2
B_attacker_costs,0.1,0.1,0.1,0.65,0.65,0.9,dRI,A0,dRI:A0,-0.2
B_attacker_costs,0.1,0.1,0.1,0.65,0.65,0.95,dRI,A0,dRI:A0,-0.2
B_attacker_costs,0.1,0.1,0.1,0.65,0.65,1.0,dRI,A0,dRI:A0,-0.2
B_attacker_costs,0.1,0.1,0.1,0.65,0.7,0.0,d0,AD,d0:AD,-0.43377
B_attacker_costs,0.1,0.1,0.1,0.65,0.7,0.05,d0,AD,d0:AD,-0.43377
B_attacker_costs,0.1,0.1,0.1,0.65,0.7,0.1,dRID,AD,dRID:AD,-0.49602
B_attacker_costs,0.1,0.1,0.1,0.65,0.7,0.15,dRID,AD,dRID:AD,-0.49602
B_attacker_costs,0.1,0.1,0.1,0.65,0.7,0.2,dRID,A0,dRID:A0,-0.30000000000000004
B_attacker_costs,0.1,0.1,0.1,0.65,0.7,0.25,dRID,A0,dRID:A0,-0.30000000000000004
B_attacker_costs,0.1,0.1,0.1,0.65,0.7,0.3,dRID,A0,dRID:A0,-0.30000000000000004
B_attacker_costs,0.1,0.1,0.1,0.65,0.7,0.35,dRID,A0,dRID:A0,-0.30000000000000004
B_attacker_costs,0.1,0.1,0.1,0.65,0.7,0.4,dRID,A0,dRID:A0,-0.30000000000000004
B_attacker_costs,0.1,0.1,0.1,0.65,0.7,0.45,dRI,A0,dRI:A0,-0.2
B_attacker_costs,0.1,0.1,0.1,0.65,0.7,0.5,dRI,A0,dRI:A0,-0.2
B_attacker_costs,0.1,0.1,0.1,0.65,0.7,0.55,dRI,A0,dRI:A0,-0.2
B_attacker_costs,0.1,0.1,0.1,0.65,0.7,0.6,dRI,A0,dRI:A0,-0.2
B_attacker_costs,0.1,0.1,0.1,0.65,0.7,0.65,dRI,A0,dRI:A0,-0.2
B_attacker_costs,0.1,0.1,0.1,0.65,0.7,0.7,dRI,A0,dRI:A0,-0.2
B_attacker_costs,0.1,0.1,0.1,0.65,0.7,0.75,dRI,A0,dRI:A0,-0.2
B_attacker_costs,0.1,0.1,0.1,0.65,0.7,0.8,dRI,A0,dRI:A0,-0.2
B_attacker_costs,0.1,0.1,0.1,0.65,0.7,0.85,dRI,A0,dRI:A0,-0.2
B_attacker_costs,0.1,0.1,0.1,0.65,0.7,0.9,dRI,A0,dRI:A0,-0.2
B_attacker_costs,0.1,0.1,0.1,0.65,0.7,0.95,dRI,A0,dRI:A0,-0.2
B_attacker_costs,0.1,0.1,0.1,0.65,0.7,1.0,dRI,A0,dRI:A0,-0.2
B_attacker_costs,0.1,0.1,0.1,0.65,0.75,0.0,d0,AD,d0:AD,-0.43377
B_attacker_costs,0.1,0.1,0.1,0.65,0.75,0.05,d0,AD,d0:AD,-0.43377
B_attacker_costs,0.1,0.1,0.1,0.65,0.75,0.1,dRID,AD,dRID:AD,-0.49602
B_attacker_costs,0.1,0.1,0.1,0.65,0.75,0.15,dRID,AD,dRID:AD,-0.49602
B_attacker_costs,0.1,0.1,0.1,0.65,0.75,0.2,dRID,A0,dRID:A0,-0.30000000000000004
B_attacker_costs,0.1,0.1,0.1,0.65,0.75,0.25,dRID,A0,dRID:A0,-0.30000000000000004
B_attacker_costs,0.1,0.1,0.1,0.65,0.75,0.3,dRID,A0,dRID:A0,-0.30000000000000004
B_attacker_costs,0.1,0.1,0.1,0.65,0.75,0.35,dRID,A0,dRID:A0,-0.30000000000000004
B_attacker_costs,0.1,0.1,0.1,0.65,0.75,0.4,dRID,A0,dRID:A0,-0.30000000000000004
B_attacker_costs,0.1,0.1,0.1,0.65,0.75,0.45,dRI,A0,dRI:A0,-0.2
B_attacker_costs,0.1,0.1,0.1,0.65,0.75,0.5,dRI,A0,dRI:A0,-0.2
B_attacker_costs,0.1,0.1,0.1,0.65,0.75,0.55,dRI,A0,dRI:A0,-0.2
B_attacker_costs,0.1,0.1,0.1,0.65,0.75,0.6,dRI,A0,dRI:A0,-0.2
B_attacker_costs,0.1,0.1,0.1,0.65,0.75,0.65,dRI,A0,dRI:A0,-0.2
B_attacker_costs,0.1,0.1,0.1,0.65,0.75,0.7,dRI,A0,dRI:A0,-0.2
B_attacker_costs,0.1,0.1,0.1,0.65,0.75,0.75,dRI,A0,dRI:A0,-0.2
B_attacker_costs,0.1,0.1,0.1,0.65,0.75,0.8,dRI,A0,dRI:A0,-0.2
B_attacker_costs,0.1,0.1,0.1,0.65,0.75,0.85,dRI,A0,dRI:A0,-0.2
B_attacker_costs,0.1,0.1,0.1,0.65,0.75,0.9,dRI,A0,dRI:A0,-0.2
B_attacker_costs,0.1,0.1,0.1,0.65,0.75,0.95,dRI,A0,dRI:A0,-0.2
B_attacker_costs,0.1,0.1,0.1,0.65,0.75,1.0,dRI,A0,dRI:A0,-0.2
B_attacker_costs,0.1,0.1,0.1,0.65,0.8,0.0,d0,AD,d0:AD,-0.43377
B_attacker_costs,0.1,0.1,0.1,0.65,0.8,0.05,d0,AD,d0:AD,-0.43377
B_attacker_costs,0.1,0.1,0.1,0.65,0.8,0.1,dRID,AD,dRID:AD,-0.49602
B_attacker_costs,0.1,0.1,0.1,0.65,0.8,0.15,dRID,AD,dRID:AD,-0.49602
B_attacker_costs,0.1,0.1,0.1,0.65,0.8,0.2,dRID,A0,dRID:A0,-0.30000000000000004
B_attacker_costs,0.1,0.1,0.1,0.65,0.8,0.25,dRID,A0,dRID:A0,-0.30000000000000004
B_attacker_costs,0.1,0.1,0.1,0.65,0.8,0.3,dRID,A0,dRID:A0,-0.30000000000000004
B_attacker_costs,0.1,0.1,0.1,0.65,0.8,0.35,dRID,A0,dRID:A0,-0.30000000000000004
B_attacker_costs,0.1,0.1,0.1,0.65,0.8,0.4,dRID,A0,dRID:A0,-0.30000000000000004
B_attacker_costs,0.1,0.1,0.1,0.65,0.8,0.45,dRI,A0,dRI:A0,-0.2
B_attacker_costs,0.1,0.1,0.1,0.65,0.8,0.5,dRI,A0,dRI:A0,-0.2
B_attacker_costs,0.1,0.1,0.1,0.65,0.8,0.55,dRI,A0,dRI:A0,-0.2
B_attacker_costs,0.1,0.1,0.1,0.65,0.8,0.6,dRI,A0,dRI:A0,-0.2
B_attacker_costs,0.1,0.1,0.1,0.65,0.8,0.65,dRI,A0,dRI:A0,-0.2
B_attacker_costs,0.1,0.1,0.1,0.65,0.8,0.7,dRI,A0,dRI:A0,-0.2
B_attacker_costs,0.1,0.1,0.1,0.65,0.8,0.75,dRI,A0,dRI:A0,-0.2
B_attacker_costs,0.1,0.1,0.1,0.65,0.8,0.8,dRI,A0,dRI:A0,-0.2
B_attacker_costs,0.1,0.1,0.1,0.65,0.8,0.85,dRI,A0,dRI:A0,-0.2
B_attacker_costs,0.1,0.1,0.1,0.65,0.8,0.9,dRI,A0,dRI:A0,-0.2
B_attacker_costs,0.1,0.1,0.1,0.65,0.8,0.95,dRI,A0,dRI:A0,-0.2
B_attacker_costs,0.1,0.1,0.1,0.65,0.8,1.0,dRI,A0,dRI:A0,-0.2
B_attacker_costs,0.1,0.1,0.1,0.65,0.85,0.0,dRD,AD,dRD:AD,-0.39602000000000004
B_attacker_costs,0.1,0.1,0.1,0.65,0.85,0.05,d0,AD,d0:AD,-0.43377
B_attacker_costs,0.1,0.1,0.1,0.65,0.85,0.1,dRID,AD,dRID:AD,-0.49602
B_attacker_costs,0.1,0.1,0.1,0.65,0.85,0.15,dRID,AD,dRID:AD,-0.49602
B_attacker_costs,0.1,0.1,0.1,0.65,0.85,0.2,dRID,A0,dRID:A0,-0.30000000000000004
B_attacker_costs,0.1,0.1,0.1,0.65,0.85,0.25,dRID,A0,dRID:A0,-0.30000000000000004
B_attacker_costs,0.1,0.1,0.1,0.65,0.85,0.3,dRID,A0,dRID:A0,-0.30000000000000004
B_attacker_costs,0.1,0.1,0.1,0.65,0.85,0.35,dRID,A0,dRID:A0,-0.30000000000000004
B_attacker_costs,0.1,0.1,0.1,0.65,0.85,0.4,dRID,A0,dRID:A0,-0.30000000000000004
B_attacker_costs,0.1,0.1,0.1,0.65,0.85,0.45,dRI,A0,dRI:A0,-0.2
B_attacker_costs,0.1,0.1,0.1,0.65,0.85,0.5,dRI,A0,dRI:A0,-0.2
B_attacker_costs,0.1,0.1,0.1,0.65,0.85,0.55,dRI,A0,dRI:A0,-0.2
B_attacker_costs,0.1,0.1,0.1,0.65,0.85,0.6,dRI,A0,dRI:A0,-0.2
B_attacker_costs,0.1,0.1,0.1,0.65,0.85,0.65,dRI,A0,dRI:A0,-0.2
B_attacker_costs,0.1,0.1,0.1,0.65,0.85,0.7,dRI,A0,dRI:A0,-0.2
B_attacker_costs,0.1,0.1,0.1,0.65,0.85,0.75,dRI,A0,dRI:A0,-0.2
B_attacker_costs,0.1,0.1,0.1,0.65,0.85,0.8,dRI,A0,dRI:A0,-0.2
B_attacker_costs,0.1,0.1,0.1,0.65,0.85,0.85,dRI,A0,dRI:A0,-0.2
B_attacker_costs,0.1,0.1,0.1,0.65,0.85,0.9,dRI,A0,dRI:A0,-0.2
B_attacker_costs,0.1,0.1,0.1,0.65,0.85,0.95,dRI,A0,dRI:A0,-0.2
B_attacker_costs,0.1,0.1,0.1,0.65,0.85,1.0,dRI,A0,dRI:A0,-0.2
B_attacker_costs,0.1,0.1,0.1,0.65,0.9,0.0,dRD,AD,dRD:AD,-0.39602000000000004
B_attacker_costs,0.1,0.1,0.1,0.65,0.9,0.05,dRD,AD,dRD:AD,-0.39602000000000004
B_attacker_costs,0.1,0.1,0.1,0.65,0.9,0.1,dRID,AD,dRID:AD,-0.49602
B_attacker_costs,0.1,0.1,0.1,0.65,0.9,0.15,dRID,AD,dRID:AD,-0.49602
B_attacker_costs,0.1,0.1,0.1,0.65,0.9,0.2,dRID,A0,dRID:A0,-0.30000000000000004
B_attacker_costs,0.1,0.1,0.1,0.65,0.9,0.25,dRID,A0,dRID:A0,-0.30000000000000004
B_attacker_costs,0.1,0.1,0.1,0.65,0.9,0.3,dRID,A0,dRID:A0,-0.30000000000000004
B_attacker_costs,0.1,0.1,0.1,0.65,0.9,0.35,dRID,A0,dRID:A0,-0.30000000000000004
B_attacker_costs,0.1,0.1,0.1,0.65,0.9,0.4,dRID,A0,dRID:A0,-0.30000000000000004
B_attacker_costs,0.1,0.1,0.1,0.65,0.9,0.45,dRI,A0,dRI:A0,-0.2
B_attacker_costs,0.1,0.1,0.1,0.65,0.9,0.5,dRI,A0,dRI:A0,-0.2
B_attacker_costs,0.1,0.1,0.1,0.65,0.9,0.55,dRI,A0,dRI:A0,-0.2
B_attacker_costs,0.1,0.1,0.1,0.65,0.9,0.6,dRI,A0,dRI:A0,-0.2
B_attacker_costs,0.1,0.1,0.1,0.65,0.9,0.65,dRI,A0,dRI:A0,-0.2
B_attacker_costs,0.1,0.1,0.1,0.65,0.9,0.7,dRI,A0,dRI:A0,-0.2
B_attacker_costs,0.1,0.1,0.1,0.65,0.9,0.75,dRI,A0,dRI:A0,-0.2
B_attacker_costs,0.1,0.1,0.1,0.65,0.9,0.8,dRI,A0,dRI:A0,-0.2
B_attacker_costs,0.1,0.1,0.1,0.65,0.9,0.85,dRI,A0,dRI:A0,-0.2
B_attacker_costs,0.1,0.1,0.1,0.65,0.9,0.9,dRI,A0,dRI:A0,-0.2
B_attacker_costs,0.1,0.1,0.1,0.65,0.9,0.95,dRI,A0,dRI:A0,-0.2
B_attacker_costs,0.1,0.1,0.1,0.65,0.9,1.0,dRI,A0,dRI:A0,-0.2
B_attacker_costs,0.1,0.1,0.1,0.65,0.95,0.0,dRD,AD,dRD:AD,-0.39602000000000004
B_attacker_costs,0.1,0.1,0.1,0.65,0.95,0.05,dRD,AD,dRD:AD,-0.39602000000000004
B_attacker_costs,0.1,0.1,0.1,0.65,0.95,0.1,dRD,AD,dRD:AD,-0.39602000000000004
B_attacker_costs,0.1,0.1,0.1,0.65,0.95,0.15,dRID,AD,dRID:AD,-0.49602
B_attacker_costs,0.1,0.1,0.1,0.65,0.95,0.2,dRID,A0,dRID:A0,-0.30000000000000004
B_attacker_costs,0.1,0.1,0.1,0.65,0.95,0.25,dRID,A0,dRID:A0,-0.30000000000000004
B_attacker_costs,0.1,0.1,0.1,0.65,0.95,0.3,dRID,A0,dRID:A0,-0.30000000000000004
B_attacker_costs,0.1,0.1,0.1,0.65,0.95,0.35,dRID,A0,dRID:A0,-0.30000000000000004
B_attacker_costs,0.1,0.1,0.1,0.65,0.95,0.4,dRID,A0,dRID:A0,-0.30000000000000004
B_attacker_costs,0.1,0.1,0.1,0.65,0.95,0.45,dRI,A0,dRI:A0,-0.2
B_attacker_costs,0.1,0.1,0.1,0.65,0.95,0.5,dRI,A0,dRI:A0,-0.2
B_attacker_costs,0.1,0.1,0.1,0.65,0.95,0.55,dRI,A0,dRI:A0,-0.2
B_attacker_costs,0.1,0.1,0.1,0.65,0.95,0.6,dRI,A0,dRI:A0,-0.2
B_attacker_costs,0.1,0.1,0.1,0.65,0.95,0.65,dRI,A0,dRI:A0,-0.2
B_attacker_costs,0.1,0.1,0.1,0.65,0.95,0.7,dRI,A0,dRI:A0,-0.2
B_attacker_costs,0.1,0.1,0.1,0.65,0.95,0.75,dRI,A0,dRI:A0,-0.2
B_attacker_costs,0.1,0.1,0.1,0.65,0.95,0.8,dRI,A0,dRI:A0,-0.2
B_attacker_costs,0.1,0.1,0.1,0.65,0.95,0.85,dRI,A0,dRI:A0,-0.2
B_attacker_costs,0.1,0.1,0.1,0.65,0.95,0.9,dRI,A0,dRI:A0,-0.2
B_attacker_costs,0.1,0.1,0.1,0.65,0.95,0.95,dRI,A0,dRI:A0,-0.2
B_attacker_costs,0.1,0.1,0.1,0.65,0.95,1.0,dRI,A0,dRI:A0,-0.2
B_attacker_costs,0.1,0.1,0.1,0.65,1.0,0.0,dRD,AD,dRD:AD,-0.39602000000000004
B_attacker_costs,0.1,0.1,0.1,0.65,1.0,0.05,dRD,AD,dRD:AD,-0.39602000000000004
B_attacker_costs,0.1,0.1,0.1,0.65,1.0,0.1,dRD,AD,dRD:AD,-0.39602000000000004
B_attacker_costs,0.1,0.1,0.1,0.65,1.0,0.15,dRD,AD,dRD:AD,-0.39602000000000004
B_attacker_costs,0.1,0.1,0.1,0.65,1.0,0.2,dRD,A0,dRD:A0,-0.2
B_attacker_costs,0.1,0.1,0.1,0.65,1.0,0.25,dRD,A0,dRD:A0,-0.2
B_attacker_costs,0.1,0.1,0.1,0.65,1.0,0.3,dRD,A0,dRD:A0,-0.2
B_attacker_costs,0.1,0.1,0.1,0.65,1.0,0.35,dRD,A0,dRD:A0,-0.2
B_attacker_costs,0.1,0.1,0.1,0.65,1.0,0.4,dRD,A0,dRD:A0,-0.2
B_attacker_costs,0.1,0.1,0.1,0.65,1.0,0.45,dR,A0,dR:A0,-0.1
B_attacker_costs,0.1,0.1,0.1,0.65,1.0,0.5,dR,A0,dR:A0,-0.1
B_attacker_costs,0.1,0.1,0.1,0.65,1.0,0.55,dR,A0,dR:A0,-0.1
B_attacker_costs,0.1,0.1,0.1,0.65,1.0,0.6,dR,A0,dR:A0,-0.1
B_attacker_costs,0.1,0.1,0.1,0.65,1.0,0.65,dR,A0,dR:A0,-0.1
B_attacker_costs,0.1,0.1,0.1,0.65,1.0,0.7,dR,A0,dR:A0,-0.1
B_attacker_costs,0.1,0.1,0.1,0.65,1.0,0.75,dR,A0,dR:A0,-0.1
B_attacker_costs,0.1,0.1,0.1,0.65,1.0,0.8,dR,A0,dR:A0,-0.1
B_attacker_costs,0.1,0.1,0.1,0.65,1.0,0.85,dR,A0,dR:A0,-0.1
B_attacker_costs,0.1,0.1,0.1,0.65,1.0,0.9,dR,A0,dR:A0,-0.1
B_attacker_costs,0.1,0.1,0.1,0.65,1.0,0.95,dR,A0,dR:A0,-0.1
B_attacker_costs,0.1,0.1,0.1,0.65,1.0,1.0,dR,A0,dR:A0,-0.1
B_attacker_costs,0.1,0.1,0.1,0.7,0.0,0.0,dRID,AD,dRID:AD,-0.49602
B_attacker_costs,0.1,0.1,0.1,0.7,0.0,0.05,dRID,AD,dRID:AD,-0.49602
B_attacker_costs,0.1,0.1,0.1,0.7,0.0,0.1,dRID,AD,dRID:AD,-0.49602
B_attacker_costs,0.1,0.1,0.1,0.7,0.0,0.15,dRID,AD,dRID:AD,-0.49602
B_attacker_costs,0.1,0.1,0.1,0.7,0.0,0.2,dRID,AI,dRID:AI,-0.30000000000000004
B_attacker_costs,0.1,0.1,0.1,0.7,0.0,0.25,dRID,AI,dRID:AI,-0.30000000000000004
B_attacker_costs,0.1,0.1,0.1,0.7,0.0,0.3,dRID,AI,dRID:AI,-0.30000000000000004
B_attacker_costs,0.1,0.1,0.1,0.7,0.0,0.35,dRID,AI,dRID:AI,-0.30000000000000004
B_attacker_costs,0.1,0.1,0.1,0.7,0.0,0.4,dRID,AI,dRID:AI,-0.30000000000000004
B_attacker_costs,0.1,0.1,0.1,0.7,0.0,0.45,dRI,AI,dRI:AI,-0.2
B_attacker_costs,0.1,0.1,0.1,0.7,0.0,0.5,dRI,AI,dRI:AI,-0.2
B_attacker_costs,0.1,0.1,0.1,0.7,0.0,0.55,dRI,AI,dRI:AI,-0.2
B_attacker_costs,0.1,0.1,0.1,0.7,0.0,0.6,dRI,AI,dRI:AI,-0.2
B_attacker_costs,0.1,0.1,0.1,0.7,0.0,0.65,dRI,AI,dRI:AI,-0.2
B_attacker_costs,0.1,0.1,0.1,0.7,0.0,0.7,dRI,AI,dRI:AI,-0.2
B_attacker_costs,0.1,0.1,0.1,0.7,0.0,0.75,dRI,AI,dRI:AI,-0.2
B_attacker_costs,0.1,0.1,0.1,0.7,0.0,0.8,dRI,AI,dRI:AI,-0.2
B_attacker_costs,0.1,0.1,0.1,0.7,0.0,0.85,dRI,AI,dRI:AI,-0.2
B_attacker_costs,0.1,0.1,0.1,0.7,0.0,0.9,dRI,AI,dRI:AI,-0.2
B_attacker_costs,0.1,0.1,0.1,0.7,0.0,0.95,dRI,AI,dRI:AI,-0.2
B_attacker_costs,0.1,0.1,0.1,0.7,0.0,1.0,dRI,AI,dRI:AI,-0.2
B_attacker_costs,0.1,0.1,0.1,0.7,0.05,0.0,dRID,AD,dRID:AD,-0.49602
B_attacker_costs,0.1,0.1,0.1,0.7,0.05,0.05,dRID,AD,dRID:AD,-0.49602
B_attacker_costs,0.1,0.1,0.1,0.7,0.05,0.1,dRID,AD,dRID:AD,-0.49602
B_attacker_costs,0.1,0.1,0.1,0.7,0.05,0.15,dRID,AD,dRID:AD,-0.49602
B_attacker_costs,0.1,0.1,0.1,0.7,0.05,0.2,dRID,A0,dRID:A0,-0.30000000000000004
B_attacker_costs,0.1,0.1,0.1,0.7,0.05,0.25,dRID,A0,dRID:A0,-0.30000000000000004
B_attacker_costs,0.1,0.1,0.1,0.7,0.05,0.3,dRID,A0,dRID:A0,-0.30000000000000004
B_attacker_costs,0.1,0.1,0.1,0.7,0.05,0.35,dRID,A0,dRID:A0,-0.30000000000000004
B_attacker_costs,0.1,0.1,0.1,0.7,0.05,0.4,dRID,A0,dRID:A0,-0.30000000000000004
B_attacker_costs,0.1,0.1,0.1,0.7,0.05,0.45,dRI,A0,dRI:A0,-0.2
B_attacker_costs,0.1,0.1,0.1,0.7,0.05,0.5,dRI,A0,dRI:A0,-0.2
B_attacker_costs,0.1,0.1,0.1,0.7,0.05,0.55,dRI,A0,dRI:A0,-0.2
B_attacker_costs,0.1,0.1,0.1,0.7,0.05,0.6,dRI,A0,dRI:A0,-0.2
B_attacker_costs,0.1,0.1,0.1,0.7,0.05,0.65,dRI,A0,dRI:A0,-0.2
B_attacker_costs,0.1,0.1,0.1,0.7,0.05,0.7,dRI,A0,dRI:A0,-0.2
B_attacker_costs,0.1,0.1,0.1,0.7,0.05,0.75,dRI,A0,dRI:A0,-0.2
B_attacker_costs,0.1,0.1,0.1,0.7,0.05,0.8,dRI,A0,dRI:A0,-0.2
B_attacker_costs,0.1,0.1,0.1,0.7,0.05,0.85,dRI,A0,dRI:A0,-0.2
B_attacker_costs,0.1,0.1,0.1,0.7,0.05,0.9,dRI,A0,dRI:A0,-0.2
B_attacker_costs,0.1,0.1,0.1,0.7,0.05,0.95,dRI,A0,dRI:A0,-0.2
B_attacker_costs,0.1,0.1,0.1,0.7,0.05,1.0,dRI,A0,dRI:A0,-0.2
B_attacker_costs,0.1,0.1,0.1,0.7,0.1,0.0,dRID,AD,dRID:AD,-0.49602
B_attacker_costs,0.1,0.1,0.1,0.7,0.1,0.05,dRID,AD,dRID:AD,-0.49602
B_attacker_costs,0.1,0.1,0.1,0.7,0.1,0.1,dRID,AD,dRID:AD,-0.49602
B_attacker_costs,0.1,0.1,0.1,0.7,0.1,0.15,dRID,AD,dRID:AD,-0.49602
B_attacker_costs,0.1,0.1,0.1,0.7,0.1,0.2,dRID,A0,dRID:A0,-0.30000000000000004
B_attacker_costs,0.1,0.1,0.1,0.7,0.1,0.25,dRID,A0,dRID:A0,-0.30000000000000004
B_attacker_costs,0.1,0.1,0.1,0.7,0.1,0.3,dRID,A0,dRID:A0,-0.30000000000000004
B_attacker_costs,0.1,0.1,0.1,0.7,0.1,0.35,dRID,A0,dRID:A0,-0.30000000000000004
B_attacker_costs,0.1,0.1,0.1,0.7,0.1,0.4,dRID,A0,dRID:A0,-0.30000000000000004
B_attacker_costs,0.1,0.1,0.1,0.7,0.1,0.45,dRI,A0,dRI:A0,-0.2
B_attacker_costs,0.1,0.1,0.1,0.7,0.1,0.5,dRI,A0,dRI:A0,-0.2
B_attacker_costs,0.1,0.1,0.1,0.7,0.1,0.55,dRI,A0,dRI:A0,-0.2
B_attacker_costs,0.1,0.1,0.1,0.7,0.1,0.6,dRI,A0,dRI:A0,-0.2
B_attacker_costs,0.1,0.1,0.1,0.7,0.1,0.65,dRI,A0,dRI:A0,-0.2
B_attacker_costs,0.1,0.1,0.1,0.7,0.1,0.7,dRI,A0,dRI:A0,-0.2
B_attacker_costs,0.1,0.1,0.1,0.7,0.1,0.75,dRI,A0,dRI:A0,-0.2
B_attacker_costs,0.1,0.1,0.1,0.7,0.1,0.8,dRI,A0,dRI:A0,-0.2
B_attacker_costs,0.1,0.1,0.1,0.7,0.1,0.85,dRI,A0,dRI:A0,-0.2
B_attacker_costs,0.1,0.1,0.1,0.7,0.1,0.9,dRI,A0,dRI:A0,-0.2
B_attacker_costs,0.1,0.1,0.1,0.7,0.1,0.95,dRI,A0,dRI:A0,-0.2
B_attacker_costs,0.1,0.1,0.1,0.7,0.1,1.0,dRI,A0,dRI:A0,-0.2
B_attacker_costs,0.1,0.1,0.1,0.7,0.15,0.0,dRID,AD,dRID:AD,-0.49602
B_attacker_costs,0.1,0.1,0.1,0.7,0.15,0.05,dRID,AD,dRID:AD,-0.49602
B_attacker_costs,0.1,0.1,0.1,0.7,0.15,0.1,dRID,AD,dRID:AD,-0.49602
B_attacker_costs,0.1,0.1,0.1,0.7,0.15,0.15,dRID,AD,dRID:AD,-0.49602
B_attacker_costs,0.1,0.1,0.1,0.7,0.15,0.2,dRID,A0,dRID:A0,-0.30000000000000004
B_attacker_costs,0.1,0.1,0.1,0.7,0.15,0.25,dRID,A0,dRID:A0,-0.30000000000000004
B_attacker_costs,0.1,0.1,0.1,0.7,0.15,0.3,dRID,A0,dRID:A0,-0.30000000000000004
B_attacker_costs,0.1,0.1,0.1,0.7,0.15,0.35,dRID,A0,dRID:A0,-0.30000000000000004
B_attacker_costs,0.1,0.1,0.1,0.7,0.15,0.4,dRID,A0,dRID:A0,-0.30000000000000004
B_attacker_costs,0.1,0.1,0.1,0.7,0.15,0.45,dRI,A0,dRI:A0,-0.2
B_attacker_costs,0.1,0.1,0.1,0.7,0.15,0.5,dRI,A0,dRI:A0,-0.2
B_attacker_costs,0.1,0.1,0.1,0.7,0.15,0.55,dRI,A0,dRI:A0,-0.2
B_attacker_costs,0.1,0.1,0.1,0.7,0.15,0.6,dRI,A0,dRI:A0,-0.2
B_attacker_costs,0.1,0.1,0.1,0.7,0.15,0.65,dRI,A0,dRI:A0,-0.2
B_attacker_costs,0.1,0.1,0.1,0.7,0.15,0.7,dRI,A0,dRI:A0,-0.2
B_attacker_costs,0.1,0.1,0.1,0.7,0.15,0.75,dRI,A0,dRI:A0,-0.2
B_attacker_costs,0.1,0.1,0.1,0.7,0.15,0.8,dRI,A0,dRI:A0,-0.2
B_attacker_costs,0.1,0.1,0.1,0.7,0.15,0.85,dRI,A0,dRI:A0,-0.2
B_attacker_costs,0.1,0.1,0.1,0.7,0.15,0.9,dRI,A0,dRI:A0,-0.2
B_attacker_costs,0.1,0.1,0.1,0.7,0.15,0.95,dRI,A0,dRI:A0,-0.2
B_attacker_costs,0.1,0.1,0.1,0.7,0.15,1.0,dRI,A0,dRI:A0,-0.2
B_attacker_costs,0.1,0.1,0.1,0.7,0.2,0.0,dRID,AD,dRID:AD,-0.49602
B_attacker_costs,0.1,0.1,0.1,0.7,0.2,0.05,dRID,AD,dRID:AD,-0.49602
B_attacker_costs,0.1,0.1,0.1,0.7,0.2,0.1,dRID,AD,dRID:AD,-0.49602
B_attacker_costs,0.1,0.1,0.1,0.7,0.2,0.15,dRID,AD,dRID:AD,-0.49602
B_attacker_costs,0.1,0.1,0.1,0.7,0.2,0.2,dRID,A0,dRID:A0,-0.30000000000000004
B_attacker_costs,0.1,0.1,0.1,0.7,0.2,0.25,dRID,A0,dRID:A0,-0.30000000000000004
B_attacker_costs,0.1,0.1,0.1,0.7,0.2,0.3,dRID,A0,dRID:A0,-0.30000000000000004
B_attacker_costs,0.1,0.1,0.1,0.7,0.2,0.35,dRID,A0,dRID:A0,-0.30000000000000004
B_attacker_costs,0.1,0.1,0.1,0.7,0.2,0.4,dRID,A0,dRID:A0,-0.30000000000000004
B_attacker_costs,0.1,0.1,0.1,0.7,0.2,0.45,dRI,A0,dRI:A0,-0.2
B_attacker_costs,0.1,0.1,0.1,0.7,0.2,0.5,dRI,A0,dRI:A0,-0.2
B_attacker_costs,0.1,0.1,0.1,0.7,0.2,0.55,dRI,A0,dRI:A0,-0.2
B_attacker_costs,0.1,0.1,0.1,0.7,0.2,0.6,dRI,A0,dRI:A0,-0.2
B_attacker_costs,0.1,0.1,0.1,0.7,0.2,0.65,dRI,A0,dRI:A0,-0.2
B_attacker_costs,0.1,0.1,0.1,0.7,0.2,0.7,dRI,A0,dRI:A0,-0.2
B_attacker_costs,0.1,0.1,0.1,0.7,0.2,0.75,dRI,A0,dRI:A0,-0.2
B_attacker_costs,0.1,0.1,0.1,0.7,0.2,0.8,dRI,A0,dRI:A0,-0.2
B_attacker_costs,0.1,0.1,0.1,0.7,0.2,0.85,dRI,A0,dRI:A0,-0.2
B_attacker_costs,0.1,0.1,0.1,0.7,0.2,0.9,dRI,A0,dRI:A0,-0.2
B_attacker_costs,0.1,0.1,0.1,0.7,0.2,0.95,dRI,A0,dRI:A0,-0.2
B_attacker_costs,0.1,0.1,0.1,0.7,0.2,1.0,dRI,A0,dRI:A0,-0.2
B_attacker_costs,0.1,0.1,0.1,0.7,0.25,0.0,dRID,AD,dRID:AD,-0.49602
B_attacker_costs,0.1,0.1,0.1,0.7,0.25,0.05,dRID,AD,dRID:AD,-0.49602
B_attacker_costs,0.1,0.1,0.1,0.7,0.25,0.1,dRID,AD,dRID:AD,-0.49602
B_attacker_costs,0.1,0.1,0.1,0.7,0.25,0.15,dRID,AD,dRID:AD,-0.49602
B_attacker_costs,0.1,0.1,0.1,0.7,0.25,0.2,dRID,A0,dRID:A0,-0.30000000000000004
B_attacker_costs,0.1,0.1,0.1,0.7,0.25,0.25,dRID,A0,dRID:A0,-0.30000000000000004
B_attacker_costs,0.1,0.1,0.1,0.7,0.25,0.3,dRID,A0,dRID:A0,-0.30000000000000004
B_attacker_costs,0.1,0.1,0.1,0.7,0.25,0.35,dRID,A0,dRID:A0,-0.30000000000000004
B_attacker_costs,0.1,0.1,0.1,0.7,0.25,0.4,dRID,A0,dRID:A0,-0.30000000000000004
B_attacker_costs,0.1,0.1,0.1,0.7,0.25,0.45,dRI,A0,dRI:A0,-0.2
B_attacker_costs,0.1,0.1,0.1,0.7,0.25,0.5,dRI,A0,dRI:A0,-0.2
B_attacker_costs,0.1,0.1,0.1,0.7,0.25,0.55,dRI,A0,dRI:A0,-0.2
B_attacker_costs,0.1,0.1,0.1,0.7,0.25,0.6,dRI,A0,dRI:A0,-0.2
B_attacker_costs,0.1,0.1,0.1,0.7,0.25,0.65,dRI,A0,dRI:A0,-0.2
B_attacker_costs,0.1,0.1,0.1,0.7,0.25,0.7,dRI,A0,dRI:A0,-0.2
B_attacker_costs,0.1,0.1,0.1,0.7,0.25,0.75,dRI,A0,dRI:A0,-0.2
B_attacker_costs,0.1,0.1,0.1,0.7,0.25,0.8,dRI,A0,dRI:A0,-0.2
B_attacker_costs,0.1,0.1,0.1,0.7,0.25,0.85,dRI,A0,dRI:A0,-0.2
B_attacker_costs,0.1,0.1,0.1,0.7,0.25,0.9,dRI,A0,dRI:A0,-0.2
B_attacker_costs,0.1,0.1,0.1,0.7,0.25,0.95,dRI,A0,dRI:A0,-0.2
B_attacker_costs,0.1,0.1,0.1,0.7,0.25,1.0,dRI,A0,dRI:A0,-0.2
B_attacker_costs,0.1,0.1,0.1,0.7,0.3,0.0,dRID,AD,dRID:AD,-0.49602
B_attacker_costs,0.1,0.1,0.1,0.7,0.3,0.05,dRID,AD,dRID:AD,-0.49602
B_attacker_costs,0.1,0.1,0.1,0.7,0.3,0.1,dRID,AD,dRID:AD,-0.49602
B_attacker_costs,0.1,0.1,0.1,0.7,0.3,0.15,dRID,AD,dRID:AD,-0.49602
B_attacker_costs,0.1,0.1,0.1,0.7,0.3,0.2,dRID,A0,dRID:A0,-0.30000000000000004
B_attacker_costs,0.1,0.1,0.1,0.7,0.3,0.25,dRID,A0,dRID:A0,-0.30000000000000004
B_attacker_costs,0.1,0.1,0.1,0.7,0.3,0.3,dRID,A0,dRID:A0,-0.30000000000000004
B_attacker_costs,0.1,0.1,0.1,0.7,0.3,0.35,dRID,A0,dRID:A0,-0.30000000000000004
B_attacker_costs,0.1,0.1,0.1,0.7,0.3,0.4,dRID,A0,dRID:A0,-0.30000000000000004
B_attacker_costs,0.1,0.1,0.1,0.7,0.3,0.45,dRI,A0,dRI:A0,-0.2
B_attacker_costs,0.1,0.1,0.1,0.7,0.3,0.5,dRI,A0,dRI:A0,-0.2
B_attacker_costs,0.1,0.1,0.1,0.7,0.3,0.55,dRI,A0,dRI:A0,-0.2
B_attacker_costs,0.1,0.1,0.1,0.7,0.3,0.6,dRI,A0,dRI:A0,-0.2
B_attacker_costs,0.1,0.1,0.1,0.7,0.3,0.65,dRI,A0,dRI:A0,-0.2
B_attacker_costs,0.1,0.1,0.1,0.7,0.3,0.7,dRI,A0,dRI:A0,-0.2
B_attacker_costs,0.1,0.1,0.1,0.7,0.3,0.75,dRI,A0,dRI:A0,-0.2
B_attacker_costs,0.1,0.1,0.1,0.7,0.3,0.8,dRI,A0,dRI:A0,-0.2
B_attacker_costs,0.1,0.1,0.1,0.7,0.3,0.85,dRI,A0,dRI:A0,-0.2
B_attacker_costs,0.1,0.1,0.1,0.7,0.3,0.9,dRI,A0,dRI:A0,-0.2
B_attacker_costs,0.1,0.1,0.1,0.7,0.3,0.95,dRI,A0,dRI:A0,-0.2
B_attacker_costs,0.1,0.1,0.1,0.7,0.3,1.0,dRI,A0,dRI:A0,-0.2
B_attacker_costs,0.1,0.1,0.1,0.7,0.35,0.0,dRID,AD,dRID:AD,-0.49602
B_attacker_costs,0.1,0.1,0.1,0.7,0.35,0.05,dRID,AD,dRID:AD,-0.49602
B_attacker_costs,0.1,0.1,0.1,0.7,0.35,0.1,dRID,AD,dRID:AD,-0.49602
B_attacker_costs,0.1,0.1,0.1,0.7,0.35,0.15,dRID,AD,dRID:AD,-0.49602
B_attacker_costs,0.1,0.1,0.1,0.7,0.35,0.2,dRID,A0,dRID:A0,-0.30000000000000004
B_attacker_costs,0.1,0.1,0.1,0.7,0.35,0.25,dRID,A0,dRID:A0,-0.30000000000000004
B_attacker_costs,0.1,0.1,0.1,0.7,0.35,0.3,dRID,A0,dRID:A0,-0.30000000000000004
B_attacker_costs,0.1,0.1,0.1,0.7,0.35,0.35,dRID,A0,dRID:A0,-0.30000000000000004
B_attacker_costs,0.1,0.1,0.1,0.7,0.35,0.4,dRID,A0,dRID:A0,-0.30000000000000004
B_attacker_costs,0.1,0.1,0.1,0.7,0.35,0.45,dRI,A0,dRI:A0,-0.2
B_attacker_costs,0.1,0.1,0.1,0.7,0.35,0.5,dRI,A0,dRI:A0,-0.2
B_attacker_costs,0.1,0.1,0.1,0.7,0.35,0.55,dRI,A0,dRI:A0,-0.2
B_attacker_costs,0.1,0.1,0.1,0.7,0.35,0.6,dRI,A0,dRI:A0,-0.2
B_attacker_costs,0.1,0.1,0.1,0.7,0.35,0.65,dRI,A0,dRI:A0,-0.2
B_attacker_costs,0.1,0.1,0.1,0.7,0.35,0.7,dRI,A0,dRI:A0,-0.2
B_attacker_costs,0.1,0.1,0.1,0.7,0.35,0.75,dRI,A0,dRI:A0,-0.2
B_attacker_costs,0.1,0.1,0.1,0.7,0.35,0.8,dRI,A0,dRI:A0,-0.2
B_attacker_costs,0.1,0.1,0.1,0.7,0.35,0.85,dRI,A0,dRI:A0,-0.2
B_attacker_costs,0.1,0.1,0.1,0.7,0.35,0.9,dRI,A0,dRI:A0,-0.2
B_attacker_costs,0.1,0.1,0.1,0.7,0.35,0.95,dRI,A0,dRI:A0,-0.2
B_attacker_costs,0.1,0.1,0.1,0.7,0.35,1.0,dRI,A0,dRI:A0,-0.2
B_attacker_costs,0.1,0.1,0.1,0.7,0.4,0.0,dRID,AD,dRID:AD,-0.49602
B_attacker_costs,0.1,0.1,0.1,0.7,0.4,0.05,dRID,AD,dRID:AD,-0.49602
B_attacker_costs,0.1,0.1,0.1,0.7,0.4,0.1,dRID,AD,dRID:AD,-0.49602
B_attacker_costs,0.1,0.1,0.1,0.7,0.4,0.15,dRID,AD,dRID:AD,-0.49602
B_attacker_costs,0.1,0.1,0.1,0.7,0.4,0.2,dRID,A0,dRID:A0,-0.30000000000000004
B_attacker_costs,0.1,0.1,0.1,0.7,0.4,0.25,dRID,A0,dRID:A0,-0.30000000000000004
B_attacker_costs,0.1,0.1,0.1,0.7,0.4,0.3,dRID,A0,dRID:A0,-0.30000000000000004
B_attacker_costs,0.1,0.1,0.1,0.7,0.4,0.35,dRID,A0,dRID:A0,-0.30000000000000004
B_attacker_costs,0.1,0.1,0.1,0.7,0.4,0.4,dRID,A0,dRID:A0,-0.30000000000000004
B_attacker_costs,0.1,0.1,0.1,0.7,0.4,0.45,dRI,A0,dRI:A0,-0.2
B_attacker_costs,0.1,0.1,0.1,0.7,0.4,0.5,dRI,A0,dRI:A0,-0.2
B_attacker_costs,0.1,0.1,0.1,0.7,0.4,0.55,dRI,A0,dRI:A0,-0.2
B_attacker_costs,0.1,0.1,0.1,0.7,0.4,0.6,dRI,A0,dRI:A0,-0.2
B_attacker_costs,0.1,0.1,0.1,0.7,0.4,0.65,dRI,A0,dRI:A0,-0.2
B_attacker_costs,0.1,0.1,0.1,0.7,0.4,0.7,dRI,A0,dRI:A0,-0.2
B_attacker_costs,0.1,0.1,0.1,0.7,0.4,0.75,dRI,A0,dRI:A0,-0.2
B_attacker_costs,0.1,0.1,0.1,0.7,0.4,0.8,dRI,A0,dRI:A0,-0.2
B_attacker_costs,0.1,0.1,0.1,0.7,0.4,0.85,dRI,A0,dRI:A0,-0.2
B_attacker_costs,0.1,0.1,0.1,0.7,0.4,0.9,dRI,A0,dRI:A0,-0.2
B_attacker_costs,0.1,0.1,0.1,0.7,0.4,0.95,dRI,A0,dRI:A0,-0.2
B_attacker_costs,0.1,0.1,0.1,0.7,0.4,1.0,dRI,A0,dRI:A0,-0.2
B_attacker_costs,0.1,0.1,0.1,0.7,0.45,0.0,dRID,AD,dRID:AD,-0.49602
B_attacker_costs,0.1,0.1,0.1,0.7,0.45,0.05,dRID,AD,dRID:AD,-0.49602
B_attacker_costs,0.1,0.1,0.1,0.7,0.45,0.1,dRID,AD,dRID:AD,-0.49602
B_attacker_costs,0.1,0.1,0.1,0.7,0.45,0.15,dRID,AD,dRID:AD,-0.49602
B_attacker_costs,0.1,0.1,0.1,0.7,0.45,0.2,dRID,A0,dRID:A0,-0.30000000000000004
B_attacker_costs,0.1,0.1,0.1,0.7,0.45,0.25,dRID,A0,dRID:A0,-0.30000000000000004
B_attacker_costs,0.1,0.1,0.1,0.7,0.45,0.3,dRID,A0,dRID:A0,-0.30000000000000004
B_attacker_costs,0.1,0.1,0.1,0.7,0.45,0.35,dRID,A0,dRID:A0,-0.30000000000000004
B_attacker_costs,0.1,0.1,0.1,0.7,0.45,0.4,dRID,A0,dRID:A0,-0.30000000000000004
B_attacker_costs,0.1,0.1,0.1,0.7,0.45,0.45,dRI,A0,dRI:A0,-0.2
B_attacker_costs,0.1,0.1,0.1,0.7,0.45,0.5,dRI,A0,dRI:A0,-0.2
B_attacker_costs,0.1,0.1,0.1,0.7,0.45,0.55,dRI,A0,dRI:A0,-0.2
B_attacker_costs,0.1,0.1,0.1,0.7,0.45,0.6,dRI,A0,dRI:A0,-0.2
B_attacker_costs,0.1,0.1,0.1,0.7,0.45,0.65,dRI,A0,dRI:A0,-0.2
B_attacker_costs,0.1,0.1,0.1,0.7,0.45,0.7,dRI,A0,dRI:A0,-0.2
B_attacker_costs,0.1,0.1,0.1,0.7,0.45,0.75,dRI,A0,dRI:A0,-0.2
B_attacker_costs,0.1,0.1,0.1,0.7,0.45,0.8,dRI,A0,dRI:A0,-0.2
B_attacker_costs,0.1,0.1,0.1,0.7,0.45,0.85,dRI,A0,dRI:A0,-0.2
B_attacker_costs,0.1,0.1,0.1,0.7,0.45,0.9,dRI,A0,dRI:A0,-0.2
B_attacker_costs,0.1,0.1,0.1,0.7,0.45,0.95,dRI,A0,dRI:A0,-0.2
B_attacker_costs,0.1,0.1,0.1,0.7,0.45,1.0,dRI,A0,dRI:A0,-0.2
B_attacker_costs,0.1,0.1,0.1,0.7,0.5,0.0,dRID,AD,dRID:AD,-0.49602
B_attacker_costs,0.1,0.1,0.1,0.7,0.5,0.05,dRID,AD,dRID:AD,-0.49602
B_attacker_costs,0.1,0.1,0.1,0.7,0.5,0.1,dRID,AD,dRID:AD,-0.49602
B_attacker_costs,0.1,0.1,0.1,0.7,0.5,0.15,dRID,AD,dRID:AD,-0.49602
B_attacker_costs,0.1,0.1,0.1,0.7,0.5,0.2,dRID,A0,dRID:A0,-0.30000000000000004
B_attacker_costs,0.1,0.1,0.1,0.7,0.5,0.25,dRID,A0,dRID:A0,-0.30000000000000004
B_attacker_costs,0.1,0.1,0.1,0.7,0.5,0.3,dRID,A0,dRID:A0,-0.30000000000000004
B_attacker_costs,0.1,0.1,0.1,0.7,0.5,0.35,dRID,A0,dRID:A0,-0.30000000000000004
B_attacker_costs,0.1,0.1,0.1,0.7,0.5,0.4,dRID,A0,dRID:A0,-0.30000000000000004
B_attacker_costs,0.1,0.1,0.1,0.7,0.5,0.45,dRI,A0,dRI:A0,-0.2
B_attacker_costs,0.1,0.1,0.1,0.7,0.5,0.5,dRI,A0,dRI:A0,-0.2
B_attacker_costs,0.1,0.1,0.1,0.7,0.5,0.55,dRI,A0,dRI:A0,-0.2
B_attacker_costs,0.1,0.1,0.1,0.7,0.5,0.6,dRI,A0,dRI:A0,-0.2
B_attacker_costs,0.1,0.1,0.1,0.7,0.5,0.65,dRI,A0,dRI:A0,-0.2
B_attacker_costs,0.1,0.1,0.1,0.7,0.5,0.7,dRI,A0,dRI:A0,-0.2
B_attacker_costs,0.1,0.1,0.1,0.7,0.5,0.75,dRI,A0,dRI:A0,-0.2
B_attacker_costs,0.1,0.1,0.1,0.7,0.5,0.8,dRI,A0,dRI:A0,-0.2
B_attacker_costs,0.1,0.1,0.1,0.7,0.5,0.85,dRI,A0,dRI:A0,-0.2
B_attacker_costs,0.1,0.1,0.1,0.7,0.5,0.9,dRI,A0,dRI:A0,-0.2
B_attacker_costs,0.1,0.1,0.1,0.7,0.5,0.95,dRI,A0,dRI:A0,-0.2
B_attacker_costs,0.1,0.1,0.1,0.7,0.5,1.0,dRI,A0,dRI:A0,-0.2
B_attacker_costs,0.1,0.1,0.1,0.7,0.55,0.0,dRID,AD,dRID:AD,-0.49602
B_attacker_costs,0.1,0.1,0.1,0.7,0.55,0.05,dRID,AD,dRID:AD,-0.49602
B_attacker_costs,0.1,0.1,0.1,0.7,0.55,0.1,dRID,AD,dRID:AD,-0.49602
B_attacker_costs,0.1,0.1,0.1,0.7,0.55,0.15,dRID,AD,dRID:AD,-0.49602
B_attacker_costs,0.1,0.1,0.1,0.7,0.55,0.2,dRID,A0,dRID:A0,-0.30000000000000004
B_attacker_costs,0.1,0.1,0.1,0.7,0.55,0.25,dRID,A0,dRID:A0,-0.30000000000000004
B_attacker_costs,0.1,0.1,0.1,0.7,0.55,0.3,dRID,A0,dRID:A0,-0.30000000000000004
B_attacker_costs,0.1,0.1,0.1,0.7,0.55,0.35,dRID,A0,dRID:A0,-0.30000000000000004
B_attacker_costs,0.1,0.1,0.1,0.7,0.55,0.4,dRID,A0,dRID:A0,-0.30000000000000004
B_attacker_costs,0.1,0.1,0.1,0.7,0.55,0.45,dRI,A0,dRI:A0,-0.2
B_attacker_costs,0.1,0.1,0.1,0.7,0.55,0.5,dRI,A0,dRI:A0,-0.2
B_attacker_costs,0.1,0.1,0.1,0.7,0.55,0.55,dRI,A0,dRI:A0,-0.2
B_attacker_costs,0.1,0.1,0.1,0.7,0.55,0.6,dRI,A0,dRI:A0,-0.2
B_attacker_costs,0.1,0.1,0.1,0.7,0.55,0.65,dRI,A0,dRI:A0,-0.2
B_attacker_costs,0.1,0.1,0.1,0.7,0.55,0.7,dRI,A0,dRI:A0,-0.2
B_attacker_costs,0.1,0.1,0.1,0.7,0.55,0.75,dRI,A0,dRI:A0,-0.2
B_attacker_costs,0.1,0.1,0.1,0.7,0.55,0.8,dRI,A0,dRI:A0,-0.2
B_attacker_costs,0.1,0.1,0.1,0.7,0.55,0.85,dRI,A0,dRI:A0,-0.2
B_attacker_costs,0.1,0.1,0.1,0.7,0.55,0.9,dRI,A0,dRI:A0,-0.2
B_attacker_costs,0.1,0.1,0.1,0.7,0.55,0.95,dRI,A0,dRI:A0,-0.2
B_attacker_costs,0.1,0.1,0.1,0.7,0.55,1.0,dRI,A0,dRI:A0,-0.2
B_attacker_costs,0.1,0.1,0.1,0.7,0.6,0.0,d0,AD,d0:AD,-0.43377
B_attacker_costs,0.1,0.1,0.1,0.7,0.6,0.05,dRID,AD,dRID:AD,-0.49602
B_attacker_costs,0.1,0.1,0.1,0.7,0.6,0.1,dRID,AD,dRID:AD,-0.49602
B_attacker_costs,0.1,0.1,0.1,0.7,0.6,0.15,dRID,AD,dRID:AD,-0.49602
B_attacker_costs,0.1,0.1,0.1,0.7,0.6,0.2,dRID,A0,dRID:A0,-0.30000000000000004
B_attacker_costs,0.1,0.1,0.1,0.7,0.6,0.25,dRID,A0,dRID:A0,-0.30000000000000004
B_attacker_costs,0.1,0.1,0.1,0.7,0.6,0.3,dRID,A0,dRID:A0,-0.30000000000000004
B_attacker_costs,0.1,0.1,0.1,0.7,0.6,0.35,dRID,A0,dRID:A0,-0.30000000000000004
B_attacker_costs,0.1,0.1,0.1,0.7,0.6,0.4,dRID,A0,dRID:A0,-0.30000000000000004
B_attacker_costs,0.1,0.1,0.1,0.7,0.6,0.45,dRI,A0,dRI:A0,-0.2
B_attacker_costs,0.1,0.1,0.1,0.7,0.6,0.5,dRI,A0,dRI:A0,-0.2
B_attacker_costs,0.1,0.1,0.1,0.7,0.6,0.55,dRI,A0,dRI:A0,-0.2
B_attacker_costs,0.1,0.1,0.1,0.7,0.6,0.6,dRI,A0,dRI:A0,-0.2
B_attacker_costs,0.1,0.1,0.1,0.7,0.6,0.65,dRI,A0,dRI:A0,-0.2
B_attacker_costs,0.1,0.1,0.1,0.7,0.6,0.7,dRI,A0,dRI:A0,-0.2
B_attacker_costs,0.1,0.1,0.1,0.7,0.6,0.75,dRI,A0,dRI:A0,-0.2
B_attacker_costs,0.1,0.1,0.1,0.7,0.6,0.8,dRI,A0,dRI:A0,-0.2
B_attacker_costs,0.1,0.1,0.1,0.7,0.6,0.85,dRI,A0,dRI:A0,-0.2
B_attacker_costs,0.1,0.1,0.1,0.7,0.6,0.9,dRI,A0,dRI:A0,-0.2
B_attacker_costs,0.1,0.1,0.1,0.7,0.6,0.95,dRI,A0,dRI:A0,-0.2
B_attacker_costs,0.1,0.1,0.1,0.7,0.6,1.0,dRI,A0,dRI:A0,-0.2
B_attacker_costs,0.1,0.1,0.1,0.7,0.65,0.0,d0,AD,d0:AD,-0.43377
B_attacker_costs,0.1,0.1,0.1,0.7,0.65,0.05,d0,AD,d0:AD,-0.43377
B_attacker_costs,0.1,0.1,0.1,0.7,0.65,0.1,dRID,AD,dRID:AD,-0.49602
B_attacker_costs,0.1,0.1,0.1,0.7,0.65,0.15,dRID,AD,dRID:AD,-0.49602
B_attacker_costs,0.1,0.1,0.1,0.7,0.65,0.2,dRID,A0,dRID:A0,-0.30000000000000004
B_attacker_costs,0.1,0.1,0.1,0.7,0.65,0.25,dRID,A0,dRID:A0,-0.30000000000000004
B_attacker_costs,0.1,0.1,0.1,0.7,0.65,0.3,dRID,A0,dRID:A0,-0.30000000000000004
B_attacker_costs,0.1,0.1,0.1,0.7,0.65,0.35,dRID,A0,dRID:A0,-0.30000000000000004
B_attacker_costs,0.1,0.1,0.1,0.7,0.65,0.4,dRID,A0,dRID:A0,-0.30000000000000004
B_attacker_costs,0.1,0.1,0.1,0.7,0.65,0.45,dRI,A0,dRI:A0,-0.2
B_attacker_costs,0.1,0.1,0.1,0.7,0.65,0.5,dRI,A0,dRI:A0,-0.2
B_attacker_costs,0.1,0.1,0.1,0.7,0.65,0.55,dRI,A0,dRI:A0,-0.2
B_attacker_costs,0.1,0.1,0.1,0.7,0.65,0.6,dRI,A0,dRI:A0,-0.2
B_attacker_costs,0.1,0.1,0.1,0.7,0.65,0.65,dRI,A0,dRI:A0,-0.2
B_attacker_costs,0.1,0.1,0.1,0.7,0.65,0.7,dRI,A0,dRI:A0,-0.2
B_attacker_costs,0.1,0.1,0.1,0.7,0.65,0.75,dRI,A0,dRI:A0,-0.2
B_attacker_costs,0.1,0.1,0.1,0.7,0.65,0.8,dRI,A0,dRI:A0,-0.2
B_attacker_costs,0.1,0.1,0.1,0.7,0.65,0.85,dRI,A0,dRI:A0,-0.2
B_attacker_costs,0.1,0.1,0.1,0.7,0.65,0.9,dRI,A0,dRI:A0,-0.2
B_attacker_costs,0.1,0.1,0.1,0.7,0.65,0.95,dRI,A0,dRI:A0,-0.2
B_attacker_costs,0.1,0.1,0.1,0.7,0.65,1.0,dRI,A0,dRI:A0,-0.2
B_attacker_costs,0.1,0.1,0.1,0.7,0.7,0.0,d0,AD,d0:AD,-0.43377
B_attacker_costs,0.1,0.1,0.1,0.7,0.7,0.05,d0,AD,d0:AD,-0.43377
B_attacker_costs,0.1,0.1,0.1,0.7,0.7,0.1,d0,AD,d0:AD,-0.43377
B_attacker_costs,0.1,0.1,0.1,0.7,0.7,0.15,dRID,AD,dRID:AD,-0.49602
B_attacker_costs,0.1,0.1,0.1,0.7,0.7,0.2,dRID,A0,dRID:A0,-0.30000000000000004
B_attacker_costs,0.1,0.1,0.1,0.7,0.7,0.25,dRID,A0,dRID:A0,-0.30000000000000004
B_attacker_costs,0.1,0.1,0.1,0.7,0.7,0.3,dRID,A0,dRID:A0,-0.30000000000000004
B_attacker_costs,0.1,0.1,0.1,0.7,0.7,0.35,dRID,A0,dRID:A0,-0.30000000000000004
B_attacker_costs,0.1,0.1,0.1,0.7,0.7,0.4,dRID,A0,dRID:A0,-0.30000000000000004
B_attacker_costs,0.1,0.1,0.1,0.7,0.7,0.45,dRI,A0,dRI:A0,-0.2
B_attacker_costs,0.1,0.1,0.1,0.7,0.7,0.5,dRI,A0,dRI:A0,-0.2
B_attacker_costs,0.1,0.1,0.1,0.7,0.7,0.55,dRI,A0,dRI:A0,-0.2
B_attacker_costs,0.1,0.1,0.1,0.7,0.7,0.6,dRI,A0,dRI:A0,-0.2
B_attacker_costs,0.1,0.1,0.1,0.7,0.7,0.65,dRI,A0,dRI:A0,-0.2
B_attacker_costs,0.1,0.1,0.1,0.7,0.7,0.7,dRI,A0,dRI:A0,-0.2
B_attacker_costs,0.1,0.1,0.1,0.7,0.7,0.75,dRI,A0,dRI:A0,-0.2
B_attacker_costs,0.1,0.1,0.1,0.7,0.7,0.8,dRI,A0,dRI:A0,-0.2
B_attacker_costs,0.1,0.1,0.1,0.7,0.7,0.85,dRI,A0,dRI:A0,-0.2
B_attacker_costs,0.1,0.1,0.1,0.7,0.7,0.9,dRI,A0,dRI:A0,-0.2
B_attacker_costs,0.1,0.1,0.1,0.7,0.7,0.95,dRI,A0,dRI:A0,-0.2
B_attacker_costs,0.1,0.1,0.1,0.7,0.7,1.0,dRI,A0,dRI:A0,-0.2
B_attacker_costs,0.1,0.1,0.1,0.7,0.75,0.0,d0,AD,d0:AD,-0.43377
B_attacker_costs,0.1,0.1,0.1,0.7,0.75,0.05,d0,AD,d0:AD,-0.43377
B_attacker_costs,0.1,0.1,0.1,0.7,0.75,0.1,d0,AD,d0:AD,-0.43377
B_attacker_costs,0.1,0.1,0.1,0.7,0.75,0.15,dRID,AD,dRID:AD,-0.49602
B_attacker_costs,0.1,0.1,0.1,0.7,0.75,0.2,dRID,A0,dRID:A0,-0.30000000000000004
B_attacker_costs,0.1,0.1,0.1,0.7,0.75,0.25,dRID,A0,dRID:A0,-0.30000000000000004
B_attacker_costs,0.1,0.1,0.1,0.7,0.75,0.3,dRID,A0,dRID:A0,-0.30000000000000004
B_attacker_costs,0.1,0.1,0.1,0.7,0.75,0.35,dRID,A0,dRID:A0,-0.30000000000000004
B_attacker_costs,0.1,0.1,0.1,0.7,0.75,0.4,dRID,A0,dRID:A0,-0.30000000000000004
B_attacker_costs,0.1,0.1,0.1,0.7,0.75,0.45,dRI,A0,dRI:A0,-0.2
B_attacker_costs,0.1,0.1,0.1,0.7,0.75,0.5,dRI,A0,dRI:A0,-0.2
B_attacker_costs,0.1,0.1,0.1,0.7,0.75,0.55,dRI,A0,dRI:A0,-0.2
B_attacker_costs,0.1,0.1,0.1,0.7,0.75,0.6,dRI,A0,dRI:A0,-0.2
B_attacker_costs,0.1,0.1,0.1,0.7,0.75,0.65,dRI,A0,dRI:A0,-0.2
B_attacker_costs,0.1,0.1,0.1,0.7,0.75,0.7,dRI,A0,dRI:A0,-0.2
B_attacker_costs,0.1,0.1,0.1,0.7,0.75,0.75,dRI,A0,dRI:A0,-0.2
B_attacker_costs,0.1,0.1,0.1,0.7,0.75,0.8,dRI,A0,dRI:A0,-0.2
B_attacker_costs,0.1,0.1,0.1,0.7,0.75,0.85,dRI,A0,dRI:A0,-0.2
B_attacker_costs,0.1,0.1,0.1,0.7,0.75,0.9,dRI,A0,dRI:A0,-0.2
B_attacker_costs,0.1,0.1,0.1,0.7,0.75,0.95,dRI,A0,dRI:A0,-0.2
B_attacker_costs,0.1,0.1,0.1,0.7,0.75,1.0,dRI,A0,dRI:A0,-0.2
B_attacker_costs,0.1,0.1,0.1,0.7,0.8,0.0,d0,AD,d0:AD,-0.43377
B_attacker_costs,0.1,0.1,0.1,0.7,0.8,0.05,d0,AD,d0:AD,-0.43377
B_attacker_costs,0.1,0.1,0.1,0.7,0.8,0.1,d0,AD,d0:AD,-0.43377
B_attacker_costs,0.1,0.1,0.1,0.7,0.8,0.15,dRID,AD,dRID:AD,-0.49602
B_attacker_costs,0.1,0.1,0.1,0.7,0.8,0.2,dRID,A0,dRID:A0,-0.30000000000000004
B_attacker_costs,0.1,0.1,0.1,0.7,0.8,0.25,dRID,A0,dRID:A0,-0.30000000000000004
B_attacker_costs,0.1,0.1,0.1,0.7,0.8,0.3,dRID,A0,dRID:A0,-0.30000000000000004
B_attacker_costs,0.1,0.1,0.1,0.7,0.8,0.35,dRID,A0,dRID:A0,-0.30000000000000004
B_attacker_costs,0.1,0.1,0.1,0.7,0.8,0.4,dRID,A0,dRID:A0,-0.30000000000000004
B_attacker_costs,0.1,0.1,0.1,0.7,0.8,0.45,dRI,A0,dRI:A0,-0.2
B_attacker_costs,0.1,0.1,0.1,0.7,0.8,0.5,dRI,A0,dRI:A0,-0.2
B_attacker_costs,0.1,0.1,0.1,0.7,0.8,0.55,dRI,A0,dRI:A0,-0.2
B_attacker_costs,0.1,0.1,0.1,0.7,0.8,0.6,dRI,A0,dRI:A0,-0.2
B_attacker_costs,0.1,0.1,0.1,0.7,0.8,0.65,dRI,A0,dRI:A0,-0.2
B_attacker_costs,0.1,0.1,0.1,0.7,0.8,0.7,dRI,A0,dRI:A0,-0.2
B_attacker_costs,0.1,0.1,0.1,0.7,0.8,0.75,dRI,A0,dRI:A0,-0.2
B_attacker_costs,0.1,0.1,0.1,0.7,0.8,0.8,dRI,A0,dRI:A0,-0.2
B_attacker_costs,0.1,0.1,0.1,0.7,0.8,0.85,dRI,A0,dRI:A0,-0.2
B_attacker_costs,0.1,0.1,0.1,0.7,0.8,0.9,dRI,A0,dRI:A0,-0.2
B_attacker_costs,0.1,0.1,0.1,0.7,0.8,0.95,dRI,A0,dRI:A0,-0.2
B_attacker_costs,0.1,0.1,0.1,0.7,0.8,1.0,dRI,A0,dRI:A0,-0.2
B_attacker_costs,0.1,0.1,0.1,0.7,0.85,0.0,dRD,AD,dRD:AD,-0.39602000000000004
B_attacker_costs,0.1,0.1,0.1,0.7,0.85,0.05,d0,AD,d0:AD,-0.43377
B_attacker_costs,0.1,0.1,0.1,0.7,0.85,0.1,d0,AD,d0:AD,-0.43377
B_attacker_costs,0.1,0.1,0.1,0.7,0.85,0.15,dRID,AD,dRID:AD,-0.49602
B_attacker_costs,0.1,0.1,0.1,0.7,0.85,0.2,dRID,A0,dRID:A0,-0.30000000000000004
B_attacker_costs,0.1,0.1,0.1,0.7,0.85,0.25,dRID,A0,dRID:A0,-0.30000000000000004
B_attacker_costs,0.1,0.1,0.1,0.7,0.85,0.3,dRID,A0,dRID:A0,-0.30000000000000004
B_attacker_costs,0.1,0.1,0.1,0.7,0.85,0.35,dRID,A0,dRID:A0,-0.30000000000000004
B_attacker_costs,0.1,0.1,0.1,0.7,0.85,0.4,dRID,A0,dRID:A0,-0.30000000000000004
B_attacker_costs,0.1,0.1,0.1,0.7,0.85,0.45,dRI,A0,dRI:A0,-0.2
B_attacker_costs,0.1,0.1,0.1,0.7,0.85,0.5,dRI,A0,dRI:A0,-0.2
B_attacker_costs,0.1,0.1,0.1,0.7,0.85,0.55,dRI,A0,dRI:A0,-0.2
B_attacker_costs,0.1,0.1,0.1,0.7,0.85,0.6,dRI,A0,dRI:A0,-0.2
B_attacker_costs,0.1,0.1,0.1,0.7,0.85,0.65,dRI,A0,dRI:A0,-0.2
B_attacker_costs,0.1,0.1,0.1,0.7,0.85,0.7,dRI,A0,dRI:A0,-0.2
B_attacker_costs,0.1,0.1,0.1,0.7,0.85,0.75,dRI,A0,dRI:A0,-0.2
B_attacker_costs,0.1,0.1,0.1,0.7,0.85,0.8,dRI,A0,dRI:A0,-0.2
B_attacker_costs,0.1,0.1,0.1,0.7,0.85,0.85,dRI,A0,dRI:A0,-0.2
B_attacker_costs,0.1,0.1,0.1,0.7,0.85,0.9,dRI,A0,dRI:A0,-0.2
B_attacker_costs,0.1,0.1,0.1,0.7,0.85,0.95,dRI,A0,dRI:A0,-0.2
B_attacker_costs,0.1,0.1,0.1,0.7,0.85,1.0,dRI,A0,dRI:A0,-0.2
B_attacker_costs,0.1,0.1,0.1,0.7,0.9,0.0,dRD,AD,dRD:AD,-0.39602000000000004
B_attacker_costs,0.1,0.1,0.1,0.7,0.9,0.05,dRD,AD,dRD:AD,-0.39602000000000004
B_attacker_costs,0.1,0.1,0.1,0.7,0.9,0.1,d0,AD,d0:AD,-0.43377
B_attacker_costs,0.1,0.1,0.1,0.7,0.9,0.15,dRID,AD,dRID:AD,-0.49602
B_attacker_costs,0.1,0.1,0.1,0.7,0.9,0.2,dRID,A0,dRID:A0,-0.30000000000000004
B_attacker_costs,0.1,0.1,0.1,0.7,0.9,0.25,dRID,A0,dRID:A0,-0.30000000000000004
B_attacker_costs,0.1,0.1,0.1,0.7,0.9,0.3,dRID,A0,dRID:A0,-0.30000000000000004
B_attacker_costs,0.1,0.1,0.1,0.7,0.9,0.35,dRID,A0,dRID:A0,-0.30000000000000004
B_attacker_costs,0.1,0.1,0.1,0.7,0.9,0.4,dRID,A0,dRID:A0,-0.30000000000000004
B_attacker_costs,0.1,0.1,0.1,0.7,0.9,0.45,dRI,A0,dRI:A0,-0.2
B_attacker_costs,0.1,0.1,0.1,0.7,0.9,0.5,dRI,A0,dRI:A0,-0.2
B_attacker_costs,0.1,0.1,0.1,0.7,0.9,0.55,dRI,A0,dRI:A0,-0.2
B_attacker_costs,0.1,0.1,0.1,0.7,0.9,0.6,dRI,A0,dRI:A0,-0.2
B_attacker_costs,0.1,0.1,0.1,0.7,0.9,0.65,dRI,A0,dRI:A0,-0.2
B_attacker_costs,0.1,0.1,0.1,0.7,0.9,0.7,dRI,A0,dRI:A0,-0.2
B_attacker_costs,0.1,0.1,0.1,0.7,0.9,0.75,dRI,A0,dRI:A0,-0.2
B_attacker_costs,0.1,0.1,0.1,0.7,0.9,0.8,dRI,A0,dRI:A0,-0.2
B_attacker_costs,0.1,0.1,0.1,0.7,0.9,0.85,dRI,A0,dRI:A0,-0.2
B_attacker_costs,0.1,0.1,0.1,0.7,0.9,0.9,dRI,A0,dRI:A0,-0.2
B_attacker_costs,0.1,0.1,0.1,0.7,0.9,0.95,dRI,A0,dRI:A0,-0.2
B_attacker_costs,0.1,0.1,0.1,0.7,0.9,1.0,dRI,A0,dRI:A0,-0.2
B_attacker_costs,0.1,0.1,0.1,0.7,0.95,0.0,dRD,AD,dRD:AD,-0.39602000000000004
B_attacker_costs,0.1,0.1,0.1,0.7,0.95,0.05,dRD,AD,dRD:AD,-0.39602000000000004
B_attacker_costs,0.1,0.1,0.1,0.7,0.95,0.1,dRD,AD,dRD:AD,-0.39602000000000004
B_attacker_costs,0.1,0.1,0.1,0.7,0.95,0.15,dRID,AD,dRID:AD,-0.49602
B_attacker_costs,0.1,0.1,0.1,0.7,0.95,0.2,dRID,A0,dRID:A0,-0.30000000000000004
B_attacker_costs,0.1,0.1,0.1,0.7,0.95,0.25,dRID,A0,dRID:A0,-0.30000000000000004
B_attacker_costs,0.1,0.1,0.1,0.7,0.95,0.3,dRID,A0,dRID:A0,-0.30000000000000004
B_attacker_costs,0.1,0.1,0.1,0.7,0.95,0.35,dRID,A0,dRID:A0,-0.30000000000000004
B_attacker_costs,0.1,0.1,0.1,0.7,0.95,0.4,dRID,A0,dRID:A0,-0.30000000000000004
B_attacker_costs,0.1,0.1,0.1,0.7,0.95,0.45,dRI,A0,dRI:A0,-0.2
B_attacker_costs,0.1,0.1,0.1,0.7,0.95,0.5,dRI,A0,dRI:A0,-0.2
B_attacker_costs,0.1,0.1,0.1,0.7,0.95,0.55,dRI,A0,dRI:A0,-0.2
B_attacker_costs,0.1,0.1,0.1,0.7,0.95,0.6,dRI,A0,dRI:A0,-0.2
B_attacker_costs,0.1,0.1,0.1,0.7,0.95,0.65,dRI,A0,dRI:A0,-0.2
B_attacker_costs,0.1,0.1,0.1,0.7,0.95,0.7,dRI,A0,dRI:A0,-0.2
B_attacker_costs,0.1,0.1,0.1,0.7,0.95,0.75,dRI,A0,dRI:A0,-0.2
B_attacker_costs,0.1,0.1,0.1,0.7,0.95,0.8,dRI,A0,dRI:A0,-0.2
B_attacker_costs,0.1,0.1,0.1,0.7,0.95,0.85,dRI,A0,dRI:A0,-0.2
B_attacker_costs,0.1,0.1,0.1,0.7,0.95,0.9,dRI,A0,dRI:A0,-0.2
B_attacker_costs,0.1,0.1,0.1,0.7,0.95,0.95,dRI,A0,dRI:A0,-0.2
B_attacker_costs,0.1,0.1,0.1,0.7,0.95,1.0,dRI,A0,dRI:A0,-0.2
B_attacker_costs,0.1,0.1,0.1,0.7,1.0,0.0,dRD,AD,dRD:AD,-0.39602000000000004
B_attacker_costs,0.1,0.1,0.1,0.7,1.0,0.05,dRD,AD,dRD:AD,-0.39602000000000004
B_attacker_costs,0.1,0.1,0.1,0.7,1.0,0.1,dRD,AD,dRD:AD,-0.39602000000000004
B_attacker_costs,0.1,0.1,0.1,0.7,1.0,0.15,dRD,AD,dRD:AD,-0.39602000000000004
B_attacker_costs,0.1,0.1,0.1,0.7,1.0,0.2,dRD,A0,dRD:A0,-0.2
B_attacker_costs,0.1,0.1,0.1,0.7,1.0,0.25,dRD,A0,dRD:A0,-0.2
B_attacker_costs,0.1,0.1,0.1,0.7,1.0,0.3,dRD,A0,dRD:A0,-0.2
B_attacker_costs,0.1,0.1,0.1,0.7,1.0,0.35,dRD,A0,dRD:A0,-0.2
B_attacker_costs,0.1,0.1,0.1,0.7,1.0,0.4,dRD,A0,dRD:A0,-0.2
B_attacker_costs,0.1,0.1,0.1,0.7,1.0,0.45,dR,A0,dR:A0,-0.1
B_attacker_costs,0.1,0.1,0.1,0.7,1.0,0.5,dR,A0,dR:A0,-0.1
B_attacker_costs,0.1,0.1,0.1,0.7,1.0,0.55,dR,A0,dR:A0,-0.1
B_attacker_costs,0.1,0.1,0.1,0.7,1.0,0.6,dR,A0,dR:A0,-0.1
B_attacker_costs,0.1,0.1,0.1,0.7,1.0,0.65,dR,A0,dR:A0,-0.1
B_attacker_costs,0.1,0.1,0.1,0.7,1.0,0.7,dR,A0,dR:A0,-0.1
B_attacker_costs,0.1,0.1,0.1,0.7,1.0,0.75,dR,A0,dR:A0,-0.1
B_attacker_costs,0.1,0.1,0.1,0.7,1.0,0.8,dR,A0,dR:A0,-0.1
B_attacker_costs,0.1,0.1,0.1,0.7,1.0,0.85,dR,A0,dR:A0,-0.1
B_attacker_costs,0.1,0.1,0.1,0.7,1.0,0.9,dR,A0,dR:A0,-0.1
B_attacker_costs,0.1,0.1,0.1,0.7,1.0,0.95,dR,A0,dR:A0,-0.1
B_attacker_costs,0.1,0.1,0.1,0.7,1.0,1.0,dR,A0,dR:A0,-0.1
B_attacker_costs,0.1,0.1,0.1,0.75,0.0,0.0,dRID,AD,dRID:AD,-0.49602
B_attacker_costs,0.1,0.1,0.1,0.75,0.0,0.05,dRID,AD,dRID:AD,-0.49602
B_attacker_costs,0.1,0.1,0.1,0.75,0.0,0.1,dRID,AD,dRID:AD,-0.49602
B_attacker_costs,0.1,0.1,0.1,0.75,0.0,0.15,dRID,AD,dRID:AD,-0.49602
B_attacker_costs,0.1,0.1,0.1,0.75,0.0,0.2,dRID,AI,dRID:AI,-0.30000000000000004
B_attacker_costs,0.1,0.1,0.1,0.75,0.0,0.25,dRID,AI,dRID:AI,-0.30000000000000004
B_attacker_costs,0.1,0.1,0.1,0.75,0.0,0.3,dRID,AI,dRID:AI,-0.30000000000000004
B_attacker_costs,0.1,0.1,0.1,0.75,0.0,0.35,dRID,AI,dRID:AI,-0.30000000000000004
B_attacker_costs,0.1,0.1,0.1,0.75,0.0,0.4,dRID,AI,dRID:AI,-0.30000000000000004
B_attacker_costs,0.1,0.1,0.1,0.75,0.0,0.45,dRI,AI,dRI:AI,-0.2
B_attacker_costs,0.1,0.1,0.1,0.75,0.0,0.5,dRI,AI,dRI:AI,-0.2
B_attacker_costs,0.1,0.1,0.1,0.75,0.0,0.55,dRI,AI,dRI:AI,-0.2
B_attacker_costs,0.1,0.1,0.1,0.75,0.0,0.6,dRI,AI,dRI:AI,-0.2
B_attacker_costs,0.1,0.1,0.1,0.75,0.0,0.65,dRI,AI,dRI:AI,-0.2
B_attacker_costs,0.1,0.1,0.1,0.75,0.0,0.7,dRI,AI,dRI:AI,-0.2
B_attacker_costs,0.1,0.1,0.1,0.75,0.0,0.75,dRI,AI,dRI:AI,-0.2
B_attacker_costs,0.1,0.1,0.1,0.75,0.0,0.8,dRI,AI,dRI:AI,-0.2
B_attacker_costs,0.1,0.1,0.1,0.75,0.0,0.85,dRI,AI,dRI:AI,-0.2
B_attacker_costs,0.1,0.1,0.1,0.75,0.0,0.9,dRI,AI,dRI:AI,-0.2
B_attacker_costs,0.1,0.1,0.1,0.75,0.0,0.95,dRI,AI,dRI:AI,-0.2
B_attacker_costs,0.1,0.1,0.1,0.75,0.0,1.0,dRI,AI,dRI:AI,-0.2
B_attacker_costs,0.1,0.1,0.1,0.75,0.05,0.0,dRID,AD,dRID:AD,-0.49602
B_attacker_costs,0.1,0.1,0.1,0.75,0.05,0.05,dRID,AD,dRID:AD,-0.49602
B_attacker_costs,0.1,0.1,0.1,0.75,0.05,0.1,dRID,AD,dRID:AD,-0.49602
B_attacker_costs,0.1,0.1,0.1,0.75,0.05,0.15,dRID,AD,dRID:AD,-0.49602
B_attacker_costs,0.1,0.1,0.1,0.75,0.05,0.2,dRID,A0,dRID:A0,-0.30000000000000004
B_attacker_costs,0.1,0.1,0.1,0.75,0.05,0.25,dRID,A0,dRID:A0,-0.30000000000000004
B_attacker_costs,0.1,0.1,0.1,0.75,0.05,0.3,dRID,A0,dRID:A0,-0.30000000000000004
B_attacker_costs,0.1,0.1,0.1,0.75,0.05,0.35,dRID,A0,dRID:A0,-0.30000000000000004
B_attacker_costs,0.1,0.1,0.1,0.75,0.05,0.4,dRID,A0,dRID:A0,-0.30000000000000004
B_attacker_costs,0.1,0.1,0.1,0.75,0.05,0.45,dRI,A0,dRI:A0,-0.2
B_attacker_costs,0.1,0.1,0.1,0.75,0.05,0.5,dRI,A0,dRI:A0,-0.2
B_attacker_costs,0.1,0.1,0.1,0.75,0.05,0.55,dRI,A0,dRI:A0,-0.2
B_attacker_costs,0.1,0.1,0.1,0.75,0.05,0.6,dRI,A0,dRI:A0,-0.2
B_attacker_costs,0.1,0.1,0.1,0.75,0.05,0.65,dRI,A0,dRI:A0,-0.2
B_attacker_costs,0.1,0.1,0.1,0.75,0.05,0.7,dRI,A0,dRI:A0,-0.2
B_attacker_costs,0.1,0.1,0.1,0.75,0.05,0.75,dRI,A0,dRI:A0,-0.2
B_attacker_costs,0.1,0.1,0.1,0.75,0.05,0.8,dRI,A0,dRI:A0,-0.2
B_attacker_costs,0.1,0.1,0.1,0.75,0.05,0.85,dRI,A0,dRI:A0,-0.2
B_attacker_costs,0.1,0.1,0.1,0.75,0.05,0.9,dRI,A0,dRI:A0,-0.2
B_attacker_costs,0.1,0.1,0.1,0.75,0.05,0.95,dRI,A0,dRI:A0,-0.2
B_attacker_costs,0.1,0.1,0.1,0.75,0.05,1.0,dRI,A0,dRI:A0,-0.2
B_attacker_costs,0.1,0.1,0.1,0.75,0.1,0.0,dRID,AD,dRID:AD,-0.49602
B_attacker_costs,0.1,0.1,0.1,0.75,0.1,0.05,dRID,AD,dRID:AD,-0.49602
B_attacker_costs,0.1,0.1,0.1,0.75,0.1,0.1,dRID,AD,dRID:AD,-0.49602
B_attacker_costs,0.1,0.1,0.1,0.75,0.1,0.15,dRID,AD,dRID:AD,-0.49602
B_attacker_costs,0.1,0.1,0.1,0.75,0.1,0.2,dRID,A0,dRID:A0,-0.30000000000000004
B_attacker_costs,0.1,0.1,0.1,0.75,0.1,0.25,dRID,A0,dRID:A0,-0.30000000000000004
B_attacker_costs,0.1,0.1,0.1,0.75,0.1,0.3,dRID,A0,dRID:A0,-0.30000000000000004
B_attacker_costs,0.1,0.1,0.1,0.75,0.1,0.35,dRID,A0,dRID:A0,-0.30000000000000004
B_attacker_costs,0.1,0.1,0.1,0.75,0.1,0.4,dRID,A0,dRID:A0,-0.30000000000000004
B_attacker_costs,0.1,0.1,0.1,0.75,0.1,0.45,dRI,A0,dRI:A0,-0.2
B_attacker_costs,0.1,0.1,0.1,0.75,0.1,0.5,dRI,A0,dRI:A0,-0.2
B_attacker_costs,0.1,0.1,0.1,0.75,0.1,0.55,dRI,A0,dRI:A0,-0.2
B_attacker_costs,0.1,0.1,0.1,0.75,0.1,0.6,dRI,A0,dRI:A0,-0.2
B_attacker_costs,0.1,0.1,0.1,0.75,0.1,0.65,dRI,A0,dRI:A0,-0.2
B_attacker_costs,0.1,0.1,0.1,0.75,0.1,0.7,dRI,A0,dRI:A0,-0.2
B_attacker_costs,0.1,0.1,0.1,0.75,0.1,0.75,dRI,A0,dRI:A0,-0.2
B_attacker_costs,0.1,0.1,0.1,0.75,0.1,0.8,dRI,A0,dRI:A0,-0.2
B_attacker_costs,0.1,0.1,0.1,0.75,0.1,0.85,dRI,A0,dRI:A0,-0.2
B_attacker_costs,0.1,0.1,0.1,0.75,0.1,0.9,dRI,A0,dRI:A0,-0.2
B_attacker_costs,0.1,0.1,0.1,0.75,0.1,0.95,dRI,A0,dRI:A0,-0.2
B_attacker_costs,0.1,0.1,0.1,0.75,0.1,1.0,dRI,A0,dRI:A0,-0.2
B_attacker_costs,0.1,0.1,0.1,0.75,0.15,0.0,dRID,AD,dRID:AD,-0.49602
B_attacker_costs,0.1,0.1,0.1,0.75,0.15,0.05,dRID,AD,dRID:AD,-0.49602
B_attacker_costs,0.1,0.1,0.1,0.75,0.15,0.1,dRID,AD,dRID:AD,-0.49602
B_attacker_costs,0.1,0.1,0.1,0.75,0.15,0.15,dRID,AD,dRID:AD,-0.49602
B_attacker_costs,0.1,0.1,0.1,0.75,0.15,0.2,dRID,A0,dRID:A0,-0.30000000000000004
B_attacker_costs,0.1,0.1,0.1,0.75,0.15,0.25,dRID,A0,dRID:A0,-0.30000000000000004
B_attacker_costs,0.1,0.1,0.1,0.75,0.15,0.3,dRID,A0,dRID:A0,-0.30000000000000004
B_attacker_costs,0.1,0.1,0.1,0.75,0.15,0.35,dRID,A0,dRID:A0,-0.30000000000000004
B_attacker_costs,0.1,0.1,0.1,0.75,0.15,0.4,dRID,A0,dRID:A0,-0.30000000000000004
B_attacker_costs,0.1,0.1,0.1,0.75,0.15,0.45,dRI,A0,dRI:A0,-0.2
B_attacker_costs,0.1,0.1,0.1,0.75,0.15,0.5,dRI,A0,dRI:A0,-0.2
B_attacker_costs,0.1,0.1,0.1,0.75,0.15,0.55,dRI,A0,dRI:A0,-0.2
B_attacker_costs,0.1,0.1,0.1,0.75,0.15,0.6,dRI,A0,dRI:A0,-0.2
B_attacker_costs,0.1,0.1,0.1,0.75,0.15,0.65,dRI,A0,dRI:A0,-0.2
B_attacker_costs,0.1,0.1,0.1,0.75,0.15,0.7,dRI,A0,dRI:A0,-0.2
B_attacker_costs,0.1,0.1,0.1,0.75,0.15,0.75,dRI,A0,dRI:A0,-0.2
B_attacker_costs,0.1,0.1,0.1,0.75,0.15,0.8,dRI,A0,dRI:A0,-0.2
B_attacker_costs,0.1,0.1,0.1,0.75,0.15,0.85,dRI,A0,dRI:A0,-0.2
B_attacker_costs,0.1,0.1,0.1,0.75,0.15,0.9,dRI,A0,dRI:A0,-0.2
B_attacker_costs,0.1,0.1,0.1,0.75,0.15,0.95,dRI,A0,dRI:A0,-0.2
B_attacker_costs,0.1,0.1,0.1,0.75,0.15,1.0,dRI,A0,dRI:A0,-0.2
B_attacker_costs,0.1,0.1,0.1,0.75,0.2,0.0,dRID,AD,dRID:AD,-0.49602
B_attacker_costs,0.1,0.1,0.1,0.75,0.2,0.05,dRID,AD,dRID:AD,-0.49602
B_attacker_costs,0.1,0.1,0.1,0.75,0.2,0.1,dRID,AD,dRID:AD,-0.49602
B_attacker_costs,0.1,0.1,0.1,0.75,0.2,0.15,dRID,AD,dRID:AD,-0.49602
B_attacker_costs,0.1,0.1,0.1,0.75,0.2,0.2,dRID,A0,dRID:A0,-0.30000000000000004
B_attacker_costs,0.1,0.1,0.1,0.75,0.2,0.25,dRID,A0,dRID:A0,-0.30000000000000004
B_attacker_costs,0.1,0.1,0.1,0.75,0.2,0.3,dRID,A0,dRID:A0,-0.30000000000000004
B_attacker_costs,0.1,0.1,0.1,0.75,0.2,0.35,dRID,A0,dRID:A0,-0.30000000000000004
B_attacker_costs,0.1,0.1,0.1,0.75,0.2,0.4,dRID,A0,dRID:A0,-0.30000000000000004
B_attacker_costs,0.1,0.1,0.1,0.75,0.2,0.45,dRI,A0,dRI:A0,-0.2
B_attacker_costs,0.1,0.1,0.1,0.75,0.2,0.5,dRI,A0,dRI:A0,-0.2
B_attacker_costs,0.1,0.1,0.1,0.75,0.2,0.55,dRI,A0,dRI:A0,-0.2
B_attacker_costs,0.1,0.1,0.1,0.75,0.2,0.6,dRI,A0,dRI:A0,-0.2
B_attacker_costs,0.1,0.1,0.1,0.75,0.2,0.65,dRI,A0,dRI:A0,-0.2
B_attacker_costs,0.1,0.1,0.1,0.75,0.2,0.7,dRI,A0,dRI:A0,-0.2
B_attacker_costs,0.1,0.1,0.1,0.75,0.2,0.75,dRI,A0,dRI:A0,-0.2
B_attacker_costs,0.1,0.1,0.1,0.75,0.2,0.8,dRI,A0,dRI:A0,-0.2
B_attacker_costs,0.1,0.1,0.1,0.75,0.2,0.85,dRI,A0,dRI:A0,-0.2
B_attacker_costs,0.1,0.1,0.1,0.75,0.2,0.9,dRI,A0,dRI:A0,-0.2
B_attacker_costs,0.1,0.1,0.1,0.75,0.2,0.95,dRI,A0,dRI:A0,-0.2
B_attacker_costs,0.1,0.1,0.1,0.75,0.2,1.0,dRI,A0,dRI:A0,-0.2
B_attacker_costs,0.1,0.1,0.1,0.75,0.25,0.0,dRID,AD,dRID:AD,-0.49602
B_attacker_costs,0.1,0.1,0.1,0.75,0.25,0.05,dRID,AD,dRID:AD,-0.49602
B_attacker_costs,0.1,0.1,0.1,0.75,0.25,0.1,dRID,AD,dRID:AD,-0.49602
B_attacker_costs,0.1,0.1,0.1,0.75,0.25,0.15,dRID,AD,dRID:AD,-0.49602
B_attacker_costs,0.1,0.1,0.1,0.75,0.25,0.2,dRID,A0,dRID:A0,-0.30000000000000004
B_attacker_costs,0.1,0.1,0.1,0.75,0.25,0.25,dRID,A0,dRID:A0,-0.30000000000000004
B_attacker_costs,0.1,0.1,0.1,0.75,0.25,0.3,dRID,A0,dRID:A0,-0.30000000000000004
B_attacker_costs,0.1,0.1,0.1,0.75,0.25,0.35,dRID,A0,dRID:A0,-0.30000000000000004
B_attacker_costs,0.1,0.1,0.1,0.75,0.25,0.4,dRID,A0,dRID:A0,-0.30000000000000004
B_attacker_costs,0.1,0.1,0.1,0.75,0.25,0.45,dRI,A0,dRI:A0,-0.2
B_attacker_costs,0.1,0.1,0.1,0.75,0.25,0.5,dRI,A0,dRI:A0,-0.2
B_attacker_costs,0.1,0.1,0.1,0.75,0.25,0.55,dRI,A0,dRI:A0,-0.2
B_attacker_costs,0.1,0.1,0.1,0.75,0.25,0.6,dRI,A0,dRI:A0,-0.2
B_attacker_costs,0.1,0.1,0.1,0.75,0.25,0.65,dRI,A0,dRI:A0,-0.2
B_attacker_costs,0.1,0.1,0.1,0.75,0.25,0.7,dRI,A0,dRI:A0,-0.2
B_attacker_costs,0.1,0.1,0.1,0.75,0.25,0.75,dRI,A0,dRI:A0,-0.2
B_attacker_costs,0.1,0.1,0.1,0.75,0.25,0.8,dRI,A0,dRI:A0,-0.2
B_attacker_costs,0.1,0.1,0.1,0.75,0.25,0.85,dRI,A0,dRI:A0,-0.2
B_attacker_costs,0.1,0.1,0.1,0.75,0.25,0.9,dRI,A0,dRI:A0,-0.2
B_attacker_costs,0.1,0.1,0.1,0.75,0.25,0.95,dRI,A0,dRI:A0,-0.2
B_attacker_costs,0.1,0.1,0.1,0.75,0.25,1.0,dRI,A0,dRI:A0,-0.2
B_attacker_costs,0.1,0.1,0.1,0.75,0.3,0.0,dRID,AD,dRID:AD,-0.49602
B_attacker_costs,0.1,0.1,0.1,0.75,0.3,0.05,dRID,AD,dRID:AD,-0.49602
B_attacker_costs,0.1,0.1,0.1,0.75,0.3,0.1,dRID,AD,dRID:AD,-0.49602
B_attacker_costs,0.1,0.1,0.1,0.75,0.3,0.15,dRID,AD,dRID:AD,-0.49602
B_attacker_costs,0.1,0.1,0.1,0.75,0.3,0.2,dRID,A0,dRID:A0,-0.30000000000000004
B_attacker_costs,0.1,0.1,0.1,0.75,0.3,0.25,dRID,A0,dRID:A0,-0.30000000000000004
B_attacker_costs,0.1,0.1,0.1,0.75,0.3,0.3,dRID,A0,dRID:A0,-0.30000000000000004
B_attacker_costs,0.1,0.1,0.1,0.75,0.3,0.35,dRID,A0,dRID:A0,-0.30000000000000004
B_attacker_costs,0.1,0.1,0.1,0.75,0.3,0.4,dRID,A0,dRID:A0,-0.30000000000000004
B_attacker_costs,0.1,0.1,0.1,0.75,0.3,0.45,dRI,A0,dRI:A0,-0.2
B_attacker_costs,0.1,0.1,0.1,0.75,0.3,0.5,dRI,A0,dRI:A0,-0.2
B_attacker_costs,0.1,0.1,0.1,0.75,0.3,0.55,dRI,A0,dRI:A0,-0.2
B_attacker_costs,0.1,0.1,0.1,0.75,0.3,0.6,dRI,A0,dRI:A0,-0.2
B_attacker_costs,0.1,0.1,0.1,0.75,0.3,0.65,dRI,A0,dRI:A0,-0.2
B_attacker_costs,0.1,0.1,0.1,0.75,0.3,0.7,dRI,A0,dRI:A0,-0.2
B_attacker_costs,0.1,0.1,0.1,0.75,0.3,0.75,dRI,A0,dRI:A0,-0.2
B_attacker_costs,0.1,0.1,0.1,0.75,0.3,0.8,dRI,A0,dRI:A0,-0.2
B_attacker_costs,0.1,0.1,0.1,0.75,0.3,0.85,dRI,A0,dRI:A0,-0.2
B_attacker_costs,0.1,0.1,0.1,0.75,0.3,0.9,dRI,A0,dRI:A0,-0.2
B_attacker_costs,0.1,0.1,0.1,0.75,0.3,0.95,dRI,A0,dRI:A0,-0.2
B_attacker_costs,0.1,0.1,0.1,0.75,0.3,1.0,dRI,A0,dRI:A0,-0.2
B_attacker_costs,0.1,0.1,0.1,0.75,0.35,0.0,dRID,AD,dRID:AD,-0.49602
B_attacker_costs,0.1,0.1,0.1,0.75,0.35,0.05,dRID,AD,dRID:AD,-0.49602
B_attacker_costs,0.1,0.1,0.1,0.75,0.35,0.1,dRID,AD,dRID:AD,-0.49602
B_attacker_costs,0.1,0.1,0.1,0.75,0.35,0.15,dRID,AD,dRID:AD,-0.49602
B_attacker_costs,0.1,0.1,0.1,0.75,0.35,0.2,dRID,A0,dRID:A0,-0.30000000000000004
B_attacker_costs,0.1,0.1,0.1,0.75,0.35,0.25,dRID,A0,dRID:A0,-0.30000000000000004
B_attacker_costs,0.1,0.1,0.1,0.75,0.35,0.3,dRID,A0,dRID:A0,-0.30000000000000004
B_attacker_costs,0.1,0.1,0.1,0.75,0.35,0.35,dRID,A0,dRID:A0,-0.30000000000000004
B_attacker_costs,0.1,0.1,0.1,0.75,0.35,0.4,dRID,A0,dRID:A0,-0.30000000000000004
B_attacker_costs,0.1,0.1,0.1,0.75,0.35,0.45,dRI,A0,dRI:A0,-0.2
B_attacker_costs,0.1,0.1,0.1,0.75,0.35,0.5,dRI,A0,dRI:A0,-0.2
B_attacker_costs,0.1,0.1,0.1,0.75,0.35,0.55,dRI,A0,dRI:A0,-0.2
B_attacker_costs,0.1,0.1,0.1,0.75,0.35,0.6,dRI,A0,dRI:A0,-0.2
B_attacker_costs,0.1,0.1,0.1,0.75,0.35,0.65,dRI,A0,dRI:A0,-0.2
B_attacker_costs,0.1,0.1,0.1,0.75,0.35,0.7,dRI,A0,dRI:A0,-0.2
B_attacker_costs,0.1,0.1,0.1,0.75,0.35,0.75,dRI,A0,dRI:A0,-0.2
B_attacker_costs,0.1,0.1,0.1,0.75,0.35,0.8,dRI,A0,dRI:A0,-0.2
B_attacker_costs,0.1,0.1,0.1,0.75,0.35,0.85,dRI,A0,dRI:A0,-0.2
B_attacker_costs,0.1,0.1,0.1,0.75,0.35,0.9,dRI,A0,dRI:A0,-0.2
B_attacker_costs,0.1,0.1,0.1,0.75,0.35,0.95,dRI,A0,dRI:A0,-0.2
B_attacker_costs,0.1,0.1,0.1,0.75,0.35,1.0,dRI,A0,dRI:A0,-0.2
B_attacker_costs,0.1,0.1,0.1,0.75,0.4,0.0,dRID,AD,dRID:AD,-0.49602
B_attacker_costs,0.1,0.1,0.1,0.75,0.4,0.05,dRID,AD,dRID:AD,-0.49602
B_attacker_costs,0.1,0.1,0.1,0.75,0.4,0.1,dRID,AD,dRID:AD,-0.49602
B_attacker_costs,0.1,0.1,0.1,0.75,0.4,0.15,dRID,AD,dRID:AD,-0.49602
B_attacker_costs,0.1,0.1,0.1,0.75,0.4,0.2,dRID,A0,dRID:A0,-0.30000000000000004
B_attacker_costs,0.1,0.1,0.1,0.75,0.4,0.25,dRID,A0,dRID:A0,-0.30000000000000004
B_attacker_costs,0.1,0.1,0.1,0.75,0.4,0.3,dRID,A0,dRID:A0,-0.30000000000000004
B_attacker_costs,0.1,0.1,0.1,0.75,0.4,0.35,dRID,A0,dRID:A0,-0.30000000000000004
B_attacker_costs,0.1,0.1,0.1,0.75,0.4,0.4,dRID,A0,dRID:A0,-0.30000000000000004
B_attacker_costs,0.1,0.1,0.1,0.75,0.4,0.45,dRI,A0,dRI:A0,-0.2
B_attacker_costs,0.1,0.1,0.1,0.75,0.4,0.5,dRI,A0,dRI:A0,-0.2
B_attacker_costs,0.1,0.1,0.1,0.75,0.4,0.55,dRI,A0,dRI:A0,-0.2
B_attacker_costs,0.1,0.1,0.1,0.75,0.4,0.6,dRI,A0,dRI:A0,-0.2
B_attacker_costs,0.1,0.1,0.1,0.75,0.4,0.65,dRI,A0,dRI:A0,-0.2
B_attacker_costs,0.1,0.1,0.1,0.75,0.4,0.7,dRI,A0,dRI:A0,-0.2
B_attacker_costs,0.1,0.1,0.1,0.75,0.4,0.75,dRI,A0,dRI:A0,-0.2
B_attacker_costs,0.1,0.1,0.1,0.75,0.4,0.8,dRI,A0,dRI:A0,-0.2
B_attacker_costs,0.1,0.1,0.1,0.75,0.4,0.85,dRI,A0,dRI:A0,-0.2
B_attacker_costs,0.1,0.1,0.1,0.75,0.4,0.9,dRI,A0,dRI:A0,-0.2
B_attacker_costs,0.1,0.1,0.1,0.75,0.4,0.95,dRI,A0,dRI:A0,-0.2
B_attacker_costs,0.1,0.1,0.1,0.75,0.4,1.0,dRI,A0,dRI:A0,-0.2
B_attacker_costs,0.1,0.1,0.1,0.75,0.45,0.0,dRID,AD,dRID:AD,-0.49602
B_attacker_costs,0.1,0.1,0.1,0.75,0.45,0.05,dRID,AD,dRID:AD,-0.49602
B_attacker_costs,0.1,0.1,0.1,0.75,0.45,0.1,dRID,AD,dRID:AD,-0.49602
B_attacker_costs,0.1,0.1,0.1,0.75,0.45,0.15,dRID,AD,dRID:AD,-0.49602
B_attacker_costs,0.1,0.1,0.1,0.75,0.45,0.2,dRID,A0,dRID:A0,-0.30000000000000004
B_attacker_costs,0.1,0.1,0.1,0.75,0.45,0.25,dRID,A0,dRID:A0,-0.30000000000000004
B_attacker_costs,0.1,0.1,0.1,0.75,0.45,0.3,dRID,A0,dRID:A0,-0.30000000000000004
B_attacker_costs,0.1,0.1,0.1,0.75,0.45,0.35,dRID,A0,dRID:A0,-0.30000000000000004
B_attacker_costs,0.1,0.1,0.1,0.75,0.45,0.4,dRID,A0,dRID:A0,-0.30000000000000004
B_attacker_costs,0.1,0.1,0.1,0.75,0.45,0.45,dRI,A0,dRI:A0,-0.2
B_attacker_costs,0.1,0.1,0.1,0.75,0.45,0.5,dRI,A0,dRI:A0,-0.2
B_attacker_costs,0.1,0.1,0.1,0.75,0.45,0.55,dRI,A0,dRI:A0,-0.2
B_attacker_costs,0.1,0.1,0.1,0.75,0.45,0.6,dRI,A0,dRI:A0,-0.2
B_attacker_costs,0.1,0.1,0.1,0.75,0.45,0.65,dRI,A0,dRI:A0,-0.2
B_attacker_costs,0.1,0.1,0.1,0.75,0.45,0.7,dRI,A0,dRI:A0,-0.2
B_attacker_costs,0.1,0.1,0.1,0.75,0.45,0.75,dRI,A0,dRI:A0,-0.2
B_attacker_costs,0.1,0.1,0.1,0.75,0.45,0.8,dRI,A0,dRI:A0,-0.2
B_attacker_costs,0.1,0.1,0.1,0.75,0.45,0.85,dRI,A0,dRI:A0,-0.2
B_attacker_costs,0.1,0.1,0.1,0.75,0.45,0.9,dRI,A0,dRI:A0,-0.2
B_attacker_costs,0.1,0.1,0.1,0.75,0.45,0.95,dRI,A0,dRI:A0,-0.2
B_attacker_costs,0.1,0.1,0.1,0.75,0.45,1.0,dRI,A0,dRI:A0,-0.2
B_attacker_costs,0.1,0.1,0.1,0.75,0.5,0.0,dRID,AD,dRID:AD,-0.49602
B_attacker_costs,0.1,0.1,0.1,0.75,0.5,0.05,dRID,AD,dRID:AD,-0.49602
B_attacker_costs,0.1,0.1,0.1,0.75,0.5,0.1,dRID,AD,dRID:AD,-0.49602
B_attacker_costs,0.1,0.1,0.1,0.75,0.5,0.15,dRID,AD,dRID:AD,-0.49602
B_attacker_costs,0.1,0.1,0.1,0.75,0.5,0.2,dRID,A0,dRID:A0,-0.30000000000000004
B_attacker_costs,0.1,0.1,0.1,0.75,0.5,0.25,dRID,A0,dRID:A0,-0.30000000000000004
B_attacker_costs,0.1,0.1,0.1,0.75,0.5,0.3,dRID,A0,dRID:A0,-0.30000000000000004
B_attacker_costs,0.1,0.1,0.1,0.75,0.5,0.35,dRID,A0,dRID:A0,-0.30000000000000004
B_attacker_costs,0.1,0.1,0.1,0.75,0.5,0.4,dRID,A0,dRID:A0,-0.30000000000000004
B_attacker_costs,0.1,0.1,0.1,0.75,0.5,0.45,dRI,A0,dRI:A0,-0.2
B_attacker_costs,0.1,0.1,0.1,0.75,0.5,0.5,dRI,A0,dRI:A0,-0.2
B_attacker_costs,0.1,0.1,0.1,0.75,0.5,0.55,dRI,A0,dRI:A0,-0.2
B_attacker_costs,0.1,0.1,0.1,0.75,0.5,0.6,dRI,A0,dRI:A0,-0.2
B_attacker_costs,0.1,0.1,0.1,0.75,0.5,0.65,dRI,A0,dRI:A0,-0.2
B_attacker_costs,0.1,0.1,0.1,0.75,0.5,0.7,dRI,A0,dRI:A0,-0.2
B_attacker_costs,0.1,0.1,0.1,0.75,0.5,0.75,dRI,A0,dRI:A0,-0.2
B_attacker_costs,0.1,0.1,0.1,0.75,0.5,0.8,dRI,A0,dRI:A0,-0.2
B_attacker_costs,0.1,0.1,0.1,0.75,0.5,0.85,dRI,A0,dRI:A0,-0.2
B_attacker_costs,0.1,0.1,0.1,0.75,0.5,0.9,dRI,A0,dRI:A0,-0.2
B_attacker_costs,0.1,0.1,0.1,0.75,0.5,0.95,dRI,A0,dRI:A0,-0.2
B_attacker_costs,0.1,0.1,0.1,0.75,0.5,1.0,dRI,A0,dRI:A0,-0.2
B_attacker_costs,0.1,0.1,0.1,0.75,0.55,0.0,dRID,AD,dRID:AD,-0.49602
B_attacker_costs,0.1,0.1,0.1,0.75,0.55,0.05,dRID,AD,dRID:AD,-0.49602
B_attacker_costs,0.1,0.1,0.1,0.75,0.55,0.1,dRID,AD,dRID:AD,-0.49602
B_attacker_costs,0.1,0.1,0.1,0.75,0.55,0.15,dRID,AD,dRID:AD,-0.49602
B_attacker_costs,0.1,0.1,0.1,0.75,0.55,0.2,dRID,A0,dRID:A0,-0.30000000000000004
B_attacker_costs,0.1,0.1,0.1,0.75,0.55,0.25,dRID,A0,dRID:A0,-0.30000000000000004
B_attacker_costs,0.1,0.1,0.1,0.75,0.55,0.3,dRID,A0,dRID:A0,-0.30000000000000004
B_attacker_costs,0.1,0.1,0.1,0.75,0.55,0.35,dRID,A0,dRID:A0,-0.30000000000000004
B_attacker_costs,0.1,0.1,0.1,0.75,0.55,0.4,dRID,A0,dRID:A0,-0.30000000000000004
B_attacker_costs,0.1,0.1,0.1,0.75,0.55,0.45,dRI,A0,dRI:A0,-0.2
B_attacker_costs,0.1,0.1,0.1,0.75,0.55,0.5,dRI,A0,dRI:A0,-0.2
B_attacker_costs,0.1,0.1,0.1,0.75,0.55,0.55,dRI,A0,dRI:A0,-0.2
B_attacker_costs,0.1,0.1,0.1,0.75,0.55,0.6,dRI,A0,dRI:A0,-0.2
B_attacker_costs,0.1,0.1,0.1,0.75,0.55,0.65,dRI,A0,dRI:A0,-0.2
B_attacker_costs,0.1,0.1,0.1,0.75,0.55,0.7,dRI,A0,dRI:A0,-0.2
B_attacker_costs,0.1,0.1,0.1,0.75,0.55,0.75,dRI,A0,dRI:A0,-0.2
B_attacker_costs,0.1,0.1,0.1,0.75,0.55,0.8,dRI,A0,dRI:A0,-0.2
B_attacker_costs,0.1,0.1,0.1,0.75,0.55,0.85,dRI,A0,dRI:A0,-0.2
B_attacker_costs,0.1,0.1,0.1,0.75,0.55,0.9,dRI,A0,dRI:A0,-0.2
B_attacker_costs,0.1,0.1,0.1,0.75,0.55,0.95,dRI,A0,dRI:A0,-0.2
B_attacker_costs,0.1,0.1,0.1,0.75,0.55,1.0,dRI,A0,dRI:A0,-0.2
B_attacker_costs,0.1,0.1,0.1,0.75,0.6,0.0,d0,AD,d0:AD,-0.43377
B_attacker_costs,0.1,0.1,0.1,0.75,0.6,0.05,dRID,AD,dRID:AD,-0.49602
B_attacker_costs,0.1,0.1,0.1,0.75,0.6,0.1,dRID,AD,dRID:AD,-0.49602
B_attacker_costs,0.1,0.1,0.1,0.75,0.6,0.15,dRID,AD,dRID:AD,-0.49602
B_attacker_costs,0.1,0.1,0.1,0.75,0.6,0.2,dRID,A0,dRID:A0,-0.30000000000000004
B_attacker_costs,0.1,0.1,0.1,0.75,0.6,0.25,dRID,A0,dRID:A0,-0.30000000000000004
B_attacker_costs,0.1,0.1,0.1,0.75,0.6,0.3,dRID,A0,dRID:A0,-0.30000000000000004
B_attacker_costs,0.1,0.1,0.1,0.75,0.6,0.35,dRID,A0,dRID:A0,-0.30000000000000004
B_attacker_costs,0.1,0.1,0.1,0.75,0.6,0.4,dRID,A0,dRID:A0,-0.30000000000000004
B_attacker_costs,0.1,0.1,0.1,0.75,0.6,0.45,dRI,A0,dRI:A0,-0.2
B_attacker_costs,0.1,0.1,0.1,0.75,0.6,0.5,dRI,A0,dRI:A0,-0.2
B_attacker_costs,0.1,0.1,0.1,0.75,0.6,0.55,dRI,A0,dRI:A0,-0.2
B_attacker_costs,0.1,0.1,0.1,0.75,0.6,0.6,dRI,A0,dRI:A0,-0.2
B_attacker_costs,0.1,0.1,0.1,0.75,0.6,0.65,dRI,A0,dRI:A0,-0.2
B_attacker_costs,0.1,0.1,0.1,0.75,0.6,0.7,dRI,A0,dRI:A0,-0.2
B_attacker_costs,0.1,0.1,0.1,0.75,0.6,0.75,dRI,A0,dRI:A0,-0.2
B_attacker_costs,0.1,0.1,0.1,0.75,0.6,0.8,dRI,A0,dRI:A0,-0.2
B_attacker_costs,0.1,0.1,0.1,0.75,0.6,0.85,dRI,A0,dRI:A0,-0.2
B_attacker_costs,0.1,0.1,0.1,0.75,0.6,0.9,dRI,A0,dRI:A0,-0.2
B_attacker_costs,0.1,0.1,0.1,0.75,0.6,0.95,dRI,A0,dRI:A0,-0.2
B_attacker_costs,0.1,0.1,0.1,0.75,0.6,1.0,dRI,A0,dRI:A0,-0.2
B_attacker_costs,0.1,0.1,0.1,0.75,0.65,0.0,d0,AD,d0:AD,-0.43377
B_attacker_costs,0.1,0.1,0.1,0.75,0.65,0.05,d0,AD,d0:AD,-0.43377
B_attacker_costs,0.1,0.1,0.1,0.75,0.65,0.1,dRID,AD,dRID:AD,-0.49602
B_attacker_costs,0.1,0.1,0.1,0.75,0.65,0.15,dRID,AD,dRID:AD,-0.49602
B_attacker_costs,0.1,0.1,0.1,0.75,0.65,0.2,dRID,A0,dRID:A0,-0.30000000000000004
B_attacker_costs,0.1,0.1,0.1,0.75,0.65,0.25,dRID,A0,dRID:A0,-0.30000000000000004
B_attacker_costs,0.1,0.1,0.1,0.75,0.65,0.3,dRID,A0,dRID:A0,-0.30000000000000004
B_attacker_costs,0.1,0.1,0.1,0.75,0.65,0.35,dRID,A0,dRID:A0,-0.30000000000000004
B_attacker_costs,0.1,0.1,0.1,0.75,0.65,0.4,dRID,A0,dRID:A0,-0.30000000000000004
B_attacker_costs,0.1,0.1,0.1,0.75,0.65,0.45,dRI,A0,dRI:A0,-0.2
B_attacker_costs,0.1,0.1,0.1,0.75,0.65,0.5,dRI,A0,dRI:A0,-0.2
B_attacker_costs,0.1,0.1,0.1,0.75,0.65,0.55,dRI,A0,dRI:A0,-0.2
B_attacker_costs,0.1,0.1,0.1,0.75,0.65,0.6,dRI,A0,dRI:A0,-0.2
B_attacker_costs,0.1,0.1,0.1,0.75,0.65,0.65,dRI,A0,dRI:A0,-0.2
B_attacker_costs,0.1,0.1,0.1,0.75,0.65,0.7,dRI,A0,dRI:A0,-0.2
B_attacker_costs,0.1,0.1,0.1,0.75,0.65,0.75,dRI,A0,dRI:A0,-0.2
B_attacker_costs,0.1,0.1,0.1,0.75,0.65,0.8,dRI,A0,dRI:A0,-0.2
B_attacker_costs,0.1,0.1,0.1,0.75,0.65,0.85,dRI,A0,dRI:A0,-0.2
B_attacker_costs,0.1,0.1,0.1,0.75,0.65,0.9,dRI,A0,dRI:A0,-0.2
B_attacker_costs,0.1,0.1,0.1,0.75,0.65,0.95,dRI,A0,dRI:A0,-0.2
B_attacker_costs,0.1,0.1,0.1,0.75,0.65,1.0,dRI,A0,dRI:A0,-0.2
B_attacker_costs,0.1,0.1,0.1,0.75,0.7,0.0,d0,AD,d0:AD,-0.43377
B_attacker_costs,0.1,0.1,0.1,0.75,0.7,0.05,d0,AD,d0:AD,-0.43377
B_attacker_costs,0.1,0.1,0.1,0.75,0.7,0.1,d0,AD,d0:AD,-0.43377
B_attacker_costs,0.1,0.1,0.1,0.75,0.7,0.15,dRID,AD,dRID:AD,-0.49602
B_attacker_costs,0.1,0.1,0.1,0.75,0.7,0.2,dRID,A0,dRID:A0,-0.30000000000000004
B_attacker_costs,0.1,0.1,0.1,0.75,0.7,0.25,dRID,A0,dRID:A0,-0.30000000000000004
B_attacker_costs,0.1,0.1,0.1,0.75,0.7,0.3,dRID,A0,dRID:A0,-0.30000000000000004
B_attacker_costs,0.1,0.1,0.1,0.75,0.7,0.35,dRID,A0,dRID:A0,-0.30000000000000004
B_attacker_costs,0.1,0.1,0.1,0.75,0.7,0.4,dRID,A0,dRID:A0,-0.30000000000000004
B_attacker_costs,0.1,0.1,0.1,0.75,0.7,0.45,dRI,A0,dRI:A0,-0.2
B_attacker_costs,0.1,0.1,0.1,0.75,0.7,0.5,dRI,A0,dRI:A0,-0.2
B_attacker_costs,0.1,0.1,0.1,0.75,0.7,0.55,dRI,A0,dRI:A0,-0.2
B_attacker_costs,0.1,0.1,0.1,0.75,0.7,0.6,dRI,A0,dRI:A0,-0.2
B_attacker_costs,0.1,0.1,0.1,0.75,0.7,0.65,dRI,A0,dRI:A0,-0.2
B_attacker_costs,0.1,0.1,0.1,0.75,0.7,0.7,dRI,A0,dRI:A0,-0.2
B_attacker_costs,0.1,0.1,0.1,0.75,0.7,0.75,dRI,A0,dRI:A0,-0.2
B_attacker_costs,0.1,0.1,0.1,0.75,0.7,0.8,dRI,A0,dRI:A0,-0.2
B_attacker_costs,0.1,0.1,0.1,0.75,0.7,0.85,dRI,A0,dRI:A0,-0.2
B_attacker_costs,0.1,0.1,0.1,0.75,0.7,0.9,dRI,A0,dRI:A0,-0.2
B_attacker_costs,0.1,0.1,0.1,0.75,0.7,0.95,dRI,A0,dRI:A0,-0.2
B_attacker_costs,0.1,0.1,0.1,0.75,0.7,1.0,dRI,A0,dRI:A0,-0.2
B_attacker_costs,0.1,0.1,0.1,0.75,0.75,0.0,d0,AD,d0:AD,-0.43377
B_attacker_costs,0.1,0.1,0.1,0.75,0.75,0.05,d0,AD,d0:AD,-0.43377
B_attacker_costs,0.1,0.1,0.1,0.75,0.75,0.1,d0,AD,d0:AD,-0.43377
B_attacker_costs,0.1,0.1,0.1,0.75,0.75,0.15,d0,AD,d0:AD,-0.43377
B_attacker_costs,0.1,0.1,0.1,0.75,0.75,0.2,dRID,A0,dRID:A0,-0.30000000000000004
B_attacker_costs,0.1,0.1,0.1,0.75,0.75,0.25,dRID,A0,dRID:A0,-0.30000000000000004
B_attacker_costs,0.1,0.1,0.1,0.75,0.75,0.3,dRID,A0,dRID:A0,-0.30000000000000004
B_attacker_costs,0.1,0.1,0.1,0.75,0.75,0.35,dRID,A0,dRID:A0,-0.30000000000000004
B_attacker_costs,0.1,0.1,0.1,0.75,0.75,0.4,dRID,A0,dRID:A0,-0.30000000000000004
B_attacker_costs,0.1,0.1,0.1,0.75,0.75,0.45,dRI,A0,dRI:A0,-0.2
B_attacker_costs,0.1,0.1,0.1,0.75,0.75,0.5,dRI,A0,dRI:A0,-0.2
B_attacker_costs,0.1,0.1,0.1,0.75,0.75,0.55,dRI,A0,dRI:A0,-0.2
B_attacker_costs,0.1,0.1,0.1,0.75,0.75,0.6,dRI,A0,dRI:A0,-0.2
B_attacker_costs,0.1,0.1,0.1,0.75,0.75,0.65,dRI,A0,dRI:A0,-0.2
B_attacker_costs,0.1,0.1,0.1,0.75,0.75,0.7,dRI,A0,dRI:A0,-0.2
B_attacker_costs,0.1,0.1,0.1,0.75,0.75,0.75,dRI,A0,dRI:A0,-0.2
B_attacker_costs,0.1,0.1,0.1,0.75,0.75,0.8,dRI,A0,dRI:A0,-0.2
B_attacker_costs,0.1,0.1,0.1,0.75,0.75,0.85,dRI,A0,dRI:A0,-0.2
B_attacker_costs,0.1,0.1,0.1,0.75,0.75,0.9,dRI,A0,dRI:A0,-0.2
B_attacker_costs,0.1,0.1,0.1,0.75,0.75,0.95,dRI,A0,dRI:A0,-0.2
B_attacker_costs,0.1,0.1,0.1,0.75,0.75,1.0,dRI,A0,dRI:A0,-0.2
B_attacker_costs,0.1,0.1,0.1,0.75,0.8,0.0,d0,AD,d0:AD,-0.43377
B_attacker_costs,0.1,0.1,0.1,0.75,0.8,0.05,d0,AD,d0:AD,-0.43377
B_attacker_costs,0.1,0.1,0.1,0.75,0.8,0.1,d0,AD,d0:AD,-0.43377
B_attacker_costs,0.1,0.1,0.1,0.75,0.8,0.15,d0,AD,d0:AD,-0.43377
B_attacker_costs,0.1,0.1,0.1,0.75,0.8,0.2,dRID,A0,dRID:A0,-0.30000000000000004
B_attacker_costs,0.1,0.1,0.1,0.75,0.8,0.25,dRID,A0,dRID:A0,-0.30000000000000004
B_attacker_costs,0.1,0.1,0.1,0.75,0.8,0.3,dRID,A0,dRID:A0,-0.30000000000000004
B_attacker_costs,0.1,0.1,0.1,0.75,0.8,0.35,dRID,A0,dRID:A0,-0.30000000000000004
B_attacker_costs,0.1,0.1,0.1,0.75,0.8,0.4,dRID,A0,dRID:A0,-0.30000000000000004
B_attacker_costs,0.1,0.1,0.1,0.75,0.8,0.45,dRI,A0,dRI:A0,-0.2
B_attacker_costs,0.1,0.1,0.1,0.75,0.8,0.5,dRI,A0,dRI:A0,-0.2
B_attacker_costs,0.1,0.1,0.1,0.75,0.8,0.55,dRI,A0,dRI:A0,-0.2
B_attacker_costs,0.1,0.1,0.1,0.75,0.8,0.6,dRI,A0,dRI:A0,-0.2
B_attacker_costs,0.1,0.1,0.1,0.75,0.8,0.65,dRI,A0,dRI:A0,-0.2
B_attacker_costs,0.1,0.1,0.1,0.75,0.8,0.7,dRI,A0,dRI:A0,-0.2
B_attacker_costs,0.1,0.1,0.1,0.75,0.8,0.75,dRI,A0,dRI:A0,-0.2
B_attacker_costs,0.1,0.1,0.1,0.75,0.8,0.8,dRI,A0,dRI:A0,-0.2
B_attacker_costs,0.1,0.1,0.1,0.75,0.8,0.85,dRI,A0,dRI:A0,-0.2
B_attacker_costs,0.1,0.1,0.1,0.75,0.8,0.9,dRI,A0,dRI:A0,-0.2
B_attacker_costs,0.1,0.1,0.1,0.75,0.8,0.95,dRI,A0,dRI:A0,-0.2
B_attacker_costs,0.1,0.1,0.1,0.75,0.8,1.0,dRI,A0,dRI:A0,-0.2
B_attacker_costs,0.1,0.1,0.1,0.75,0.85,0.0,dRD,AD,dRD:AD,-0.39602000000000004
B_attacker_costs,0.1,0.1,0.1,0.75,0.85,0.05,d0,AD,d0:AD,-0.43377
B_attacker_costs,0.1,0.1,0.1,0.75,0.85,0.1,d0,AD,d0:AD,-0.43377
B_attacker_costs,0.1,0.1,0.1,0.75,0.85,0.15,d0,AD,d0:AD,-0.43377
B_attacker_costs,0.1,0.1,0.1,0.75,0.85,0.2,dRID,A0,dRID:A0,-0.30000000000000004
B_attacker_costs,0.1,0.1,0.1,0.75,0.85,0.25,dRID,A0,dRID:A0,-0.30000000000000004
B_attacker_costs,0.1,0.1,0.1,0.75,0.85,0.3,dRID,A0,dRID:A0,-0.30000000000000004
B_attacker_costs,0.1,0.1,0.1,0.75,0.85,0.35,dRID,A0,dRID:A0,-0.30000000000000004
B_attacker_costs,0.1,0.1,0.1,0.75,0.85,0.4,dRID,A0,dRID:A0,-0.30000000000000004
B_attacker_costs,0.1,0.1,0.1,0.75,0.85,0.45,dRI,A0,dRI:A0,-0.2
B_attacker_costs,0.1,0.1,0.1,0.75,0.85,0.5,dRI,A0,dRI:A0,-0.2
B_attacker_costs,0.1,0.1,0.1,0.75,0.85,0.55,dRI,A0,dRI:A0,-0.2
B_attacker_costs,0.1,0.1,0.1,0.75,0.85,0.6,dRI,A0,dRI:A0,-0.2
B_attacker_costs,0.1,0.1,0.1,0.75,0.85,0.65,dRI,A0,dRI:A0,-0.2
B_attacker_costs,0.1,0.1,0.1,0.75,0.85,0.7,dRI,A0,dRI:A0,-0.2
B_attacker_costs,0.1,0.1,0.1,0.75,0.85,0.75,dRI,A0,dRI:A0,-0.2
B_attacker_costs,0.1,0.1,0.1,0.75,0.85,0.8,dRI,A0,dRI:A0,-0.2
B_attacker_costs,0.1,0.1,0.1,0.75,0.85,0.85,dRI,A0,dRI:A0,-0.2
B_attacker_costs,0.1,0.1,0.1,0.75,0.85,0.9,dRI,A0,dRI:A0,-0.2
B_attacker_costs,0.1,0.1,0.1,0.75,0.85,0.95,dRI,A0,dRI:A0,-0.2
B_attacker_costs,0.1,0.1,0.1,0.75,0.85,1.0,dRI,A0,dRI:A0,-0.2
B_attacker_costs,0.1,0.1,0.1,0.75,0.9,0.0,dRD,AD,dRD:AD,-0.39602000000000004
B_attacker_costs,0.1,0.1,0.1,0.75,0.9,0.05,dRD,AD,dRD:AD,-0.39602000000000004
B_attacker_costs,0.1,0.1,0.1,0.75,0.9,0.1,d0,AD,d0:AD,-0.43377
B_attacker_costs,0.1,0.1,0.1,0.75,0.9,0.15,d0,AD,d0:AD,-0.43377
B_attacker_costs,0.1,0.1,0.1,0.75,0.9,0.2,dRID,A0,dRID:A0,-0.30000000000000004
B_attacker_costs,0.1,0.1,0.1,0.75,0.9,0.25,dRID,A0,dRID:A0,-0.30000000000000004
B_attacker_costs,0.1,0.1,0.1,0.75,0.9,0.3,dRID,A0,dRID:A0,-0.30000000000000004
B_attacker_costs,0.1,0.1,0.1,0.75,0.9,0.35,dRID,A0,dRID:A0,-0.30000000000000004
B_attacker_costs,0.1,0.1,0.1,0.75,0.9,0.4,dRID,A0,dRID:A0,-0.30000000000000004
B_attacker_costs,0.1,0.1,0.1,0.75,0.9,0.45,dRI,A0,dRI:A0,-0.2
B_attacker_costs,0.1,0.1,0.1,0.75,0.9,0.5,dRI,A0,dRI:A0,-0.2
B_attacker_costs,0.1,0.1,0.1,0.75,0.9,0.55,dRI,A0,dRI:A0,-0.2
B_attacker_costs,0.1,0.1,0.1,0.75,0.9,0.6,dRI,A0,dRI:A0,-0.2
B_attacker_costs,0.1,0.1,0.1,0.75,0.9,0.65,dRI,A0,dRI:A0,-0.2
B_attacker_costs,0.1,0.1,0.1,0.75,0.9,0.7,dRI,A0,dRI:A0,-0.2
B_attacker_costs,0.1,0.1,0.1,0.75,0.9,0.75,dRI,A0,dRI:A0,-0.2
B_attacker_costs,0.1,0.1,0.1,0.75,0.9,0.8,dRI,A0,dRI:A0,-0.2
B_attacker_costs,0.1,0.1,0.1,0.75,0.9,0.85,dRI,A0,dRI:A0,-0.2
B_attacker_costs,0.1,0.1,0.1,0.75,0.9,0.9,dRI,A0,dRI:A0,-0.2
B_attacker_costs,0.1,0.1,0.1,0.75,0.9,0.95,dRI,A0,dRI:A0,-0.2
B_attacker_costs,0.1,0.1,0.1,0.75,0.9,1.0,dRI,A0,dRI:A0,-0.2
B_attacker_costs,0.1,0.1,0.1,0.75,0.95,0.0,dRD,AD,dRD:AD,-0.39602000000000004
B_attacker_costs,0.1,0.1,0.1,0.75,0.95,0.05,dRD,AD,dRD:AD,-0.39602000000000004
B_attacker_costs,0.1,0.1,0.1,0.75,0.95,0.1,dRD,AD,dRD:AD,-0.39602000000000004
B_attacker_costs,0.1,0.1,0.1,0.75,0.95,0.15,d0,AD,d0:AD,-0.43377
B_attacker_costs,0.1,0.1,0.1,0.75,0.95,0.2,dRID,A0,dRID:A0,-0.30000000000000004
B_attacker_costs,0.1,0.1,0.1,0.75,0.95,0.25,dRID,A0,dRID:A0,-0.30000000000000004
B_attacker_costs,0.1,0.1,0.1,0.75,0.95,0.3,dRID,A0,dRID:A0,-0.30000000000000004
B_attacker_costs,0.1,0.1,0.1,0.75,0.95,0.35,dRID,A0,dRID:A0,-0.30000000000000004
B_attacker_costs,0.1,0.1,0.1,0.75,0.95,0.4,dRID,A0,dRID:A0,-0.30000000000000004
B_attacker_costs,0.1,0.1,0.1,0.75,0.95,0.45,dRI,A0,dRI:A0,-0.2
B_attacker_costs,0.1,0.1,0.1,0.75,0.95,0.5,dRI,A0,dRI:A0,-0.2
B_attacker_costs,0.1,0.1,0.1,0.75,0.95,0.55,dRI,A0,dRI:A0,-0.2
B_attacker_costs,0.1,0.1,0.1,0.75,0.95,0.6,dRI,A0,dRI:A0,-0.2
B_attacker_costs,0.1,0.1,0.1,0.75,0.95,0.65,dRI,A0,dRI:A0,-0.2
B_attacker_costs,0.1,0.1,0.1,0.75,0.95,0.7,dRI,A0,dRI:A0,-0.2
B_attacker_costs,0.1,0.1,0.1,0.75,0.95,0.75,dRI,A0,dRI:A0,-0.2
B_attacker_costs,0.1,0.1,0.1,0.75,0.95,0.8,dRI,A0,dRI:A0,-0.2
B_attacker_costs,0.1,0.1,0.1,0.75,0.95,0.85,dRI,A0,dRI:A0,-0.2
B_attacker_costs,0.1,0.1,0.1,0.75,0.95,0.9,dRI,A0,dRI:A0,-0.2
B_attacker_costs,0.1,0.1,0.1,0.75,0.95,0.95,dRI,A0,dRI:A0,-0.2
B_attacker_costs,0.1,0.1,0.1,0.75,0.95,1.0,dRI,A0,dRI:A0,-0.2
B_attacker_costs,0.1,0.1,0.1,0.75,1.0,0.0,dRD,AD,dRD:AD,-0.39602000000000004
B_attacker_costs,0.1,0.1,0.1,0.75,1.0,0.05,dRD,AD,dRD:AD,-0.39602000000000004
B_attacker_costs,0.1,0.1,0.1,0.75,1.0,0.1,dRD,AD,dRD:AD,-0.39602000000000004
B_attacker_costs,0.1,0.1,0.1,0.75,1.0,0.15,dRD,AD,dRD:AD,-0.39602000000000004
B_attacker_costs,0.1,0.1,0.1,0.75,1.0,0.2,dRD,A0,dRD:A0,-0.2
B_attacker_costs,0.1,0.1,0.1,0.75,1.0,0.25,dRD,A0,dRD:A0,-0.2
B_attacker_costs,0.1,0.1,0.1,0.75,1.0,0.3,dRD,A0,dRD:A0,-0.2
B_attacker_costs,0.1,0.1,0.1,0.75,1.0,0.35,dRD,A0,dRD:A0,-0.2
B_attacker_costs,0.1,0.1,0.1,0.75,1.0,0.4,dRD,A0,dRD:A0,-0.2
B_attacker_costs,0.1,0.1,0.1,0.75,1.0,0.45,dR,A0,dR:A0,-0.1
B_attacker_costs,0.1,0.1,0.1,0.75,1.0,0.5,dR,A0,dR:A0,-0.1
B_attacker_costs,0.1,0.1,0.1,0.75,1.0,0.55,dR,A0,dR:A0,-0.1
B_attacker_costs,0.1,0.1,0.1,0.75,1.0,0.6,dR,A0,dR:A0,-0.1
B_attacker_costs,0.1,0.1,0.1,0.75,1.0,0.65,dR,A0,dR:A0,-0.1
B_attacker_costs,0.1,0.1,0.1,0.75,1.0,0.7,dR,A0,dR:A0,-0.1
B_attacker_costs,0.1,0.1,0.1,0.75,1.0,0.75,dR,A0,dR:A0,-0.1
B_attacker_costs,0.1,0.1,0.1,0.75,1.0,0.8,dR,A0,dR:A0,-0.1
B_attacker_costs,0.1,0.1,0.1,0.75,1.0,0.85,dR,A0,dR:A0,-0.1
B_attacker_costs,0.1,0.1,0.1,0.75,1.0,0.9,dR,A0,dR:A0,-0.1
B_attacker_costs,0.1,0.1,0.1,0.75,1.0,0.95,dR,A0,dR:A0,-0.1
B_attacker_costs,0.1,0.1,0.1,0.75,1.0,1.0,dR,A0,dR:A0,-0.1
B_attacker_costs,0.1,0.1,0.1,0.8,0.0,0.0,dRID,AD,dRID:AD,-0.49602
B_attacker_costs,0.1,0.1,0.1,0.8,0.0,0.05,dRID,AD,dRID:AD,-0.49602
B_attacker_costs,0.1,0.1,0.1,0.8,0.0,0.1,dRID,AD,dRID:AD,-0.49602
B_attacker_costs,0.1,0.1,0.1,0.8,0.0,0.15,dRID,AD,dRID:AD,-0.49602
B_attacker_costs,0.1,0.1,0.1,0.8,0.0,0.2,dRID,AI,dRID:AI,-0.30000000000000004
B_attacker_costs,0.1,0.1,0.1,0.8,0.0,0.25,dRID,AI,dRID:AI,-0.30000000000000004
B_attacker_costs,0.1,0.1,0.1,0.8,0.0,0.3,dRID,AI,dRID:AI,-0.30000000000000004
B_attacker_costs,0.1,0.1,0.1,0.8,0.0,0.35,dRID,AI,dRID:AI,-0.30000000000000004
B_attacker_costs,0.1,0.1,0.1,0.8,0.0,0.4,dRID,AI,dRID:AI,-0.30000000000000004
B_attacker_costs,0.1,0.1,0.1,0.8,0.0,0.45,dRI,AI,dRI:AI,-0.2
B_attacker_costs,0.1,0.1,0.1,0.8,0.0,0.5,dRI,AI,dRI:AI,-0.2
B_attacker_costs,0.1,0.1,0.1,0.8,0.0,0.55,dRI,AI,dRI:AI,-0.2
B_attacker_costs,0.1,0.1,0.1,0.8,0.0,0.6,dRI,AI,dRI:AI,-0.2
B_attacker_costs,0.1,0.1,0.1,0.8,0.0,0.65,dRI,AI,dRI:AI,-0.2
B_attacker_costs,0.1,0.1,0.1,0.8,0.0,0.7,dRI,AI,dRI:AI,-0.2
B_attacker_costs,0.1,0.1,0.1,0.8,0.0,0.75,dRI,AI,dRI:AI,-0.2
B_attacker_costs,0.1,0.1,0.1,0.8,0.0,0.8,dRI,AI,dRI:AI,-0.2
B_attacker_costs,0.1,0.1,0.1,0.8,0.0,0.85,dRI,AI,dRI:AI,-0.2
B_attacker_costs,0.1,0.1,0.1,0.8,0.0,0.9,dRI,AI,dRI:AI,-0.2
B_attacker_costs,0.1,0.1,0.1,0.8,0.0,0.95,dRI,AI,dRI:AI,-0.2
B_attacker_costs,0.1,0.1,0.1,0.8,0.0,1.0,dRI,AI,dRI:AI,-0.2
B_attacker_costs,0.1,0.1,0.1,0.8,0.05,0.0,dRID,AD,dRID:AD,-0.49602
B_attacker_costs,0.1,0.1,0.1,0.8,0.05,0.05,dRID,AD,dRID:AD,-0.49602
B_attacker_costs,0.1,0.1,0.1,0.8,0.05,0.1,dRID,AD,dRID:AD,-0.49602
B_attacker_costs,0.1,0.1,0.1,0.8,0.05,0.15,dRID,AD,dRID:AD,-0.49602
B_attacker_costs,0.1,0.1,0.1,0.8,0.05,0.2,dRID,A0,dRID:A0,-0.30000000000000004
B_attacker_costs,0.1,0.1,0.1,0.8,0.05,0.25,dRID,A0,dRID:A0,-0.30000000000000004
B_attacker_costs,0.1,0.1,0.1,0.8,0.05,0.3,dRID,A0,dRID:A0,-0.30000000000000004
B_attacker_costs,0.1,0.1,0.1,0.8,0.05,0.35,dRID,A0,dRID:A0,-0.30000000000000004
B_attacker_costs,0.1,0.1,0.1,0.8,0.05,0.4,dRID,A0,dRID:A0,-0.30000000000000004
B_attacker_costs,0.1,0.1,0.1,0.8,0.05,0.45,dRI,A0,dRI:A0,-0.2
B_attacker_costs,0.1,0.1,0.1,0.8,0.05,0.5,dRI,A0,dRI:A0,-0.2
B_attacker_costs,0.1,0.1,0.1,0.8,0.05,0.55,dRI,A0,dRI:A0,-0.2
B_attacker_costs,0.1,0.1,0.1,0.8,0.05,0.6,dRI,A0,dRI:A0,-0.2
B_attacker_costs,0.1,0.1,0.1,0.8,0.05,0.65,dRI,A0,dRI:A0,-0.2
B_attacker_costs,0.1,0.1,0.1,0.8,0.05,0.7,dRI,A0,dRI:A0,-0.2
B_attacker_costs,0.1,0.1,0.1,0.8,0.05,0.75,dRI,A0,dRI:A0,-0.2
B_attacker_costs,0.1,0.1,0.1,0.8,0.05,0.8,dRI,A0,dRI:A0,-0.2
B_attacker_costs,0.1,0.1,0.1,0.8,0.05,0.85,dRI,A0,dRI:A0,-0.2
B_attacker_costs,0.1,0.1,0.1,0.8,0.05,0.9,dRI,A0,dRI:A0,-0.2
B_attacker_costs,0.1,0.1,0.1,0.8,0.05,0.95,dRI,A0,dRI:A0,-0.2
B_attacker_costs,0.1,0.1,0.1,0.8,0.05,1.0,dRI,A0,dRI:A0,-0.2
B_attacker_costs,0.1,0.1,0.1,0.8,0.1,0.0,dRID,AD,dRID:AD,-0.49602
B_attacker_costs,0.1,0.1,0.1,0.8,0.1,0.05,dRID,AD,dRID:AD,-0.49602
B_attacker_costs,0.1,0.1,0.1,0.8,0.1,0.1,dRID,AD,dRID:AD,-0.49602
B_attacker_costs,0.1,0.1,0.1,0.8,0.1,0.15,dRID,AD,dRID:AD,-0.49602
B_attacker_costs,0.1,0.1,0.1,0.8,0.1,0.2,dRID,A0,dRID:A0,-0.30000000000000004
B_attacker_costs,0.1,0.1,0.1,0.8,0.1,0.25,dRID,A0,dRID:A0,-0.30000000000000004
B_attacker_costs,0.1,0.1,0.1,0.8,0.1,0.3,dRID,A0,dRID:A0,-0.30000000000000004
B_attacker_costs,0.1,0.1,0.1,0.8,0.1,0.35,dRID,A0,dRID:A0,-0.30000000000000004
B_attacker_costs,0.1,0.1,0.1,0.8,0.1,0.4,dRID,A0,dRID:A0,-0.30000000000000004
B_attacker_costs,0.1,0.1,0.1,0.8,0.1,0.45,dRI,A0,dRI:A0,-0.2
B_attacker_costs,0.1,0.1,0.1,0.8,0.1,0.5,dRI,A0,dRI:A0,-0.2
B_attacker_costs,0.1,0.1,0.1,0.8,0.1,0.55,dRI,A0,dRI:A0,-0.2
B_attacker_costs,0.1,0.1,0.1,0.8,0.1,0.6,dRI,A0,dRI:A0,-0.2
B_attacker_costs,0.1,0.1,0.1,0.8,0.1,0.65,dRI,A0,dRI:A0,-0.2
B_attacker_costs,0.1,0.1,0.1,0.8,0.1,0.7,dRI,A0,dRI:A0,-0.2
B_attacker_costs,0.1,0.1,0.1,0.8,0.1,0.75,dRI,A0,dRI:A0,-0.2
B_attacker_costs,0.1,0.1,0.1,0.8,0.1,0.8,dRI,A0,dRI:A0,-0.2
B_attacker_costs,0.1,0.1,0.1,0.8,0.1,0.85,dRI,A0,dRI:A0,-0.2
B_attacker_costs,0.1,0.1,0.1,0.8,0.1,0.9,dRI,A0,dRI:A0,-0.2
B_attacker_costs,0.1,0.1,0.1,0.8,0.1,0.95,dRI,A0,dRI:A0,-0.2
B_attacker_costs,0.1,0.1,0.1,0.8,0.1,1.0,dRI,A0,dRI:A0,-0.2
B_attacker_costs,0.1,0.1,0.1,0.8,0.15,0.0,dRID,AD,dRID:AD,-0.49602
B_attacker_costs,0.1,0.1,0.1,0.8,0.15,0.05,dRID,AD,dRID:AD,-0.49602
B_attacker_costs,0.1,0.1,0.1,0.8,0.15,0.1,dRID,AD,dRID:AD,-0.49602
B_attacker_costs,0.1,0.1,0.1,0.8,0.15,0.15,dRID,AD,dRID:AD,-0.49602
B_attacker_costs,0.1,0.1,0.1,0.8,0.15,0.2,dRID,A0,dRID:A0,-0.30000000000000004
B_attacker_costs,0.1,0.1,0.1,0.8,0.15,0.25,dRID,A0,dRID:A0,-0.30000000000000004
B_attacker_costs,0.1,0.1,0.1,0.8,0.15,0.3,dRID,A0,dRID:A0,-0.30000000000000004
B_attacker_costs,0.1,0.1,0.1,0.8,0.15,0.35,dRID,A0,dRID:A0,-0.30000000000000004
B_attacker_costs,0.1,0.1,0.1,0.8,0.15,0.4,dRID,A0,dRID:A0,-0.30000000000000004
B_attacker_costs,0.1,0.1,0.1,0.8,0.15,0.45,dRI,A0,dRI:A0,-0.2
B_attacker_costs,0.1,0.1,0.1,0.8,0.15,0.5,dRI,A0,dRI:A0,-0.2
B_attacker_costs,0.1,0.1,0.1,0.8,0.15,0.55,dRI,A0,dRI:A0,-0.2
B_attacker_costs,0.1,0.1,0.1,0.8,0.15,0.6,dRI,A0,dRI:A0,-0.2
B_attacker_costs,0.1,0.1,0.1,0.8,0.15,0.65,dRI,A0,dRI:A0,-0.2
B_attacker_costs,0.1,0.1,0.1,0.8,0.15,0.7,dRI,A0,dRI:A0,-0.2
B_attacker_costs,0.1,0.1,0.1,0.8,0.15,0.75,dRI,A0,dRI:A0,-0.2
B_attacker_costs,0.1,0.1,0.1,0.8,0.15,0.8,dRI,A0,dRI:A0,-0.2
B_attacker_costs,0.1,0.1,0.1,0.8,0.15,0.85,dRI,A0,dRI:A0,-0.2
B_attacker_costs,0.1,0.1,0.1,0.8,0.15,0.9,dRI,A0,dRI:A0,-0.2
B_attacker_costs,0.1,0.1,0.1,0.8,0.15,0.95,dRI,A0,dRI:A0,-0.2
B_attacker_costs,0.1,0.1,0.1,0.8,0.15,1.0,dRI,A0,dRI:A0,-0.2
B_attacker_costs,0.1,0.1,0.1,0.8,0.2,0.0,dRID,AD,dRID:AD,-0.49602
B_attacker_costs,0.1,0.1,0.1,0.8,0.2,0.05,dRID,AD,dRID:AD,-0.49602
B_attacker_costs,0.1,0.1,0.1,0.8,0.2,0.1,dRID,AD,dRID:AD,-0.49602
B_attacker_costs,0.1,0.1,0.1,0.8,0.2,0.15,dRID,AD,dRID:AD,-0.49602
B_attacker_costs,0.1,0.1,0.1,0.8,0.2,0.2,dRID,A0,dRID:A0,-0.30000000000000004
B_attacker_costs,0.1,0.1,0.1,0.8,0.2,0.25,dRID,A0,dRID:A0,-0.30000000000000004
B_attacker_costs,0.1,0.1,0.1,0.8,0.2,0.3,dRID,A0,dRID:A0,-0.30000000000000004
B_attacker_costs,0.1,0.1,0.1,0.8,0.2,0.35,dRID,A0,dRID:A0,-0.30000000000000004
B_attacker_costs,0.1,0.1,0.1,0.8,0.2,0.4,dRID,A0,dRID:A0,-0.30000000000000004
B_attacker_costs,0.1,0.1,0.1,0.8,0.2,0.45,dRI,A0,dRI:A0,-0.2
B_attacker_costs,0.1,0.1,0.1,0.8,0.2,0.5,dRI,A0,dRI:A0,-0.2
B_attacker_costs,0.1,0.1,0.1,0.8,0.2,0.55,dRI,A0,dRI:A0,-0.2
B_attacker_costs,0.1,0.1,0.1,0.8,0.2,0.6,dRI,A0,dRI:A0,-0.2
B_attacker_costs,0.1,0.1,0.1,0.8,0.2,0.65,dRI,A0,dRI:A0,-0.2
B_attacker_costs,0.1,0.1,0.1,0.8,0.2,0.7,dRI,A0,dRI:A0,-0.2
B_attacker_costs,0.1,0.1,0.1,0.8,0.2,0.75,dRI,A0,dRI:A0,-0.2
B_attacker_costs,0.1,0.1,0.1,0.8,0.2,0.8,dRI,A0,dRI:A0,-0.2
B_attacker_costs,0.1,0.1,0.1,0.8,0.2,0.85,dRI,A0,dRI:A0,-0.2
B_attacker_costs,0.1,0.1,0.1,0.8,0.2,0.9,dRI,A0,dRI:A0,-0.2
B_attacker_costs,0.1,0.1,0.1,0.8,0.2,0.95,dRI,A0,dRI:A0,-0.2
B_attacker_costs,0.1,0.1,0.1,0.8,0.2,1.0,dRI,A0,dRI:A0,-0.2
B_attacker_costs,0.1,0.1,0.1,0.8,0.25,0.0,dRID,AD,dRID:AD,-0.49602
B_attacker_costs,0.1,0.1,0.1,0.8,0.25,0.05,dRID,AD,dRID:AD,-0.49602
B_attacker_costs,0.1,0.1,0.1,0.8,0.25,0.1,dRID,AD,dRID:AD,-0.49602
B_attacker_costs,0.1,0.1,0.1,0.8,0.25,0.15,dRID,AD,dRID:AD,-0.49602
B_attacker_costs,0.1,0.1,0.1,0.8,0.25,0.2,dRID,A0,dRID:A0,-0.30000000000000004
B_attacker_costs,0.1,0.1,0.1,0.8,0.25,0.25,dRID,A0,dRID:A0,-0.30000000000000004
B_attacker_costs,0.1,0.1,0.1,0.8,0.25,0.3,dRID,A0,dRID:A0,-0.30000000000000004
B_attacker_costs,0.1,0.1,0.1,0.8,0.25,0.35,dRID,A0,dRID:A0,-0.30000000000000004
B_attacker_costs,0.1,0.1,0.1,0.8,0.25,0.4,dRID,A0,dRID:A0,-0.30000000000000004
B_attacker_costs,0.1,0.1,0.1,0.8,0.25,0.45,dRI,A0,dRI:A0,-0.2
B_attacker_costs,0.1,0.1,0.1,0.8,0.25,0.5,dRI,A0,dRI:A0,-0.2
B_attacker_costs,0.1,0.1,0.1,0.8,0.25,0.55,dRI,A0,dRI:A0,-0.2
B_attacker_costs,0.1,0.1,0.1,0.8,0.25,0.6,dRI,A0,dRI:A0,-0.2
B_attacker_costs,0.1,0.1,0.1,0.8,0.25,0.65,dRI,A0,dRI:A0,-0.2
B_attacker_costs,0.1,0.1,0.1,0.8,0.25,0.7,dRI,A0,dRI:A0,-0.2
B_attacker_costs,0.1,0.1,0.1,0.8,0.25,0.75,dRI,A0,dRI:A0,-0.2
B_attacker_costs,0.1,0.1,0.1,0.8,0.25,0.8,dRI,A0,dRI:A0,-0.2
B_attacker_costs,0.1,0.1,0.1,0.8,0.25,0.85,dRI,A0,dRI:A0,-0.2
B_attacker_costs,0.1,0.1,0.1,0.8,0.25,0.9,dRI,A0,dRI:A0,-0.2
B_attacker_costs,0.1,0.1,0.1,0.8,0.25,0.95,dRI,A0,dRI:A0,-0.2
B_attacker_costs,0.1,0.1,0.1,0.8,0.25,1.0,dRI,A0,dRI:A0,-0.2
B_attacker_costs,0.1,0.1,0.1,0.8,0.3,0.0,dRID,AD,dRID:AD,-0.49602
B_attacker_costs,0.1,0.1,0.1,0.8,0.3,0.05,dRID,AD,dRID:AD,-0.49602
B_attacker_costs,0.1,0.1,0.1,0.8,0.3,0.1,dRID,AD,dRID:AD,-0.49602
B_attacker_costs,0.1,0.1,0.1,0.8,0.3,0.15,dRID,AD,dRID:AD,-0.49602
B_attacker_costs,0.1,0.1,0.1,0.8,0.3,0.2,dRID,A0,dRID:A0,-0.30000000000000004
B_attacker_costs,0.1,0.1,0.1,0.8,0.3,0.25,dRID,A0,dRID:A0,-0.30000000000000004
B_attacker_costs,0.1,0.1,0.1,0.8,0.3,0.3,dRID,A0,dRID:A0,-0.30000000000000004
B_attacker_costs,0.1,0.1,0.1,0.8,0.3,0.35,dRID,A0,dRID:A0,-0.30000000000000004
B_attacker_costs,0.1,0.1,0.1,0.8,0.3,0.4,dRID,A0,dRID:A0,-0.30000000000000004
B_attacker_costs,0.1,0.1,0.1,0.8,0.3,0.45,dRI,A0,dRI:A0,-0.2
B_attacker_costs,0.1,0.1,0.1,0.8,0.3,0.5,dRI,A0,dRI:A0,-0.2
B_attacker_costs,0.1,0.1,0.1,0.8,0.3,0.55,dRI,A0,dRI:A0,-0.2
B_attacker_costs,0.1,0.1,0.1,0.8,0.3,0.6,dRI,A0,dRI:A0,-0.2
B_attacker_costs,0.1,0.1,0.1,0.8,0.3,0.65,dRI,A0,dRI:A0,-0.2
B_attacker_costs,0.1,0.1,0.1,0.8,0.3,0.7,dRI,A0,dRI:A0,-0.2
B_attacker_costs,0.1,0.1,0.1,0.8,0.3,0.75,dRI,A0,dRI:A0,-0.2
B_attacker_costs,0.1,0.1,0.1,0.8,0.3,0.8,dRI,A0,dRI:A0,-0.2
B_attacker_costs,0.1,0.1,0.1,0.8,0.3,0.85,dRI,A0,dRI:A0,-0.2
B_attacker_costs,0.1,0.1,0.1,0.8,0.3,0.9,dRI,A0,dRI:A0,-0.2
B_attacker_costs,0.1,0.1,0.1,0.8,0.3,0.95,dRI,A0,dRI:A0,-0.2
B_attacker_costs,0.1,0.1,0.1,0.8,0.3,1.0,dRI,A0,dRI:A0,-0.2
B_attacker_costs,0.1,0.1,0.1,0.8,0.35,0.0,dRID,AD,dRID:AD,-0.49602
B_attacker_costs,0.1,0.1,0.1,0.8,0.35,0.05,dRID,AD,dRID:AD,-0.49602
B_attacker_costs,0.1,0.1,0.1,0.8,0.35,0.1,dRID,AD,dRID:AD,-0.49602
B_attacker_costs,0.1,0.1,0.1,0.8,0.35,0.15,dRID,AD,dRID:AD,-0.49602
B_attacker_costs,0.1,0.1,0.1,0.8,0.35,0.2,dRID,A0,dRID:A0,-0.30000000000000004
B_attacker_costs,0.1,0.1,0.1,0.8,0.35,0.25,dRID,A0,dRID:A0,-0.30000000000000004
B_attacker_costs,0.1,0.1,0.1,0.8,0.35,0.3,dRID,A0,dRID:A0,-0.30000000000000004
B_attacker_costs,0.1,0.1,0.1,0.8,0.35,0.35,dRID,A0,dRID:A0,-0.30000000000000004
B_attacker_costs,0.1,0.1,0.1,0.8,0.35,0.4,dRID,A0,dRID:A0,-0.30000000000000004
B_attacker_costs,0.1,0.1,0.1,0.8,0.35,0.45,dRI,A0,dRI:A0,-0.2
B_attacker_costs,0.1,0.1,0.1,0.8,0.35,0.5,dRI,A0,dRI:A0,-0.2
B_attacker_costs,0.1,0.1,0.1,0.8,0.35,0.55,dRI,A0,dRI:A0,-0.2
B_attacker_costs,0.1,0.1,0.1,0.8,0.35,0.6,dRI,A0,dRI:A0,-0.2
B_attacker_costs,0.1,0.1,0.1,0.8,0.35,0.65,dRI,A0,dRI:A0,-0.2
B_attacker_costs,0.1,0.1,0.1,0.8,0.35,0.7,dRI,A0,dRI:A0,-0.2
B_attacker_costs,0.1,0.1,0.1,0.8,0.35,0.75,dRI,A0,dRI:A0,-0.2
B_attacker_costs,0.1,0.1,0.1,0.8,0.35,0.8,dRI,A0,dRI:A0,-0.2
B_attacker_costs,0.1,0.1,0.1,0.8,0.35,0.85,dRI,A0,dRI:A0,-0.2
B_attacker_costs,0.1,0.1,0.1,0.8,0.35,0.9,dRI,A0,dRI:A0,-0.2
B_attacker_costs,0.1,0.1,0.1,0.8,0.35,0.95,dRI,A0,dRI:A0,-0.2
B_attacker_costs,0.1,0.1,0.1,0.8,0.35,1.0,dRI,A0,dRI:A0,-0.2
B_attacker_costs,0.1,0.1,0.1,0.8,0.4,0.0,dRID,AD,dRID:AD,-0.49602
B_attacker_costs,0.1,0.1,0.1,0.8,0.4,0.05,dRID,AD,dRID:AD,-0.49602
B_attacker_costs,0.1,0.1,0.1,0.8,0.4,0.1,dRID,AD,dRID:AD,-0.49602
B_attacker_costs,0.1,0.1,0.1,0.8,0.4,0.15,dRID,AD,dRID:AD,-0.49602
B_attacker_costs,0.1,0.1,0.1,0.8,0.4,0.2,dRID,A0,dRID:A0,-0.30000000000000004
B_attacker_costs,0.1,0.1,0.1,0.8,0.4,0.25,dRID,A0,dRID:A0,-0.30000000000000004
B_attacker_costs,0.1,0.1,0.1,0.8,0.4,0.3,dRID,A0,dRID:A0,-0.30000000000000004
B_attacker_costs,0.1,0.1,0.1,0.8,0.4,0.35,dRID,A0,dRID:A0,-0.30000000000000004
B_attacker_costs,0.1,0.1,0.1,0.8,0.4,0.4,dRID,A0,dRID:A0,-0.30000000000000004
B_attacker_costs,0.1,0.1,0.1,0.8,0.4,0.45,dRI,A0,dRI:A0,-0.2
B_attacker_costs,0.1,0.1,0.1,0.8,0.4,0.5,dRI,A0,dRI:A0,-0.2
B_attacker_costs,0.1,0.1,0.1,0.8,0.4,0.55,dRI,A0,dRI:A0,-0.2
B_attacker_costs,0.1,0.1,0.1,0.8,0.4,0.6,dRI,A0,dRI:A0,-0.2
B_attacker_costs,0.1,0.1,0.1,0.8,0.4,0.65,dRI,A0,dRI:A0,-0.2
B_attacker_costs,0.1,0.1,0.1,0.8,0.4,0.7,dRI,A0,dRI:A0,-0.2
B_attacker_costs,0.1,0.1,0.1,0.8,0.4,0.75,dRI,A0,dRI:A0,-0.2
B_attacker_costs,0.1,0.1,0.1,0.8,0.4,0.8,dRI,A0,dRI:A0,-0.2
B_attacker_costs,0.1,0.1,0.1,0.8,0.4,0.85,dRI,A0,dRI:A0,-0.2
B_attacker_costs,0.1,0.1,0.1,0.8,0.4,0.9,dRI,A0,dRI:A0,-0.2
B_attacker_costs,0.1,0.1,0.1,0.8,0.4,0.95,dRI,A0,dRI:A0,-0.2
B_attacker_costs,0.1,0.1,0.1,0.8,0.4,1.0,dRI,A0,dRI:A0,-0.2
B_attacker_costs,0.1,0.1,0.1,0.8,0.45,0.0,dRID,AD,dRID:AD,-0.49602
B_attacker_costs,0.1,0.1,0.1,0.8,0.45,0.05,dRID,AD,dRID:AD,-0.49602
B_attacker_costs,0.1,0.1,0.1,0.8,0.45,0.1,dRID,AD,dRID:AD,-0.49602
B_attacker_costs,0.1,0.1,0.1,0.8,0.45,0.15,dRID,AD,dRID:AD,-0.49602
B_attacker_costs,0.1,0.1,0.1,0.8,0.45,0.2,dRID,A0,dRID:A0,-0.30000000000000004
B_attacker_costs,0.1,0.1,0.1,0.8,0.45,0.25,dRID,A0,dRID:A0,-0.30000000000000004
B_attacker_costs,0.1,0.1,0.1,0.8,0.45,0.3,dRID,A0,dRID:A0,-0.30000000000000004
B_attacker_costs,0.1,0.1,0.1,0.8,0.45,0.35,dRID,A0,dRID:A0,-0.30000000000000004
B_attacker_costs,0.1,0.1,0.1,0.8,0.45,0.4,dRID,A0,dRID:A0,-0.30000000000000004
B_attacker_costs,0.1,0.1,0.1,0.8,0.45,0.45,dRI,A0,dRI:A0,-0.2
B_attacker_costs,0.1,0.1,0.1,0.8,0.45,0.5,dRI,A0,dRI:A0,-0.2
B_attacker_costs,0.1,0.1,0.1,0.8,0.45,0.55,dRI,A0,dRI:A0,-0.2
B_attacker_costs,0.1,0.1,0.1,0.8,0.45,0.6,dRI,A0,dRI:A0,-0.2
B_attacker_costs,0.1,0.1,0.1,0.8,0.45,0.65,dRI,A0,dRI:A0,-0.2
B_attacker_costs,0.1,0.1,0.1,0.8,0.45,0.7,dRI,A0,dRI:A0,-0.2
B_attacker_costs,0.1,0.1,0.1,0.8,0.45,0.75,dRI,A0,dRI:A0,-0.2
B_attacker_costs,0.1,0.1,0.1,0.8,0.45,0.8,dRI,A0,dRI:A0,-0.2
B_attacker_costs,0.1,0.1,0.1,0.8,0.45,0.85,dRI,A0,dRI:A0,-0.2
B_attacker_costs,0.1,0.1,0.1,0.8,0.45,0.9,dRI,A0,dRI:A0,-0.2
B_attacker_costs,0.1,0.1,0.1,0.8,0.45,0.95,dRI,A0,dRI:A0,-0.2
B_attacker_costs,0.1,0.1,0.1,0.8,0.45,1.0,dRI,A0,dRI:A0,-0.2
B_attacker_costs,0.1,0.1,0.1,0.8,0.5,0.0,dRID,AD,dRID:AD,-0.49602
B_attacker_costs,0.1,0.1,0.1,0.8,0.5,0.05,dRID,AD,dRID:AD,-0.49602
B_attacker_costs,0.1,0.1,0.1,0.8,0.5,0.1,dRID,AD,dRID:AD,-0.49602
B_attacker_costs,0.1,0.1,0.1,0.8,0.5,0.15,dRID,AD,dRID:AD,-0.49602
B_attacker_costs,0.1,0.1,0.1,0.8,0.5,0.2,dRID,A0,dRID:A0,-0.30000000000000004
B_attacker_costs,0.1,0.1,0.1,0.8,0.5,0.25,dRID,A0,dRID:A0,-0.30000000000000004
B_attacker_costs,0.1,0.1,0.1,0.8,0.5,0.3,dRID,A0,dRID:A0,-0.30000000000000004
B_attacker_costs,0.1,0.1,0.1,0.8,0.5,0.35,dRID,A0,dRID:A0,-0.30000000000000004
B_attacker_costs,0.1,0.1,0.1,0.8,0.5,0.4,dRID,A0,dRID:A0,-0.30000000000000004
B_attacker_costs,0.1,0.1,0.1,0.8,0.5,0.45,dRI,A0,dRI:A0,-0.2
B_attacker_costs,0.1,0.1,0.1,0.8,0.5,0.5,dRI,A0,dRI:A0,-0.2
B_attacker_costs,0.1,0.1,0.1,0.8,0.5,0.55,dRI,A0,dRI:A0,-0.2
B_attacker_costs,0.1,0.1,0.1,0.8,0.5,0.6,dRI,A0,dRI:A0,-0.2
B_attacker_costs,0.1,0.1,0.1,0.8,0.5,0.65,dRI,A0,dRI:A0,-0.2
B_attacker_costs,0.1,0.1,0.1,0.8,0.5,0.7,dRI,A0,dRI:A0,-0.2
B_attacker_costs,0.1,0.1,0.1,0.8,0.5,0.75,dRI,A0,dRI:A0,-0.2
B_attacker_costs,0.1,0.1,0.1,0.8,0.5,0.8,dRI,A0,dRI:A0,-0.2
B_attacker_costs,0.1,0.1,0.1,0.8,0.5,0.85,dRI,A0,dRI:A0,-0.2
B_attacker_costs,0.1,0.1,0.1,0.8,0.5,0.9,dRI,A0,dRI:A0,-0.2
B_attacker_costs,0.1,0.1,0.1,0.8,0.5,0.95,dRI,A0,dRI:A0,-0.2
B_attacker_costs,0.1,0.1,0.1,0.8,0.5,1.0,dRI,A0,dRI:A0,-0.2
B_attacker_costs,0.1,0.1,0.1,0.8,0.55,0.0,dRID,AD,dRID:AD,-0.49602
B_attacker_costs,0.1,0.1,0.1,0.8,0.55,0.05,dRID,AD,dRID:AD,-0.49602
B_attacker_costs,0.1,0.1,0.1,0.8,0.55,0.1,dRID,AD,dRID:AD,-0.49602
B_attacker_costs,0.1,0.1,0.1,0.8,0.55,0.15,dRID,AD,dRID:AD,-0.49602
B_attacker_costs,0.1,0.1,0.1,0.8,0.55,0.2,dRID,A0,dRID:A0,-0.30000000000000004
B_attacker_costs,0.1,0.1,0.1,0.8,0.55,0.25,dRID,A0,dRID:A0,-0.30000000000000004
B_attacker_costs,0.1,0.1,0.1,0.8,0.55,0.3,dRID,A0,dRID:A0,-0.30000000000000004
B_attacker_costs,0.1,0.1,0.1,0.8,0.55,0.35,dRID,A0,dRID:A0,-0.30000000000000004
B_attacker_costs,0.1,0.1,0.1,0.8,0.55,0.4,dRID,A0,dRID:A0,-0.30000000000000004
B_attacker_costs,0.1,0.1,0.1,0.8,0.55,0.45,dRI,A0,dRI:A0,-0.2
B_attacker_costs,0.1,0.1,0.1,0.8,0.55,0.5,dRI,A0,dRI:A0,-0.2
B_attacker_costs,0.1,0.1,0.1,0.8,0.55,0.55,dRI,A0,dRI:A0,-0.2
B_attacker_costs,0.1,0.1,0.1,0.8,0.55,0.6,dRI,A0,dRI:A0,-0.2
B_attacker_costs,0.1,0.1,0.1,0.8,0.55,0.65,dRI,A0,dRI:A0,-0.2
B_attacker_costs,0.1,0.1,0.1,0.8,0.55,0.7,dRI,A0,dRI:A0,-0.2
B_attacker_costs,0.1,0.1,0.1,0.8,0.55,0.75,dRI,A0,dRI:A0,-0.2
B_attacker_costs,0.1,0.1,0.1,0.8,0.55,0.8,dRI,A0,dRI:A0,-0.2
B_attacker_costs,0.1,0.1,0.1,0.8,0.55,0.85,dRI,A0,dRI:A0,-0.2
B_attacker_costs,0.1,0.1,0.1,0.8,0.55,0.9,dRI,A0,dRI:A0,-0.2
B_attacker_costs,0.1,0.1,0.1,0.8,0.55,0.95,dRI,A0,dRI:A0,-0.2
B_attacker_costs,0.1,0.1,0.1,0.8,0.55,1.0,dRI,A0,dRI:A0,-0.2
B_attacker_costs,0.1,0.1,0.1,0.8,0.6,0.0,d0,AD,d0:AD,-0.43377
B_attacker_costs,0.1,0.1,0.1,0.8,0.6,0.05,dRID,AD,dRID:AD,-0.49602
B_attacker_costs,0.1,0.1,0.1,0.8,0.6,0.1,dRID,AD,dRID:AD,-0.49602
B_attacker_costs,0.1,0.1,0.1,0.8,0.6,0.15,dRID,AD,dRID:AD,-0.49602
B_attacker_costs,0.1,0.1,0.1,0.8,0.6,0.2,dRID,A0,dRID:A0,-0.30000000000000004
B_attacker_costs,0.1,0.1,0.1,0.8,0.6,0.25,dRID,A0,dRID:A0,-0.30000000000000004
B_attacker_costs,0.1,0.1,0.1,0.8,0.6,0.3,dRID,A0,dRID:A0,-0.30000000000000004
B_attacker_costs,0.1,0.1,0.1,0.8,0.6,0.35,dRID,A0,dRID:A0,-0.30000000000000004
B_attacker_costs,0.1,0.1,0.1,0.8,0.6,0.4,dRID,A0,dRID:A0,-0.30000000000000004
B_attacker_costs,0.1,0.1,0.1,0.8,0.6,0.45,dRI,A0,dRI:A0,-0.2
B_attacker_costs,0.1,0.1,0.1,0.8,0.6,0.5,dRI,A0,dRI:A0,-0.2
B_attacker_costs,0.1,0.1,0.1,0.8,0.6,0.55,dRI,A0,dRI:A0,-0.2
B_attacker_costs,0.1,0.1,0.1,0.8,0.6,0.6,dRI,A0,dRI:A0,-0.2
B_attacker_costs,0.1,0.1,0.1,0.8,0.6,0.65,dRI,A0,dRI:A0,-0.2
B_attacker_costs,0.1,0.1,0.1,0.8,0.6,0.7,dRI,A0,dRI:A0,-0.2
B_attacker_costs,0.1,0.1,0.1,0.8,0.6,0.75,dRI,A0,dRI:A0,-0.2
B_attacker_costs,0.1,0.1,0.1,0.8,0.6,0.8,dRI,A0,dRI:A0,-0.2
B_attacker_costs,0.1,0.1,0.1,0.8,0.6,0.85,dRI,A0,dRI:A0,-0.2
B_attacker_costs,0.1,0.1,0.1,0.8,0.6,0.9,dRI,A0,dRI:A0,-0.2
B_attacker_costs,0.1,0.1,0.1,0.8,0.6,0.95,dRI,A0,dRI:A0,-0.2
B_attacker_costs,0.1,0.1,0.1,0.8,0.6,1.0,dRI,A0,dRI:A0,-0.2
B_attacker_costs,0.1,0.1,0.1,0.8,0.65,0.0,d0,AD,d0:AD,-0.43377
B_attacker_costs,0.1,0.1,0.1,0.8,0.65,0.05,d0,AD,d0:AD,-0.43377
B_attacker_costs,0.1,0.1,0.1,0.8,0.65,0.1,dRID,AD,dRID:AD,-0.49602
B_attacker_costs,0.1,0.1,0.1,0.8,0.65,0.15,dRID,AD,dRID:AD,-0.49602
B_attacker_costs,0.1,0.1,0.1,0.8,0.65,0.2,dRID,A0,dRID:A0,-0.30000000000000004
B_attacker_costs,0.1,0.1,0.1,0.8,0.65,0.25,dRID,A0,dRID:A0,-0.30000000000000004
B_attacker_costs,0.1,0.1,0.1,0.8,0.65,0.3,dRID,A0,dRID:A0,-0.30000000000000004
B_attacker_costs,0.1,0.1,0.1,0.8,0.65,0.35,dRID,A0,dRID:A0,-0.30000000000000004
B_attacker_costs,0.1,0.1,0.1,0.8,0.65,0.4,dRID,A0,dRID:A0,-0.30000000000000004
B_attacker_costs,0.1,0.1,0.1,0.8,0.65,0.45,dRI,A0,dRI:A0,-0.2
B_attacker_costs,0.1,0.1,0.1,0.8,0.65,0.5,dRI,A0,dRI:A0,-0.2
B_attacker_costs,0.1,0.1,0.1,0.8,0.65,0.55,dRI,A0,dRI:A0,-0.2
B_attacker_costs,0.1,0.1,0.1,0.8,0.65,0.6,dRI,A0,dRI:A0,-0.2
B_attacker_costs,0.1,0.1,0.1,0.8,0.65,0.65,dRI,A0,dRI:A0,-0.2
B_attacker_costs,0.1,0.1,0.1,0.8,0.65,0.7,dRI,A0,dRI:A0,-0.2
B_attacker_costs,0.1,0.1,0.1,0.8,0.65,0.75,dRI,A0,dRI:A0,-0.2
B_attacker_costs,0.1,0.1,0.1,0.8,0.65,0.8,dRI,A0,dRI:A0,-0.2
B_attacker_costs,0.1,0.1,0.1,0.8,0.65,0.85,dRI,A0,dRI:A0,-0.2
B_attacker_costs,0.1,0.1,0.1,0.8,0.65,0.9,dRI,A0,dRI:A0,-0.2
B_attacker_costs,0.1,0.1,0.1,0.8,0.65,0.95,dRI,A0,dRI:A0,-0.2
B_attacker_costs,0.1,0.1,0.1,0.8,0.65,1.0,dRI,A0,dRI:A0,-0.2
B_attacker_costs,0.1,0.1,0.1,0.8,0.7,0.0,d0,AD,d0:AD,-0.43377
B_attacker_costs,0.1,0.1,0.1,0.8,0.7,0.05,d0,AD,d0:AD,-0.43377
B_attacker_costs,0.1,0.1,0.1,0.8,0.7,0.1,d0,AD,d0:AD,-0.43377
B_attacker_costs,0.1,0.1,0.1,0.8,0.7,0.15,dRID,AD,dRID:AD,-0.49602
B_attacker_costs,0.1,0.1,0.1,0.8,0.7,0.2,dRID,A0,dRID:A0,-0.30000000000000004
B_attacker_costs,0.1,0.1,0.1,0.8,0.7,0.25,dRID,A0,dRID:A0,-0.30000000000000004
B_attacker_costs,0.1,0.1,0.1,0.8,0.7,0.3,dRID,A0,dRID:A0,-0.30000000000000004
B_attacker_costs,0.1,0.1,0.1,0.8,0.7,0.35,dRID,A0,dRID:A0,-0.30000000000000004
B_attacker_costs,0.1,0.1,0.1,0.8,0.7,0.4,dRID,A0,dRID:A0,-0.30000000000000004
B_attacker_costs,0.1,0.1,0.1,0.8,0.7,0.45,dRI,A0,dRI:A0,-0.2
B_attacker_costs,0.1,0.1,0.1,0.8,0.7,0.5,dRI,A0,dRI:A0,-0.2
B_attacker_costs,0.1,0.1,0.1,0.8,0.7,0.55,dRI,A0,dRI:A0,-0.2
B_attacker_costs,0.1,0.1,0.1,0.8,0.7,0.6,dRI,A0,dRI:A0,-0.2
B_attacker_costs,0.1,0.1,0.1,0.8,0.7,0.65,dRI,A0,dRI:A0,-0.2
B_attacker_costs,0.1,0.1,0.1,0.8,0.7,0.7,dRI,A0,dRI:A0,-0.2
B_attacker_costs,0.1,0.1,0.1,0.8,0.7,0.75,dRI,A0,dRI:A0,-0.2
B_attacker_costs,0.1,0.1,0.1,0.8,0.7,0.8,dRI,A0,dRI:A0,-0.2
B_attacker_costs,0.1,0.1,0.1,0.8,0.7,0.85,dRI,A0,dRI:A0,-0.2
B_attacker_costs,0.1,0.1,0.1,0.8,0.7,0.9,dRI,A0,dRI:A0,-0.2
B_attacker_costs,0.1,0.1,0.1,0.8,0.7,0.95,dRI,A0,dRI:A0,-0.2
B_attacker_costs,0.1,0.1,0.1,0.8,0.7,1.0,dRI,A0,dRI:A0,-0.2
B_attacker_costs,0.1,0.1,0.1,0.8,0.75,0.0,d0,AD,d0:AD,-0.43377
B_attacker_costs,0.1,0.1,0.1,0.8,0.75,0.05,d0,AD,d0:AD,-0.43377
B_attacker_costs,0.1,0.1,0.1,0.8,0.75,0.1,d0,AD,d0:AD,-0.43377
B_attacker_costs,0.1,0.1,0.1,0.8,0.75,0.15,d0,AD,d0:AD,-0.43377
B_attacker_costs,0.1,0.1,0.1,0.8,0.75,0.2,dRID,A0,dRID:A0,-0.30000000000000004
B_attacker_costs,0.1,0.1,0.1,0.8,0.75,0.25,dRID,A0,dRID:A0,-0.30000000000000004
B_attacker_costs,0.1,0.1,0.1,0.8,0.75,0.3,dRID,A0,dRID:A0,-0.30000000000000004
B_attacker_costs,0.1,0.1,0.1,0.8,0.75,0.35,dRID,A0,dRID:A0,-0.30000000000000004
B_attacker_costs,0.1,0.1,0.1,0.8,0.75,0.4,dRID,A0,dRID:A0,-0.30000000000000004
B_attacker_costs,0.1,0.1,0.1,0.8,0.75,0.45,dRI,A0,dRI:A0,-0.2
B_attacker_costs,0.1,0.1,0.1,0.8,0.75,0.5,dRI,A0,dRI:A0,-0.2
B_attacker_costs,0.1,0.1,0.1,0.8,0.75,0.55,dRI,A0,dRI:A0,-0.2
B_attacker_costs,0.1,0.1,0.1,0.8,0.75,0.6,dRI,A0,dRI:A0,-0.2
B_attacker_costs,0.1,0.1,0.1,0.8,0.75,0.65,dRI,A0,dRI:A0,-0.2
B_attacker_costs,0.1,0.1,0.1,0.8,0.75,0.7,dRI,A0,dRI:A0,-0.2
B_attacker_costs,0.1,0.1,0.1,0.8,0.75,0.75,dRI,A0,dRI:A0,-0.2
B_attacker_costs,0.1,0.1,0.1,0.8,0.75,0.8,dRI,A0,dRI:A0,-0.2
B_attacker_costs,0.1,0.1,0.1,0.8,0.75,0.85,dRI,A0,dRI:A0,-0.2
B_attacker_costs,0.1,0.1,0.1,0.8,0.75,0.9,dRI,A0,dRI:A0,-0.2
B_attacker_costs,0.1,0.1,0.1,0.8,0.75,0.95,dRI,A0,dRI:A0,-0.2
B_attacker_costs,0.1,0.1,0.1,0.8,0.75,1.0,dRI,A0,dRI:A0,-0.2
B_attacker_costs,0.1,0.1,0.1,0.8,0.8,0.0,d0,AD,d0:AD,-0.43377
B_attacker_costs,0.1,0.1,0.1,0.8,0.8,0.05,d0,AD,d0:AD,-0.43377
B_attacker_costs,0.1,0.1,0.1,0.8,0.8,0.1,d0,AD,d0:AD,-0.43377
B_attacker_costs,0.1,0.1,0.1,0.8,0.8,0.15,d0,AD,d0:AD,-0.43377
B_attacker_costs,0.1,0.1,0.1,0.8,0.8,0.2,dRID,A0,dRID:A0,-0.30000000000000004
B_attacker_costs,0.1,0.1,0.1,0.8,0.8,0.25,dRID,A0,dRID:A0,-0.30000000000000004
B_attacker_costs,0.1,0.1,0.1,0.8,0.8,0.3,dRID,A0,dRID:A0,-0.30000000000000004
B_attacker_costs,0.1,0.1,0.1,0.8,0.8,0.35,dRID,A0,dRID:A0,-0.30000000000000004
B_attacker_costs,0.1,0.1,0.1,0.8,0.8,0.4,dRID,A0,dRID:A0,-0.30000000000000004
B_attacker_costs,0.1,0.1,0.1,0.8,0.8,0.45,dRI,A0,dRI:A0,-0.2
B_attacker_costs,0.1,0.1,0.1,0.8,0.8,0.5,dRI,A0,dRI:A0,-0.2
B_attacker_costs,0.1,0.1,0.1,0.8,0.8,0.55,dRI,A0,dRI:A0,-0.2
B_attacker_costs,0.1,0.1,0.1,0.8,0.8,0.6,dRI,A0,dRI:A0,-0.2
B_attacker_costs,0.1,0.1,0.1,0.8,0.8,0.65,dRI,A0,dRI:A0,-0.2
B_attacker_costs,0.1,0.1,0.1,0.8,0.8,0.7,dRI,A0,dRI:A0,-0.2
B_attacker_costs,0.1,0.1,0.1,0.8,0.8,0.75,dRI,A0,dRI:A0,-0.2
B_attacker_costs,0.1,0.1,0.1,0.8,0.8,0.8,dRI,A0,dRI:A0,-0.2
B_attacker_costs,0.1,0.1,0.1,0.8,0.8,0.85,dRI,A0,dRI:A0,-0.2
B_attacker_costs,0.1,0.1,0.1,0.8,0.8,0.9,dRI,A0,dRI:A0,-0.2
B_attacker_costs,0.1,0.1,0.1,0.8,0.8,0.95,dRI,A0,dRI:A0,-0.2
B_attacker_costs,0.1,0.1,0.1,0.8,0.8,1.0,dRI,A0,dRI:A0,-0.2
B_attacker_costs,0.1,0.1,0.1,0.8,0.85,0.0,dRD,AD,dRD:AD,-0.39602000000000004
B_attacker_costs,0.1,0.1,0.1,0.8,0.85,0.05,d0,AD,d0:AD,-0.43377
B_attacker_costs,0.1,0.1,0.1,0.8,0.85,0.1,d0,AD,d0:AD,-0.43377
B_attacker_costs,0.1,0.1,0.1,0.8,0.85,0.15,d0,AD,d0:AD,-0.43377
B_attacker_costs,0.1,0.1,0.1,0.8,0.85,0.2,dRID,A0,dRID:A0,-0.30000000000000004
B_attacker_costs,0.1,0.1,0.1,0.8,0.85,0.25,dRID,A0,dRID:A0,-0.30000000000000004
B_attacker_costs,0.1,0.1,0.1,0.8,0.85,0.3,dRID,A0,dRID:A0,-0.30000000000000004
B_attacker_costs,0.1,0.1,0.1,0.8,0.85,0.35,dRID,A0,dRID:A0,-0.30000000000000004
B_attacker_costs,0.1,0.1,0.1,0.8,0.85,0.4,dRID,A0,dRID:A0,-0.30000000000000004
B_attacker_costs,0.1,0.1,0.1,0.8,0.85,0.45,dRI,A0,dRI:A0,-0.2
B_attacker_costs,0.1,0.1,0.1,0.8,0.85,0.5,dRI,A0,dRI:A0,-0.2
B_attacker_costs,0.1,0.1,0.1,0.8,0.85,0.55,dRI,A0,dRI:A0,-0.2
B_attacker_costs,0.1,0.1,0.1,0.8,0.85,0.6,dRI,A0,dRI:A0,-0.2
B_attacker_costs,0.1,0.1,0.1,0.8,0.85,0.65,dRI,A0,dRI:A0,-0.2
B_attacker_costs,0.1,0.1,0.1,0.8,0.85,0.7,dRI,A0,dRI:A0,-0.2
B_attacker_costs,0.1,0.1,0.1,0.8,0.85,0.75,dRI,A0,dRI:A0,-0.2
B_attacker_costs,0.1,0.1,0.1,0.8,0.85,0.8,dRI,A0,dRI:A0,-0.2
B_attacker_costs,0.1,0.1,0.1,0.8,0.85,0.85,dRI,A0,dRI:A0,-0.2
B_attacker_costs,0.1,0.1,0.1,0.8,0.85,0.9,dRI,A0,dRI:A0,-0.2
B_attacker_costs,0.1,0.1,0.1,0.8,0.85,0.95,dRI,A0,dRI:A0,-0.2
B_attacker_costs,0.1,0.1,0.1,0.8,0.85,1.0,dRI,A0,dRI:A0,-0.2
B_attacker_costs,0.1,0.1,0.1,0.8,0.9,0.0,dRD,AD,dRD:AD,-0.39602000000000004
B_attacker_costs,0.1,0.1,0.1,0.8,0.9,0.05,dRD,AD,dRD:AD,-0.39602000000000004
B_attacker_costs,0.1,0.1,0.1,0.8,0.9,0.1,d0,AD,d0:AD,-0.43377
B_attacker_costs,0.1,0.1,0.1,0.8,0.9,0.15,d0,AD,d0:AD,-0.43377
B_attacker_costs,0.1,0.1,0.1,0.8,0.9,0.2,dRID,A0,dRID:A0,-0.30000000000000004
B_attacker_costs,0.1,0.1,0.1,0.8,0.9,0.25,dRID,A0,dRID:A0,-0.30000000000000004
B_attacker_costs,0.1,0.1,0.1,0.8,0.9,0.3,dRID,A0,dRID:A0,-0.30000000000000004
B_attacker_costs,0.1,0.1,0.1,0.8,0.9,0.35,dRID,A0,dRID:A0,-0.30000000000000004
B_attacker_costs,0.1,0.1,0.1,0.8,0.9,0.4,dRID,A0,dRID:A0,-0.30000000000000004
B_attacker_costs,0.1,0.1,0.1,0.8,0.9,0.45,dRI,A0,dRI:A0,-0.2
B_attacker_costs,0.1,0.1,0.1,0.8,0.9,0.5,dRI,A0,dRI:A0,-0.2
B_attacker_costs,0.1,0.1,0.1,0.8,0.9,0.55,dRI,A0,dRI:A0,-0.2
B_attacker_costs,0.1,0.1,0.1,0.8,0.9,0.6,dRI,A0,dRI:A0,-0.2
B_attacker_costs,0.1,0.1,0.1,0.8,0.9,0.65,dRI,A0,dRI:A0,-0.2
B_attacker_costs,0.1,0.1,0.1,0.8,0.9,0.7,dRI,A0,dRI:A0,-0.2
B_attacker_costs,0.1,0.1,0.1,0.8,0.9,0.75,dRI,A0,dRI:A0,-0.2
B_attacker_costs,0.1,0.1,0.1,0.8,0.9,0.8,dRI,A0,dRI:A0,-0.2
B_attacker_costs,0.1,0.1,0.1,0.8,0.9,0.85,dRI,A0,dRI:A0,-0.2
B_attacker_costs,0.1,0.1,0.1,0.8,0.9,0.9,dRI,A0,dRI:A0,-0.2
B_attacker_costs,0.1,0.1,0.1,0.8,0.9,0.95,dRI,A0,dRI:A0,-0.2
B_attacker_costs,0.1,0.1,0.1,0.8,0.9,1.0,dRI,A0,dRI:A0,-0.2
B_attacker_costs,0.1,0.1,0.1,0.8,0.95,0.0,dRD,AD,dRD:AD,-0.39602000000000004
B_attacker_costs,0.1,0.1,0.1,0.8,0.95,0.05,dRD,AD,dRD:AD,-0.39602000000000004
B_attacker_costs,0.1,0.1,0.1,0.8,0.95,0.1,dRD,AD,dRD:AD,-0.39602000000000004
B_attacker_costs,0.1,0.1,0.1,0.8,0.95,0.15,d0,AD,d0:AD,-0.43377
B_attacker_costs,0.1,0.1,0.1,0.8,0.95,0.2,dRID,A0,dRID:A0,-0.30000000000000004
B_attacker_costs,0.1,0.1,0.1,0.8,0.95,0.25,dRID,A0,dRID:A0,-0.30000000000000004
B_attacker_costs,0.1,0.1,0.1,0.8,0.95,0.3,dRID,A0,dRID:A0,-0.30000000000000004
B_attacker_costs,0.1,0.1,0.1,0.8,0.95,0.35,dRID,A0,dRID:A0,-0.30000000000000004
B_attacker_costs,0.1,0.1,0.1,0.8,0.95,0.4,dRID,A0,dRID:A0,-0.30000000000000004
B_attacker_costs,0.1,0.1,0.1,0.8,0.95,0.45,dRI,A0,dRI:A0,-0.2
B_attacker_costs,0.1,0.1,0.1,0.8,0.95,0.5,dRI,A0,dRI:A0,-0.2
B_attacker_costs,0.1,0.1,0.1,0.8,0.95,0.55,dRI,A0,dRI:A0,-0.2
B_attacker_costs,0.1,0.1,0.1,0.8,0.95,0.6,dRI,A0,dRI:A0,-0.2
B_attacker_costs,0.1,0.1,0.1,0.8,0.95,0.65,dRI,A0,dRI:A0,-0.2
B_attacker_costs,0.1,0.1,0.1,0.8,0.95,0.7,dRI,A0,dRI:A0,-0.2
B_attacker_costs,0.1,0.1,0.1,0.8,0.95,0.75,dRI,A0,dRI:A0,-0.2
B_attacker_costs,0.1,0.1,0.1,0.8,0.95,0.8,dRI,A0,dRI:A0,-0.2
B_attacker_costs,0.1,0.1,0.1,0.8,0.95,0.85,dRI,A0,dRI:A0,-0.2
B_attacker_costs,0.1,0.1,0.1,0.8,0.95,0.9,dRI,A0,dRI:A0,-0.2
B_attacker_costs,0.1,0.1,0.1,0.8,0.95,0.95,dRI,A0,dRI:A0,-0.2
B_attacker_costs,0.1,0.1,0.1,0.8,0.95,1.0,dRI,A0,dRI:A0,-0.2
B_attacker_costs,0.1,0.1,0.1,0.8,1.0,0.0,dRD,AD,dRD:AD,-0.39602000000000004
B_attacker_costs,0.1,0.1,0.1,0.8,1.0,0.05,dRD,AD,dRD:AD,-0.39602000000000004
B_attacker_costs,0.1,0.1,0.1,0.8,1.0,0.1,dRD,AD,dRD:AD,-0.39602000000000004
B_attacker_costs,0.1,0.1,0.1,0.8,1.0,0.15,dRD,AD,dRD:AD,-0.39602000000000004
B_attacker_costs,0.1,0.1,0.1,0.8,1.0,0.2,dRD,A0,dRD:A0,-0.2
B_attacker_costs,0.1,0.1,0.1,0.8,1.0,0.25,dRD,A0,dRD:A0,-0.2
B_attacker_costs,0.1,0.1,0.1,0.8,1.0,0.3,dRD,A0,dRD:A0,-0.2
B_attacker_costs,0.1,0.1,0.1,0.8,1.0,0.35,dRD,A0,dRD:A0,-0.2
B_attacker_costs,0.1,0.1,0.1,0.8,1.0,0.4,dRD,A0,dRD:A0,-0.2
B_attacker_costs,0.1,0.1,0.1,0.8,1.0,0.45,dR,A0,dR:A0,-0.1
B_attacker_costs,0.1,0.1,0.1,0.8,1.0,0.5,dR,A0,dR:A0,-0.1
B_attacker_costs,0.1,0.1,0.1,0.8,1.0,0.55,dR,A0,dR:A0,-0.1
B_attacker_costs,0.1,0.1,0.1,0.8,1.0,0.6,dR,A0,dR:A0,-0.1
B_attacker_costs,0.1,0.1,0.1,0.8,1.0,0.65,dR,A0,dR:A0,-0.1
B_attacker_costs,0.1,0.1,0.1,0.8,1.0,0.7,dR,A0,dR:A0,-0.1
B_attacker_costs,0.1,0.1,0.1,0.8,1.0,0.75,dR,A0,dR:A0,-0.1
B_attacker_costs,0.1,0.1,0.1,0.8,1.0,0.8,dR,A0,dR:A0,-0.1
B_attacker_costs,0.1,0.1,0.1,0.8,1.0,0.85,dR,A0,dR:A0,-0.1
B_attacker_costs,0.1,0.1,0.1,0.8,1.0,0.9,dR,A0,dR:A0,-0.1
B_attacker_costs,0.1,0.1,0.1,0.8,1.0,0.95,dR,A0,dR:A0,-0.1
B_attacker_costs,0.1,0.1,0.1,0.8,1.0,1.0,dR,A0,dR:A0,-0.1
B_attacker_costs,0.1,0.1,0.1,0.85,0.0,0.0,dID,AD,dID:AD,-0.39602000000000004
B_attacker_costs,0.1,0.1,0.1,0.85,0.0,0.05,dRID,AD,dRID:AD,-0.49602
B_attacker_costs,0.1,0.1,0.1,0.85,0.0,0.1,dRID,AD,dRID:AD,-0.49602
B_attacker_costs,0.1,0.1,0.1,0.85,0.0,0.15,dRID,AD,dRID:AD,-0.49602
B_attacker_costs,0.1,0.1,0.1,0.85,0.0,0.2,dRID,AI,dRID:AI,-0.30000000000000004
B_attacker_costs,0.1,0.1,0.1,0.85,0.0,0.25,dRID,AI,dRID:AI,-0.30000000000000004
B_attacker_costs,0.1,0.1,0.1,0.85,0.0,0.3,dRID,AI,dRID:AI,-0.30000000000000004
B_attacker_costs,0.1,0.1,0.1,0.85,0.0,0.35,dRID,AI,dRID:AI,-0.30000000000000004
B_attacker_costs,0.1,0.1,0.1,0.85,0.0,0.4,dRID,AI,dRID:AI,-0.30000000000000004
B_attacker_costs,0.1,0.1,0.1,0.85,0.0,0.45,dRI,AI,dRI:AI,-0.2
B_attacker_costs,0.1,0.1,0.1,0.85,0.0,0.5,dRI,AI,dRI:AI,-0.2
B_attacker_costs,0.1,0.1,0.1,0.85,0.0,0.55,dRI,AI,dRI:AI,-0.2
B_attacker_costs,0.1,0.1,0.1,0.85,0.0,0.6,dRI,AI,dRI:AI,-0.2
B_attacker_costs,0.1,0.1,0.1,0.85,0.0,0.65,dRI,AI,dRI:AI,-0.2
B_attacker_costs,0.1,0.1,0.1,0.85,0.0,0.7,dRI,AI,dRI:AI,-0.2
B_attacker_costs,0.1,0.1,0.1,0.85,0.0,0.75,dRI,AI,dRI:AI,-0.2
B_attacker_costs,0.1,0.1,0.1,0.85,0.0,0.8,dRI,AI,dRI:AI,-0.2
B_attacker_costs,0.1,0.1,0.1,0.85,0.0,0.85,dRI,AI,dRI:AI,-0.2
B_attacker_costs,0.1,0.1,0.1,0.85,0.0,0.9,dRI,AI,dRI:AI,-0.2
B_attacker_costs,0.1,0.1,0.1,0.85,0.0,0.95,dRI,AI,dRI:AI,-0.2
B_attacker_costs,0.1,0.1,0.1,0.85,0.0,1.0,dRI,AI,dRI:AI,-0.2
B_attacker_costs,0.1,0.1,0.1,0.85,0.05,0.0,dID,AD,dID:AD,-0.39602000000000004
B_attacker_costs,0.1,0.1,0.1,0.85,0.05,0.05,dRID,AD,dRID:AD,-0.49602
B_attacker_costs,0.1,0.1,0.1,0.85,0.05,0.1,dRID,AD,dRID:AD,-0.49602
B_attacker_costs,0.1,0.1,0.1,0.85,0.05,0.15,dRID,AD,dRID:AD,-0.49602
B_attacker_costs,0.1,0.1,0.1,0.85,0.05,0.2,dRID,A0,dRID:A0,-0.30000000000000004
B_attacker_costs,0.1,0.1,0.1,0.85,0.05,0.25,dRID,A0,dRID:A0,-0.30000000000000004
B_attacker_costs,0.1,0.1,0.1,0.85,0.05,0.3,dRID,A0,dRID:A0,-0.30000000000000004
B_attacker_costs,0.1,0.1,0.1,0.85,0.05,0.35,dRID,A0,dRID:A0,-0.30000000000000004
B_attacker_costs,0.1,0.1,0.1,0.85,0.05,0.4,dRID,A0,dRID:A0,-0.30000000000000004
B_attacker_costs,0.1,0.1,0.1,0.85,0.05,0.45,dRI,A0,dRI:A0,-0.2
B_attacker_costs,0.1,0.1,0.1,0.85,0.05,0.5,dRI,A0,dRI:A0,-0.2
B_attacker_costs,0.1,0.1,0.1,0.85,0.05,0.55,dRI,A0,dRI:A0,-0.2
B_attacker_costs,0.1,0.1,0.1,0.85,0.05,0.6,dRI,A0,dRI:A0,-0.2
B_attacker_costs,0.1,0.1,0.1,0.85,0.05,0.65,dRI,A0,dRI:A0,-0.2
B_attacker_costs,0.1,0.1,0.1,0.85,0.05,0.7,dRI,A0,dRI:A0,-0.2
B_attacker_costs,0.1,0.1,0.1,0.85,0.05,0.75,dRI,A0,dRI:A0,-0.2
B_attacker_costs,0.1,0.1,0.1,0.85,0.05,0.8,dRI,A0,dRI:A0,-0.2
B_attacker_costs,0.1,0.1,0.1,0.85,0.05,0.85,dRI,A0,dRI:A0,-0.2
B_attacker_costs,0.1,0.1,0.1,0.85,0.05,0.9,dRI,A0,dRI:A0,-0.2
B_attacker_costs,0.1,0.1,0.1,0.85,0.05,0.95,dRI,A0,dRI:A0,-0.2
B_attacker_costs,0.1,0.1,0.1,0.85,0.05,1.0,dRI,A0,dRI:A0,-0.2
B_attacker_costs,0.1,0.1,0.1,0.85,0.1,0.0,dID,AD,dID:AD,-0.39602000000000004
B_attacker_costs,0.1,0.1,0.1,0.85,0.1,0.05,dRID,AD,dRID:AD,-0.49602
B_attacker_costs,0.1,0.1,0.1,0.85,0.1,0.1,dRID,AD,dRID:AD,-0.49602
B_attacker_costs,0.1,0.1,0.1,0.85,0.1,0.15,dRID,AD,dRID:AD,-0.49602
B_attacker_costs,0.1,0.1,0.1,0.85,0.1,0.2,dRID,A0,dRID:A0,-0.30000000000000004
B_attacker_costs,0.1,0.1,0.1,0.85,0.1,0.25,dRID,A0,dRID:A0,-0.30000000000000004
B_attacker_costs,0.1,0.1,0.1,0.85,0.1,0.3,dRID,A0,dRID:A0,-0.30000000000000004
B_attacker_costs,0.1,0.1,0.1,0.85,0.1,0.35,dRID,A0,dRID:A0,-0.30000000000000004
B_attacker_costs,0.1,0.1,0.1,0.85,0.1,0.4,dRID,A0,dRID:A0,-0.30000000000000004
B_attacker_costs,0.1,0.1,0.1,0.85,0.1,0.45,dRI,A0,dRI:A0,-0.2
B_attacker_costs,0.1,0.1,0.1,0.85,0.1,0.5,dRI,A0,dRI:A0,-0.2
B_attacker_costs,0.1,0.1,0.1,0.85,0.1,0.55,dRI,A0,dRI:A0,-0.2
B_attacker_costs,0.1,0.1,0.1,0.85,0.1,0.6,dRI,A0,dRI:A0,-0.2
B_attacker_costs,0.1,0.1,0.1,0.85,0.1,0.65,dRI,A0,dRI:A0,-0.2
B_attacker_costs,0.1,0.1,0.1,0.85,0.1,0.7,dRI,A0,dRI:A0,-0.2
B_attacker_costs,0.1,0.1,0.1,0.85,0.1,0.75,dRI,A0,dRI:A0,-0.2
B_attacker_costs,0.1,0.1,0.1,0.85,0.1,0.8,dRI,A0,dRI:A0,-0.2
B_attacker_costs,0.1,0.1,0.1,0.85,0.1,0.85,dRI,A0,dRI:A0,-0.2
B_attacker_costs,0.1,0.1,0.1,0.85,0.1,0.9,dRI,A0,dRI:A0,-0.2
B_attacker_costs,0.1,0.1,0.1,0.85,0.1,0.95,dRI,A0,dRI:A0,-0.2
B_attacker_costs,0.1,0.1,0.1,0.85,0.1,1.0,dRI,A0,dRI:A0,-0.2
B_attacker_costs,0.1,0.1,0.1,0.85,0.15,0.0,dID,AD,dID:AD,-0.39602000000000004
B_attacker_costs,0.1,0.1,0.1,0.85,0.15,0.05,dRID,AD,dRID:AD,-0.49602
B_attacker_costs,0.1,0.1,0.1,0.85,0.15,0.1,dRID,AD,dRID:AD,-0.49602
B_attacker_costs,0.1,0.1,0.1,0.85,0.15,0.15,dRID,AD,dRID:AD,-0.49602
B_attacker_costs,0.1,0.1,0.1,0.85,0.15,0.2,dRID,A0,dRID:A0,-0.30000000000000004
B_attacker_costs,0.1,0.1,0.1,0.85,0.15,0.25,dRID,A0,dRID:A0,-0.30000000000000004
B_attacker_costs,0.1,0.1,0.1,0.85,0.15,0.3,dRID,A0,dRID:A0,-0.30000000000000004
B_attacker_costs,0.1,0.1,0.1,0.85,0.15,0.35,dRID,A0,dRID:A0,-0.30000000000000004
B_attacker_costs,0.1,0.1,0.1,0.85,0.15,0.4,dRID,A0,dRID:A0,-0.30000000000000004
B_attacker_costs,0.1,0.1,0.1,0.85,0.15,0.45,dRI,A0,dRI:A0,-0.2
B_attacker_costs,0.1,0.1,0.1,0.85,0.15,0.5,dRI,A0,dRI:A0,-0.2
B_attacker_costs,0.1,0.1,0.1,0.85,0.15,0.55,dRI,A0,dRI:A0,-0.2
B_attacker_costs,0.1,0.1,0.1,0.85,0.15,0.6,dRI,A0,dRI:A0,-0.2
B_attacker_costs,0.1,0.1,0.1,0.85,0.15,0.65,dRI,A0,dRI:A0,-0.2
B_attacker_costs,0.1,0.1,0.1,0.85,0.15,0.7,dRI,A0,dRI:A0,-0.2
B_attacker_costs,0.1,0.1,0.1,0.85,0.15,0.75,dRI,A0,dRI:A0,-0.2
B_attacker_costs,0.1,0.1,0.1,0.85,0.15,0.8,dRI,A0,dRI:A0,-0.2
B_attacker_costs,0.1,0.1,0.1,0.85,0.15,0.85,dRI,A0,dRI:A0,-0.2
B_attacker_costs,0.1,0.1,0.1,0.85,0.15,0.9,dRI,A0,dRI:A0,-0.2
B_attacker_costs,0.1,0.1,0.1,0.85,0.15,0.95,dRI,A0,dRI:A0,-0.2
B_attacker_costs,0.1,0.1,0.1,0.85,0.15,1.0,dRI,A0,dRI:A0,-0.2
B_attacker_costs,0.1,0.1,0.1,0.85,0.2,0.0,dID,AD,dID:AD,-0.39602000000000004
B_attacker_costs,0.1,0.1,0.1,0.85,0.2,0.05,dRID,AD,dRID:AD,-0.49602
B_attacker_costs,0.1,0.1,0.1,0.85,0.2,0.1,dRID,AD,dRID:AD,-0.49602
B_attacker_costs,0.1,0.1,0.1,0.85,0.2,0.15,dRID,AD,dRID:AD,-0.49602
B_attacker_costs,0.1,0.1,0.1,0.85,0.2,0.2,dRID,A0,dRID:A0,-0.30000000000000004
B_attacker_costs,0.1,0.1,0.1,0.85,0.2,0.25,dRID,A0,dRID:A0,-0.30000000000000004
B_attacker_costs,0.1,0.1,0.1,0.85,0.2,0.3,dRID,A0,dRID:A0,-0.30000000000000004
B_attacker_costs,0.1,0.1,0.1,0.85,0.2,0.35,dRID,A0,dRID:A0,-0.30000000000000004
B_attacker_costs,0.1,0.1,0.1,0.85,0.2,0.4,dRID,A0,dRID:A0,-0.30000000000000004
B_attacker_costs,0.1,0.1,0.1,0.85,0.2,0.45,dRI,A0,dRI:A0,-0.2
B_attacker_costs,0.1,0.1,0.1,0.85,0.2,0.5,dRI,A0,dRI:A0,-0.2
B_attacker_costs,0.1,0.1,0.1,0.85,0.2,0.55,dRI,A0,dRI:A0,-0.2
B_attacker_costs,0.1,0.1,0.1,0.85,0.2,0.6,dRI,A0,dRI:A0,-0.2
B_attacker_costs,0.1,0.1,0.1,0.85,0.2,0.65,dRI,A0,dRI:A0,-0.2
B_attacker_costs,0.1,0.1,0.1,0.85,0.2,0.7,dRI,A0,dRI:A0,-0.2
B_attacker_costs,0.1,0.1,0.1,0.85,0.2,0.75,dRI,A0,dRI:A0,-0.2
B_attacker_costs,0.1,0.1,0.1,0.85,0.2,0.8,dRI,A0,dRI:A0,-0.2
B_attacker_costs,0.1,0.1,0.1,0.85,0.2,0.85,dRI,A0,dRI:A0,-0.2
B_attacker_costs,0.1,0.1,0.1,0.85,0.2,0.9,dRI,A0,dRI:A0,-0.2
B_attacker_costs,0.1,0.1,0.1,0.85,0.2,0.95,dRI,A0,dRI:A0,-0.2
B_attacker_costs,0.1,0.1,0.1,0.85,0.2,1.0,dRI,A0,dRI:A0,-0.2
B_attacker_costs,0.1,0.1,0.1,0.85,0.25,0.0,dID,AD,dID:AD,-0.39602000000000004
B_attacker_costs,0.1,0.1,0.1,0.85,0.25,0.05,dRID,AD,dRID:AD,-0.49602
B_attacker_costs,0.1,0.1,0.1,0.85,0.25,0.1,dRID,AD,dRID:AD,-0.49602
B_attacker_costs,0.1,0.1,0.1,0.85,0.25,0.15,dRID,AD,dRID:AD,-0.49602
B_attacker_costs,0.1,0.1,0.1,0.85,0.25,0.2,dRID,A0,dRID:A0,-0.30000000000000004
B_attacker_costs,0.1,0.1,0.1,0.85,0.25,0.25,dRID,A0,dRID:A0,-0.30000000000000004
B_attacker_costs,0.1,0.1,0.1,0.85,0.25,0.3,dRID,A0,dRID:A0,-0.30000000000000004
B_attacker_costs,0.1,0.1,0.1,0.85,0.25,0.35,dRID,A0,dRID:A0,-0.30000000000000004
B_attacker_costs,0.1,0.1,0.1,0.85,0.25,0.4,dRID,A0,dRID:A0,-0.30000000000000004
B_attacker_costs,0.1,0.1,0.1,0.85,0.25,0.45,dRI,A0,dRI:A0,-0.2
B_attacker_costs,0.1,0.1,0.1,0.85,0.25,0.5,dRI,A0,dRI:A0,-0.2
B_attacker_costs,0.1,0.1,0.1,0.85,0.25,0.55,dRI,A0,dRI:A0,-0.2
B_attacker_costs,0.1,0.1,0.1,0.85,0.25,0.6,dRI,A0,dRI:A0,-0.2
B_attacker_costs,0.1,0.1,0.1,0.85,0.25,0.65,dRI,A0,dRI:A0,-0.2
B_attacker_costs,0.1,0.1,0.1,0.85,0.25,0.7,dRI,A0,dRI:A0,-0.2
B_attacker_costs,0.1,0.1,0.1,0.85,0.25,0.75,dRI,A0,dRI:A0,-0.2
B_attacker_costs,0.1,0.1,0.1,0.85,0.25,0.8,dRI,A0,dRI:A0,-0.2
B_attacker_costs,0.1,0.1,0.1,0.85,0.25,0.85,dRI,A0,dRI:A0,-0.2
B_attacker_costs,0.1,0.1,0.1,0.85,0.25,0.9,dRI,A0,dRI:A0,-0.2
B_attacker_costs,0.1,0.1,0.1,0.85,0.25,0.95,dRI,A0,dRI:A0,-0.2
B_attacker_costs,0.1,0.1,0.1,0.85,0.25,1.0,dRI,A0,dRI:A0,-0.2
B_attacker_costs,0.1,0.1,0.1,0.85,0.3,0.0,dID,AD,dID:AD,-0.39602000000000004
B_attacker_costs,0.1,0.1,0.1,0.85,0.3,0.05,dRID,AD,dRID:AD,-0.49602
B_attacker_costs,0.1,0.1,0.1,0.85,0.3,0.1,dRID,AD,dRID:AD,-0.49602
B_attacker_costs,0.1,0.1,0.1,0.85,0.3,0.15,dRID,AD,dRID:AD,-0.49602
B_attacker_costs,0.1,0.1,0.1,0.85,0.3,0.2,dRID,A0,dRID:A0,-0.30000000000000004
B_attacker_costs,0.1,0.1,0.1,0.85,0.3,0.25,dRID,A0,dRID:A0,-0.30000000000000004
B_attacker_costs,0.1,0.1,0.1,0.85,0.3,0.3,dRID,A0,dRID:A0,-0.30000000000000004
B_attacker_costs,0.1,0.1,0.1,0.85,0.3,0.35,dRID,A0,dRID:A0,-0.30000000000000004
B_attacker_costs,0.1,0.1,0.1,0.85,0.3,0.4,dRID,A0,dRID:A0,-0.30000000000000004
B_attacker_costs,0.1,0.1,0.1,0.85,0.3,0.45,dRI,A0,dRI:A0,-0.2
B_attacker_costs,0.1,0.1,0.1,0.85,0.3,0.5,dRI,A0,dRI:A0,-0.2
B_attacker_costs,0.1,0.1,0.1,0.85,0.3,0.55,dRI,A0,dRI:A0,-0.2
B_attacker_costs,0.1,0.1,0.1,0.85,0.3,0.6,dRI,A0,dRI:A0,-0.2
B_attacker_costs,0.1,0.1,0.1,0.85,0.3,0.65,dRI,A0,dRI:A0,-0.2
B_attacker_costs,0.1,0.1,0.1,0.85,0.3,0.7,dRI,A0,dRI:A0,-0.2
B_attacker_costs,0.1,0.1,0.1,0.85,0.3,0.75,dRI,A0,dRI:A0,-0.2
B_attacker_costs,0.1,0.1,0.1,0.85,0.3,0.8,dRI,A0,dRI:A0,-0.2
B_attacker_costs,0.1,0.1,0.1,0.85,0.3,0.85,dRI,A0,dRI:A0,-0.2
B_attacker_costs,0.1,0.1,0.1,0.85,0.3,0.9,dRI,A0,dRI:A0,-0.2
B_attacker_costs,0.1,0.1,0.1,0.85,0.3,0.95,dRI,A0,dRI:A0,-0.2
B_attacker_costs,0.1,0.1,0.1,0.85,0.3,1.0,dRI,A0,dRI:A0,-0.2
B_attacker_costs,0.1,0.1,0.1,0.85,0.35,0.0,dID,AD,dID:AD,-0.39602000000000004
B_attacker_costs,0.1,0.1,0.1,0.85,0.35,0.05,dRID,AD,dRID:AD,-0.49602
B_attacker_costs,0.1,0.1,0.1,0.85,0.35,0.1,dRID,AD,dRID:AD,-0.49602
B_attacker_costs,0.1,0.1,0.1,0.85,0.35,0.15,dRID,AD,dRID:AD,-0.49602
B_attacker_costs,0.1,0.1,0.1,0.85,0.35,0.2,dRID,A0,dRID:A0,-0.30000000000000004
B_attacker_costs,0.1,0.1,0.1,0.85,0.35,0.25,dRID,A0,dRID:A0,-0.30000000000000004
B_attacker_costs,0.1,0.1,0.1,0.85,0.35,0.3,dRID,A0,dRID:A0,-0.30000000000000004
B_attacker_costs,0.1,0.1,0.1,0.85,0.35,0.35,dRID,A0,dRID:A0,-0.30000000000000004
B_attacker_costs,0.1,0.1,0.1,0.85,0.35,0.4,dRID,A0,dRID:A0,-0.30000000000000004
B_attacker_costs,0.1,0.1,0.1,0.85,0.35,0.45,dRI,A0,dRI:A0,-0.2
B_attacker_costs,0.1,0.1,0.1,0.85,0.35,0.5,dRI,A0,dRI:A0,-0.2
B_attacker_costs,0.1,0.1,0.1,0.85,0.35,0.55,dRI,A0,dRI:A0,-0.2
B_attacker_costs,0.1,0.1,0.1,0.85,0.35,0.6,dRI,A0,dRI:A0,-0.2
B_attacker_costs,0.1,0.1,0.1,0.85,0.35,0.65,dRI,A0,dRI:A0,-0.2
B_attacker_costs,0.1,0.1,0.1,0.85,0.35,0.7,dRI,A0,dRI:A0,-0.2
B_attacker_costs,0.1,0.1,0.1,0.85,0.35,0.75,dRI,A0,dRI:A0,-0.2
B_attacker_costs,0.1,0.1,0.1,0.85,0.35,0.8,dRI,A0,dRI:A0,-0.2
B_attacker_costs,0.1,0.1,0.1,0.85,0.35,0.85,dRI,A0,dRI:A0,-0.2
B_attacker_costs,0.1,0.1,0.1,0.85,0.35,0.9,dRI,A0,dRI:A0,-0.2
B_attacker_costs,0.1,0.1,0.1,0.85,0.35,0.95,dRI,A0,dRI:A0,-0.2
B_attacker_costs,0.1,0.1,0.1,0.85,0.35,1.0,dRI,A0,dRI:A0,-0.2
B_attacker_costs,0.1,0.1,0.1,0.85,0.4,0.0,dID,AD,dID:AD,-0.39602000000000004
B_attacker_costs,0.1,0.1,0.1,0.85,0.4,0.05,dRID,AD,dRID:AD,-0.49602
B_attacker_costs,0.1,0.1,0.1,0.85,0.4,0.1,dRID,AD,dRID:AD,-0.49602
B_attacker_costs,0.1,0.1,0.1,0.85,0.4,0.15,dRID,AD,dRID:AD,-0.49602
B_attacker_costs,0.1,0.1,0.1,0.85,0.4,0.2,dRID,A0,dRID:A0,-0.30000000000000004
B_attacker_costs,0.1,0.1,0.1,0.85,0.4,0.25,dRID,A0,dRID:A0,-0.30000000000000004
B_attacker_costs,0.1,0.1,0.1,0.85,0.4,0.3,dRID,A0,dRID:A0,-0.30000000000000004
B_attacker_costs,0.1,0.1,0.1,0.85,0.4,0.35,dRID,A0,dRID:A0,-0.30000000000000004
B_attacker_costs,0.1,0.1,0.1,0.85,0.4,0.4,dRID,A0,dRID:A0,-0.30000000000000004
B_attacker_costs,0.1,0.1,0.1,0.85,0.4,0.45,dRI,A0,dRI:A0,-0.2
B_attacker_costs,0.1,0.1,0.1,0.85,0.4,0.5,dRI,A0,dRI:A0,-0.2
B_attacker_costs,0.1,0.1,0.1,0.85,0.4,0.55,dRI,A0,dRI:A0,-0.2
B_attacker_costs,0.1,0.1,0.1,0.85,0.4,0.6,dRI,A0,dRI:A0,-0.2
B_attacker_costs,0.1,0.1,0.1,0.85,0.4,0.65,dRI,A0,dRI:A0,-0.2
B_attacker_costs,0.1,0.1,0.1,0.85,0.4,0.7,dRI,A0,dRI:A0,-0.2
B_attacker_costs,0.1,0.1,0.1,0.85,0.4,0.75,dRI,A0,dRI:A0,-0.2
B_attacker_costs,0.1,0.1,0.1,0.85,0.4,0.8,dRI,A0,dRI:A0,-0.2
B_attacker_costs,0.1,0.1,0.1,0.85,0.4,0.85,dRI,A0,dRI:A0,-0.2
B_attacker_costs,0.1,0.1,0.1,0.85,0.4,0.9,dRI,A0,dRI:A0,-0.2
B_attacker_costs,0.1,0.1,0.1,0.85,0.4,0.95,dRI,A0,dRI:A0,-0.2
B_attacker_costs,0.1,0.1,0.1,0.85,0.4,1.0,dRI,A0,dRI:A0,-0.2
B_attacker_costs,0.1,0.1,0.1,0.85,0.45,0.0,dID,AD,dID:AD,-0.39602000000000004
B_attacker_costs,0.1,0.1,0.1,0.85,0.45,0.05,dRID,AD,dRID:AD,-0.49602
B_attacker_costs,0.1,0.1,0.1,0.85,0.45,0.1,dRID,AD,dRID:AD,-0.49602
B_attacker_costs,0.1,0.1,0.1,0.85,0.45,0.15,dRID,AD,dRID:AD,-0.49602
B_attacker_costs,0.1,0.1,0.1,0.85,0.45,0.2,dRID,A0,dRID:A0,-0.30000000000000004
B_attacker_costs,0.1,0.1,0.1,0.85,0.45,0.25,dRID,A0,dRID:A0,-0.30000000000000004
B_attacker_costs,0.1,0.1,0.1,0.85,0.45,0.3,dRID,A0,dRID:A0,-0.30000000000000004
B_attacker_costs,0.1,0.1,0.1,0.85,0.45,0.35,dRID,A0,dRID:A0,-0.30000000000000004
B_attacker_costs,0.1,0.1,0.1,0.85,0.45,0.4,dRID,A0,dRID:A0,-0.30000000000000004
B_attacker_costs,0.1,0.1,0.1,0.85,0.45,0.45,dRI,A0,dRI:A0,-0.2
B_attacker_costs,0.1,0.1,0.1,0.85,0.45,0.5,dRI,A0,dRI:A0,-0.2
B_attacker_costs,0.1,0.1,0.1,0.85,0.45,0.55,dRI,A0,dRI:A0,-0.2
B_attacker_costs,0.1,0.1,0.1,0.85,0.45,0.6,dRI,A0,dRI:A0,-0.2
B_attacker_costs,0.1,0.1,0.1,0.85,0.45,0.65,dRI,A0,dRI:A0,-0.2
B_attacker_costs,0.1,0.1,0.1,0.85,0.45,0.7,dRI,A0,dRI:A0,-0.2
B_attacker_costs,0.1,0.1,0.1,0.85,0.45,0.75,dRI,A0,dRI:A0,-0.2
B_attacker_costs,0.1,0.1,0.1,0.85,0.45,0.8,dRI,A0,dRI:A0,-0.2
B_attacker_costs,0.1,0.1,0.1,0.85,0.45,0.85,dRI,A0,dRI:A0,-0.2
B_attacker_costs,0.1,0.1,0.1,0.85,0.45,0.9,dRI,A0,dRI:A0,-0.2
B_attacker_costs,0.1,0.1,0.1,0.85,0.45,0.95,dRI,A0,dRI:A0,-0.2
B_attacker_costs,0.1,0.1,0.1,0.85,0.45,1.0,dRI,A0,dRI:A0,-0.2
B_attacker_costs,0.1,0.1,0.1,0.85,0.5,0.0,dID,AD,dID:AD,-0.39602000000000004
B_attacker_costs,0.1,0.1,0.1,0.85,0.5,0.05,dRID,AD,dRID:AD,-0.49602
B_attacker_costs,0.1,0.1,0.1,0.85,0.5,0.1,dRID,AD,dRID:AD,-0.49602
B_attacker_costs,0.1,0.1,0.1,0.85,0.5,0.15,dRID,AD,dRID:AD,-0.49602
B_attacker_costs,0.1,0.1,0.1,0.85,0.5,0.2,dRID,A0,dRID:A0,-0.30000000000000004
B_attacker_costs,0.1,0.1,0.1,0.85,0.5,0.25,dRID,A0,dRID:A0,-0.30000000000000004
B_attacker_costs,0.1,0.1,0.1,0.85,0.5,0.3,dRID,A0,dRID:A0,-0.30000000000000004
B_attacker_costs,0.1,0.1,0.1,0.85,0.5,0.35,dRID,A0,dRID:A0,-0.30000000000000004
B_attacker_costs,0.1,0.1,0.1,0.85,0.5,0.4,dRID,A0,dRID:A0,-0.30000000000000004
B_attacker_costs,0.1,0.1,0.1,0.85,0.5,0.45,dRI,A0,dRI:A0,-0.2
B_attacker_costs,0.1,0.1,0.1,0.85,0.5,0.5,dRI,A0,dRI:A0,-0.2
B_attacker_costs,0.1,0.1,0.1,0.85,0.5,0.55,dRI,A0,dRI:A0,-0.2
B_attacker_costs,0.1,0.1,0.1,0.85,0.5,0.6,dRI,A0,dRI:A0,-0.2
B_attacker_costs,0.1,0.1,0.1,0.85,0.5,0.65,dRI,A0,dRI:A0,-0.2
B_attacker_costs,0.1,0.1,0.1,0.85,0.5,0.7,dRI,A0,dRI:A0,-0.2
B_attacker_costs,0.1,0.1,0.1,0.85,0.5,0.75,dRI,A0,dRI:A0,-0.2
B_attacker_costs,0.1,0.1,0.1,0.85,0.5,0.8,dRI,A0,dRI:A0,-0.2
B_attacker_costs,0.1,0.1,0.1,0.85,0.5,0.85,dRI,A0,dRI:A0,-0.2
B_attacker_costs,0.1,0.1,0.1,0.85,0.5,0.9,dRI,A0,dRI:A0,-0.2
B_attacker_costs,0.1,0.1,0.1,0.85,0.5,0.95,dRI,A0,dRI:A0,-0.2
B_attacker_costs,0.1,0.1,0.1,0.85,0.5,1.0,dRI,A0,dRI:A0,-0.2
B_attacker_costs,0.1,0.1,0.1,0.85,0.55,0.0,dID,AD,dID:AD,-0.39602000000000004
B_attacker_costs,0.1,0.1,0.1,0.85,0.55,0.05,dRID,AD,dRID:AD,-0.49602
B_attacker_costs,0.1,0.1,0.1,0.85,0.55,0.1,dRID,AD,dRID:AD,-0.49602
B_attacker_costs,0.1,0.1,0.1,0.85,0.55,0.15,dRID,AD,dRID:AD,-0.49602
B_attacker_costs,0.1,0.1,0.1,0.85,0.55,0.2,dRID,A0,dRID:A0,-0.30000000000000004
B_attacker_costs,0.1,0.1,0.1,0.85,0.55,0.25,dRID,A0,dRID:A0,-0.30000000000000004
B_attacker_costs,0.1,0.1,0.1,0.85,0.55,0.3,dRID,A0,dRID:A0,-0.30000000000000004
B_attacker_costs,0.1,0.1,0.1,0.85,0.55,0.35,dRID,A0,dRID:A0,-0.30000000000000004
B_attacker_costs,0.1,0.1,0.1,0.85,0.55,0.4,dRID,A0,dRID:A0,-0.30000000000000004
B_attacker_costs,0.1,0.1,0.1,0.85,0.55,0.45,dRI,A0,dRI:A0,-0.2
B_attacker_costs,0.1,0.1,0.1,0.85,0.55,0.5,dRI,A0,dRI:A0,-0.2
B_attacker_costs,0.1,0.1,0.1,0.85,0.55,0.55,dRI,A0,dRI:A0,-0.2
B_attacker_costs,0.1,0.1,0.1,0.85,0.55,0.6,dRI,A0,dRI:A0,-0.2
B_attacker_costs,0.1,0.1,0.1,0.85,0.55,0.65,dRI,A0,dRI:A0,-0.2
B_attacker_costs,0.1,0.1,0.1,0.85,0.55,0.7,dRI,A0,dRI:A0,-0.2
B_attacker_costs,0.1,0.1,0.1,0.85,0.55,0.75,dRI,A0,dRI:A0,-0.2
B_attacker_costs,0.1,0.1,0.1,0.85,0.55,0.8,dRI,A0,dRI:A0,-0.2
B_attacker_costs,0.1,0.1,0.1,0.85,0.55,0.85,dRI,A0,dRI:A0,-0.2
B_attacker_costs,0.1,0.1,0.1,0.85,0.55,0.9,dRI,A0,dRI:A0,-0.2
B_attacker_costs,0.1,0.1,0.1,0.85,0.55,0.95,dRI,A0,dRI:A0,-0.2
B_attacker_costs,0.1,0.1,0.1,0.85,0.55,1.0,dRI,A0,dRI:A0,-0.2
B_attacker_costs,0.1,0.1,0.1,0.85,0.6,0.0,dID,AD,dID:AD,-0.39602000000000004
B_attacker_costs,0.1,0.1,0.1,0.85,0.6,0.05,dRID,AD,dRID:AD,-0.49602
B_attacker_costs,0.1,0.1,0.1,0.85,0.6,0.1,dRID,AD,dRID:AD,-0.49602
B_attacker_costs,0.1,0.1,0.1,0.85,0.6,0.15,dRID,AD,dRID:AD,-0.49602
B_attacker_costs,0.1,0.1,0.1,0.85,0.6,0.2,dRID,A0,dRID:A0,-0.30000000000000004
B_attacker_costs,0.1,0.1,0.1,0.85,0.6,0.25,dRID,A0,dRID:A0,-0.30000000000000004
B_attacker_costs,0.1,0.1,0.1,0.85,0.6,0.3,dRID,A0,dRID:A0,-0.30000000000000004
B_attacker_costs,0.1,0.1,0.1,0.85,0.6,0.35,dRID,A0,dRID:A0,-0.30000000000000004
B_attacker_costs,0.1,0.1,0.1,0.85,0.6,0.4,dRID,A0,dRID:A0,-0.30000000000000004
B_attacker_costs,0.1,0.1,0.1,0.85,0.6,0.45,dRI,A0,dRI:A0,-0.2
B_attacker_costs,0.1,0.1,0.1,0.85,0.6,0.5,dRI,A0,dRI:A0,-0.2
B_attacker_costs,0.1,0.1,0.1,0.85,0.6,0.55,dRI,A0,dRI:A0,-0.2
B_attacker_costs,0.1,0.1,0.1,0.85,0.6,0.6,dRI,A0,dRI:A0,-0.2
B_attacker_costs,0.1,0.1,0.1,0.85,0.6,0.65,dRI,A0,dRI:A0,-0.2
B_attacker_costs,0.1,0.1,0.1,0.85,0.6,0.7,dRI,A0,dRI:A0,-0.2
B_attacker_costs,0.1,0.1,0.1,0.85,0.6,0.75,dRI,A0,dRI:A0,-0.2
B_attacker_costs,0.1,0.1,0.1,0.85,0.6,0.8,dRI,A0,dRI:A0,-0.2
B_attacker_costs,0.1,0.1,0.1,0.85,0.6,0.85,dRI,A0,dRI:A0,-0.2
B_attacker_costs,0.1,0.1,0.1,0.85,0.6,0.9,dRI,A0,dRI:A0,-0.2
B_attacker_costs,0.1,0.1,0.1,0.85,0.6,0.95,dRI,A0,dRI:A0,-0.2
B_attacker_costs,0.1,0.1,0.1,0.85,0.6,1.0,dRI,A0,dRI:A0,-0.2
B_attacker_costs,0.1,0.1,0.1,0.85,0.65,0.0,dID,AD,dID:AD,-0.39602000000000004
B_attacker_costs,0.1,0.1,0.1,0.85,0.65,0.05,d0,AD,d0:AD,-0.43377
B_attacker_costs,0.1,0.1,0.1,0.85,0.65,0.1,dRID,AD,dRID:AD,-0.49602
B_attacker_costs,0.1,0.1,0.1,0.85,0.65,0.15,dRID,AD,dRID:AD,-0.49602
B_attacker_costs,0.1,0.1,0.1,0.85,0.65,0.2,dRID,A0,dRID:A0,-0.30000000000000004
B_attacker_costs,0.1,0.1,0.1,0.85,0.65,0.25,dRID,A0,dRID:A0,-0.30000000000000004
B_attacker_costs,0.1,0.1,0.1,0.85,0.65,0.3,dRID,A0,dRID:A0,-0.30000000000000004
B_attacker_costs,0.1,0.1,0.1,0.85,0.65,0.35,dRID,A0,dRID:A0,-0.30000000000000004
B_attacker_costs,0.1,0.1,0.1,0.85,0.65,0.4,dRID,A0,dRID:A0,-0.30000000000000004
B_attacker_costs,0.1,0.1,0.1,0.85,0.65,0.45,dRI,A0,dRI:A0,-0.2
B_attacker_costs,0.1,0.1,0.1,0.85,0.65,0.5,dRI,A0,dRI:A0,-0.2
B_attacker_costs,0.1,0.1,0.1,0.85,0.65,0.55,dRI,A0,dRI:A0,-0.2
B_attacker_costs,0.1,0.1,0.1,0.85,0.65,0.6,dRI,A0,dRI:A0,-0.2
B_attacker_costs,0.1,0.1,0.1,0.85,0.65,0.65,dRI,A0,dRI:A0,-0.2
B_attacker_costs,0.1,0.1,0.1,0.85,0.65,0.7,dRI,A0,dRI:A0,-0.2
B_attacker_costs,0.1,0.1,0.1,0.85,0.65,0.75,dRI,A0,dRI:A0,-0.2
B_attacker_costs,0.1,0.1,0.1,0.85,0.65,0.8,dRI,A0,dRI:A0,-0.2
B_attacker_costs,0.1,0.1,0.1,0.85,0.65,0.85,dRI,A0,dRI:A0,-0.2
B_attacker_costs,0.1,0.1,0.1,0.85,0.65,0.9,dRI,A0,dRI:A0,-0.2
B_attacker_costs,0.1,0.1,0.1,0.85,0.65,0.95,dRI,A0,dRI:A0,-0.2
B_attacker_costs,0.1,0.1,0.1,0.85,0.65,1.0,dRI,A0,dRI:A0,-0.2
B_attacker_costs,0.1,0.1,0.1,0.85,0.7,0.0,dID,AD,dID:AD,-0.39602000000000004
B_attacker_costs,0.1,0.1,0.1,0.85,0.7,0.05,d0,AD,d0:AD,-0.43377
B_attacker_costs,0.1,0.1,0.1,0.85,0.7,0.1,d0,AD,d0:AD,-0.43377
B_attacker_costs,0.1,0.1,0.1,0.85,0.7,0.15,dRID,AD,dRID:AD,-0.49602
B_attacker_costs,0.1,0.1,0.1,0.85,0.7,0.2,dRID,A0,dRID:A0,-0.30000000000000004
B_attacker_costs,0.1,0.1,0.1,0.85,0.7,0.25,dRID,A0,dRID:A0,-0.30000000000000004
B_attacker_costs,0.1,0.1,0.1,0.85,0.7,0.3,dRID,A0,dRID:A0,-0.30000000000000004
B_attacker_costs,0.1,0.1,0.1,0.85,0.7,0.35,dRID,A0,dRID:A0,-0.30000000000000004
B_attacker_costs,0.1,0.1,0.1,0.85,0.7,0.4,dRID,A0,dRID:A0,-0.30000000000000004
B_attacker_costs,0.1,0.1,0.1,0.85,0.7,0.45,dRI,A0,dRI:A0,-0.2
B_attacker_costs,0.1,0.1,0.1,0.85,0.7,0.5,dRI,A0,dRI:A0,-0.2
B_attacker_costs,0.1,0.1,0.1,0.85,0.7,0.55,dRI,A0,dRI:A0,-0.2
B_attacker_costs,0.1,0.1,0.1,0.85,0.7,0.6,dRI,A0,dRI:A0,-0.2
B_attacker_costs,0.1,0.1,0.1,0.85,0.7,0.65,dRI,A0,dRI:A0,-0.2
B_attacker_costs,0.1,0.1,0.1,0.85,0.7,0.7,dRI,A0,dRI:A0,-0.2
B_attacker_costs,0.1,0.1,0.1,0.85,0.7,0.75,dRI,A0,dRI:A0,-0.2
B_attacker_costs,0.1,0.1,0.1,0.85,0.7,0.8,dRI,A0,dRI:A0,-0.2
B_attacker_costs,0.1,0.1,0.1,0.85,0.7,0.85,dRI,A0,dRI:A0,-0.2
B_attacker_costs,0.1,0.1,0.1,0.85,0.7,0.9,dRI,A0,dRI:A0,-0.2
B_attacker_costs,0.1,0.1,0.1,0.85,0.7,0.95,dRI,A0,dRI:A0,-0.2
B_attacker_costs,0.1,0.1,0.1,0.85,0.7,1.0,dRI,A0,dRI:A0,-0.2
B_attacker_costs,0.1,0.1,0.1,0.85,0.75,0.0,dID,AD,dID:AD,-0.39602000000000004
B_attacker_costs,0.1,0.1,0.1,0.85,0.75,0.05,d0,AD,d0:AD,-0.43377
B_attacker_costs,0.1,0.1,0.1,0.85,0.75,0.1,d0,AD,d0:AD,-0.43377
B_attacker_costs,0.1,0.1,0.1,0.85,0.75,0.15,d0,AD,d0:AD,-0.43377
B_attacker_costs,0.1,0.1,0.1,0.85,0.75,0.2,dRID,A0,dRID:A0,-0.30000000000000004
B_attacker_costs,0.1,0.1,0.1,0.85,0.75,0.25,dRID,A0,dRID:A0,-0.30000000000000004
B_attacker_costs,0.1,0.1,0.1,0.85,0.75,0.3,dRID,A0,dRID:A0,-0.30000000000000004
B_attacker_costs,0.1,0.1,0.1,0.85,0.75,0.35,dRID,A0,dRID:A0,-0.30000000000000004
B_attacker_costs,0.1,0.1,0.1,0.85,0.75,0.4,dRID,A0,dRID:A0,-0.30000000000000004
B_attacker_costs,0.1,0.1,0.1,0.85,0.75,0.45,dRI,A0,dRI:A0,-0.2
B_attacker_costs,0.1,0.1,0.1,0.85,0.75,0.5,dRI,A0,dRI:A0,-0.2
B_attacker_costs,0.1,0.1,0.1,0.85,0.75,0.55,dRI,A0,dRI:A0,-0.2
B_attacker_costs,0.1,0.1,0.1,0.85,0.75,0.6,dRI,A0,dRI:A0,-0.2
B_attacker_costs,0.1,0.1,0.1,0.85,0.75,0.65,dRI,A0,dRI:A0,-0.2
B_attacker_costs,0.1,0.1,0.1,0.85,0.75,0.7,dRI,A0,dRI:A0,-0.2
B_attacker_costs,0.1,0.1,0.1,0.85,0.75,0.75,dRI,A0,dRI:A0,-0.2
B_attacker_costs,0.1,0.1,0.1,0.85,0.75,0.8,dRI,A0,dRI:A0,-0.2
B_attacker_costs,0.1,0.1,0.1,0.85,0.75,0.85,dRI,A0,dRI:A0,-0.2
B_attacker_costs,0.1,0.1,0.1,0.85,0.75,0.9,dRI,A0,dRI:A0,-0.2
B_attacker_costs,0.1,0.1,0.1,0.85,0.75,0.95,dRI,A0,dRI:A0,-0.2
B_attacker_costs,0.1,0.1,0.1,0.85,0.75,1.0,dRI,A0,dRI:A0,-0.2
B_attacker_costs,0.1,0.1,0.1,0.85,0.8,0.0,dID,AD,dID:AD,-0.39602000000000004
B_attacker_costs,0.1,0.1,0.1,0.85,0.8,0.05,d0,AD,d0:AD,-0.43377
B_attacker_costs,0.1,0.1,0.1,0.85,0.8,0.1,d0,AD,d0:AD,-0.43377
B_attacker_costs,0.1,0.1,0.1,0.85,0.8,0.15,d0,AD,d0:AD,-0.43377
B_attacker_costs,0.1,0.1,0.1,0.85,0.8,0.2,dRID,A0,dRID:A0,-0.30000000000000004
B_attacker_costs,0.1,0.1,0.1,0.85,0.8,0.25,dRID,A0,dRID:A0,-0.30000000000000004
B_attacker_costs,0.1,0.1,0.1,0.85,0.8,0.3,dRID,A0,dRID:A0,-0.30000000000000004
B_attacker_costs,0.1,0.1,0.1,0.85,0.8,0.35,dRID,A0,dRID:A0,-0.30000000000000004
B_attacker_costs,0.1,0.1,0.1,0.85,0.8,0.4,dRID,A0,dRID:A0,-0.30000000000000004
B_attacker_costs,0.1,0.1,0.1,0.85,0.8,0.45,dRI,A0,dRI:A0,-0.2
B_attacker_costs,0.1,0.1,0.1,0.85,0.8,0.5,dRI,A0,dRI:A0,-0.2
B_attacker_costs,0.1,0.1,0.1,0.85,0.8,0.55,dRI,A0,dRI:A0,-0.2
B_attacker_costs,0.1,0.1,0.1,0.85,0.8,0.6,dRI,A0,dRI:A0,-0.2
B_attacker_costs,0.1,0.1,0.1,0.85,0.8,0.65,dRI,A0,dRI:A0,-0.2
B_attacker_costs,0.1,0.1,0.1,0.85,0.8,0.7,dRI,A0,dRI:A0,-0.2
B_attacker_costs,0.1,0.1,0.1,0.85,0.8,0.75,dRI,A0,dRI:A0,-0.2
B_attacker_costs,0.1,0.1,0.1,0.85,0.8,0.8,dRI,A0,dRI:A0,-0.2
B_attacker_costs,0.1,0.1,0.1,0.85,0.8,0.85,dRI,A0,dRI:A0,-0.2
B_attacker_costs,0.1,0.1,0.1,0.85,0.8,0.9,dRI,A0,dRI:A0,-0.2
B_attacker_costs,0.1,0.1,0.1,0.85,0.8,0.95,dRI,A0,dRI:A0,-0.2
B_attacker_costs,0.1,0.1,0.1,0.85,0.8,1.0,dRI,A0,dRI:A0,-0.2
B_attacker_costs,0.1,0.1,0.1,0.85,0.85,0.0,dD,AD,dD:AD,-0.29602
B_attacker_costs,0.1,0.1,0.1,0.85,0.85,0.05,d0,AD,d0:AD,-0.43377
B_attacker_costs,0.1,0.1,0.1,0.85,0.85,0.1,d0,AD,d0:AD,-0.43377
B_attacker_costs,0.1,0.1,0.1,0.85,0.85,0.15,d0,AD,d0:AD,-0.43377
B_attacker_costs,0.1,0.1,0.1,0.85,0.85,0.2,dRID,A0,dRID:A0,-0.30000000000000004
B_attacker_costs,0.1,0.1,0.1,0.85,0.85,0.25,dRID,A0,dRID:A0,-0.30000000000000004
B_attacker_costs,0.1,0.1,0.1,0.85,0.85,0.3,dRID,A0,dRID:A0,-0.30000000000000004
B_attacker_costs,0.1,0.1,0.1,0.85,0.85,0.35,dRID,A0,dRID:A0,-0.30000000000000004
B_attacker_costs,0.1,0.1,0.1,0.85,0.85,0.4,dRID,A0,dRID:A0,-0.30000000000000004
B_attacker_costs,0.1,0.1,0.1,0.85,0.85,0.45,dRI,A0,dRI:A0,-0.2
B_attacker_costs,0.1,0.1,0.1,0.85,0.85,0.5,dRI,A0,dRI:A0,-0.2
B_attacker_costs,0.1,0.1,0.1,0.85,0.85,0.55,dRI,A0,dRI:A0,-0.2
B_attacker_costs,0.1,0.1,0.1,0.85,0.85,0.6,dRI,A0,dRI:A0,-0.2
B_attacker_costs,0.1,0.1,0.1,0.85,0.85,0.65,dRI,A0,dRI:A0,-0.2
B_attacker_costs,0.1,0.1,0.1,0.85,0.85,0.7,dRI,A0,dRI:A0,-0.2
B_attacker_costs,0.1,0.1,0.1,0.85,0.85,0.75,dRI,A0,dRI:A0,-0.2
B_attacker_costs,0.1,0.1,0.1,0.85,0.85,0.8,dRI,A0,dRI:A0,-0.2
B_attacker_costs,0.1,0.1,0.1,0.85,0.85,0.85,dRI,A0,dRI:A0,-0.2
B_attacker_costs,0.1,0.1,0.1,0.85,0.85,0.9,dRI,A0,dRI:A0,-0.2
B_attacker_costs,0.1,0.1,0.1,0.85,0.85,0.95,dRI,A0,dRI:A0,-0.2
B_attacker_costs,0.1,0.1,0.1,0.85,0.85,1.0,dRI,A0,dRI:A0,-0.2
B_attacker_costs,0.1,0.1,0.1,0.85,0.9,0.0,dD,AD,dD:AD,-0.29602
B_attacker_costs,0.1,0.1,0.1,0.85,0.9,0.05,dRD,AD,dRD:AD,-0.39602000000000004
B_attacker_costs,0.1,0.1,0.1,0.85,0.9,0.1,d0,AD,d0:AD,-0.43377
B_attacker_costs,0.1,0.1,0.1,0.85,0.9,0.15,d0,AD,d0:AD,-0.43377
B_attacker_costs,0.1,0.1,0.1,0.85,0.9,0.2,dRID,A0,dRID:A0,-0.30000000000000004
B_attacker_costs,0.1,0.1,0.1,0.85,0.9,0.25,dRID,A0,dRID:A0,-0.30000000000000004
B_attacker_costs,0.1,0.1,0.1,0.85,0.9,0.3,dRID,A0,dRID:A0,-0.30000000000000004
B_attacker_costs,0.1,0.1,0.1,0.85,0.9,0.35,dRID,A0,dRID:A0,-0.30000000000000004
B_attacker_costs,0.1,0.1,0.1,0.85,0.9,0.4,dRID,A0,dRID:A0,-0.30000000000000004
B_attacker_costs,0.1,0.1,0.1,0.85,0.9,0.45,dRI,A0,dRI:A0,-0.2
B_attacker_costs,0.1,0.1,0.1,0.85,0.9,0.5,dRI,A0,dRI:A0,-0.2
B_attacker_costs,0.1,0.1,0.1,0.85,0.9,0.55,dRI,A0,dRI:A0,-0.2
B_attacker_costs,0.1,0.1,0.1,0.85,0.9,0.6,dRI,A0,dRI:A0,-0.2
B_attacker_costs,0.1,0.1,0.1,0.85,0.9,0.65,dRI,A0,dRI:A0,-0.2
B_attacker_costs,0.1,0.1,0.1,0.85,0.9,0.7,dRI,A0,dRI:A0,-0.2
B_attacker_costs,0.1,0.1,0.1,0.85,0.9,0.75,dRI,A0,dRI:A0,-0.2
B_attacker_costs,0.1,0.1,0.1,0.85,0.9,0.8,dRI,A0,dRI:A0,-0.2
B_attacker_costs,0.1,0.1,0.1,0.85,0.9,0.85,dRI,A0,dRI:A0,-0.2
B_attacker_costs,0.1,0.1,0.1,0.85,0.9,0.9,dRI,A0,dRI:A0,-0.2
B_attacker_costs,0.1,0.1,0.1,0.85,0.9,0.95,dRI,A0,dRI:A0,-0.2
B_attacker_costs,0.1,0.1,0.1,0.85,0.9,1.0,dRI,A0,dRI:A0,-0.2
B_attacker_costs,0.1,0.1,0.1,0.85,0.95,0.0,dD,AD,dD:AD,-0.29602
B_attacker_costs,0.1,0.1,0.1,0.85,0.95,0.05,dRD,AD,dRD:AD,-0.39602000000000004
B_attacker_costs,0.1,0.1,0.1,0.85,0.95,0.1,dRD,AD,dRD:AD,-0.39602000000000004
B_attacker_costs,0.1,0.1,0.1,0.85,0.95,0.15,d0,AD,d0:AD,-0.43377
B_attacker_costs,0.1,0.1,0.1,0.85,0.95,0.2,dRID,A0,dRID:A0,-0.30000000000000004
B_attacker_costs,0.1,0.1,0.1,0.85,0.95,0.25,dRID,A0,dRID:A0,-0.30000000000000004
B_attacker_costs,0.1,0.1,0.1,0.85,0.95,0.3,dRID,A0,dRID:A0,-0.30000000000000004
B_attacker_costs,0.1,0.1,0.1,0.85,0.95,0.35,dRID,A0,dRID:A0,-0.30000000000000004
B_attacker_costs,0.1,0.1,0.1,0.85,0.95,0.4,dRID,A0,dRID:A0,-0.30000000000000004
B_attacker_costs,0.1,0.1,0.1,0.85,0.95,0.45,dRI,A0,dRI:A0,-0.2
B_attacker_costs,0.1,0.1,0.1,0.85,0.95,0.5,dRI,A0,dRI:A0,-0.2
B_attacker_costs,0.1,0.1,0.1,0.85,0.95,0.55,dRI,A0,dRI:A0,-0.2
B_attacker_costs,0.1,0.1,0.1,0.85,0.95,0.6,dRI,A0,dRI:A0,-0.2
B_attacker_costs,0.1,0.1,0.1,0.85,0.95,0.65,dRI,A0,dRI:A0,-0.2
B_attacker_costs,0.1,0.1,0.1,0.85,0.95,0.7,dRI,A0,dRI:A0,-0.2
B_attacker_costs,0.1,0.1,0.1,0.85,0.95,0.75,dRI,A0,dRI:A0,-0.2
B_attacker_costs,0.1,0.1,0.1,0.85,0.95,0.8,dRI,A0,dRI:A0,-0.2
B_attacker_costs,0.1,0.1,0.1,0.85,0.95,0.85,dRI,A0,dRI:A0,-0.2
B_attacker_costs,0.1,0.1,0.1,0.85,0.95,0.9,dRI,A0,dRI:A0,-0.2
B_attacker_costs,0.1,0.1,0.1,0.85,0.95,0.95,dRI,A0,dRI:A0,-0.2
B_attacker_costs,0.1,0.1,0.1,0.85,0.95,1.0,dRI,A0,dRI:A0,-0.2
B_attacker_costs,0.1,0.1,0.1,0.85,1.0,0.0,dD,AD,dD:AD,-0.29602
B_attacker_costs,0.1,0.1,0.1,0.85,1.0,0.05,dRD,AD,dRD:AD,-0.39602000000000004
B_attacker_costs,0.1,0.1,0.1,0.85,1.0,0.1,dRD,AD,dRD:AD,-0.39602000000000004
B_attacker_costs,0.1,0.1,0.1,0.85,1.0,0.15,dRD,AD,dRD:AD,-0.39602000000000004
B_attacker_costs,0.1,0.1,0.1,0.85,1.0,0.2,dRD,A0,dRD:A0,-0.2
B_attacker_costs,0.1,0.1,0.1,0.85,1.0,0.25,dRD,A0,dRD:A0,-0.2
B_attacker_costs,0.1,0.1,0.1,0.85,1.0,0.3,dRD,A0,dRD:A0,-0.2
B_attacker_costs,0.1,0.1,0.1,0.85,1.0,0.35,dRD,A0,dRD:A0,-0.2
B_attacker_costs,0.1,0.1,0.1,0.85,1.0,0.4,dRD,A0,dRD:A0,-0.2
B_attacker_costs,0.1,0.1,0.1,0.85,1.0,0.45,dR,A0,dR:A0,-0.1
B_attacker_costs,0.1,0.1,0.1,0.85,1.0,0.5,dR,A0,dR:A0,-0.1
B_attacker_costs,0.1,0.1,0.1,0.85,1.0,0.55,dR,A0,dR:A0,-0.1
B_attacker_costs,0.1,0.1,0.1,0.85,1.0,0.6,dR,A0,dR:A0,-0.1
B_attacker_costs,0.1,0.1,0.1,0.85,1.0,0.65,dR,A0,dR:A0,-0.1
B_attacker_costs,0.1,0.1,0.1,0.85,1.0,0.7,dR,A0,dR:A0,-0.1
B_attacker_costs,0.1,0.1,0.1,0.85,1.0,0.75,dR,A0,dR:A0,-0.1
B_attacker_costs,0.1,0.1,0.1,0.85,1.0,0.8,dR,A0,dR:A0,-0.1
B_attacker_costs,0.1,0.1,0.1,0.85,1.0,0.85,dR,A0,dR:A0,-0.1
B_attacker_costs,0.1,0.1,0.1,0.85,1.0,0.9,dR,A0,dR:A0,-0.1
B_attacker_costs,0.1,0.1,0.1,0.85,1.0,0.95,dR,A0,dR:A0,-0.1
B_attacker_costs,0.1,0.1,0.1,0.85,1.0,1.0,dR,A0,dR:A0,-0.1
B_attacker_costs,0.1,0.1,0.1,0.9,0.0,0.0,dID,AD,dID:AD,-0.39602000000000004
B_attacker_costs,0.1,0.1,0.1,0.9,0.0,0.05,dID,AD,dID:AD,-0.39602000000000004
B_attacker_costs,0.1,0.1,0.1,0.9,0.0,0.1,dRID,AD,dRID:AD,-0.49602
B_attacker_costs,0.1,0.1,0.1,0.9,0.0,0.15,dRID,AD,dRID:AD,-0.49602
B_attacker_costs,0.1,0.1,0.1,0.9,0.0,0.2,dRID,AI,dRID:AI,-0.30000000000000004
B_attacker_costs,0.1,0.1,0.1,0.9,0.0,0.25,dRID,AI,dRID:AI,-0.30000000000000004
B_attacker_costs,0.1,0.1,0.1,0.9,0.0,0.3,dRID,AI,dRID:AI,-0.30000000000000004
B_attacker_costs,0.1,0.1,0.1,0.9,0.0,0.35,dRID,AI,dRID:AI,-0.30000000000000004
B_attacker_costs,0.1,0.1,0.1,0.9,0.0,0.4,dRID,AI,dRID:AI,-0.30000000000000004
B_attacker_costs,0.1,0.1,0.1,0.9,0.0,0.45,dRI,AI,dRI:AI,-0.2
B_attacker_costs,0.1,0.1,0.1,0.9,0.0,0.5,dRI,AI,dRI:AI,-0.2
B_attacker_costs,0.1,0.1,0.1,0.9,0.0,0.55,dRI,AI,dRI:AI,-0.2
B_attacker_costs,0.1,0.1,0.1,0.9,0.0,0.6,dRI,AI,dRI:AI,-0.2
B_attacker_costs,0.1,0.1,0.1,0.9,0.0,0.65,dRI,AI,dRI:AI,-0.2
B_attacker_costs,0.1,0.1,0.1,0.9,0.0,0.7,dRI,AI,dRI:AI,-0.2
B_attacker_costs,0.1,0.1,0.1,0.9,0.0,0.75,dRI,AI,dRI:AI,-0.2
B_attacker_costs,0.1,0.1,0.1,0.9,0.0,0.8,dRI,AI,dRI:AI,-0.2
B_attacker_costs,0.1,0.1,0.1,0.9,0.0,0.85,dRI,AI,dRI:AI,-0.2
B_attacker_costs,0.1,0.1,0.1,0.9,0.0,0.9,dRI,AI,dRI:AI,-0.2
B_attacker_costs,0.1,0.1,0.1,0.9,0.0,0.95,dRI,AI,dRI:AI,-0.2
B_attacker_costs,0.1,0.1,0.1,0.9,0.0,1.0,dRI,AI,dRI:AI,-0.2
B_attacker_costs,0.1,0.1,0.1,0.9,0.05,0.0,dID,AD,dID:AD,-0.39602000000000004
B_attacker_costs,0.1,0.1,0.1,0.9,0.05,0.05,dID,AD,dID:AD,-0.39602000000000004
B_attacker_costs,0.1,0.1,0.1,0.9,0.05,0.1,dRID,AD,dRID:AD,-0.49602
B_attacker_costs,0.1,0.1,0.1,0.9,0.05,0.15,dRID,AD,dRID:AD,-0.49602
B_attacker_costs,0.1,0.1,0.1,0.9,0.05,0.2,dRID,A0,dRID:A0,-0.30000000000000004
B_attacker_costs,0.1,0.1,0.1,0.9,0.05,0.25,dRID,A0,dRID:A0,-0.30000000000000004
B_attacker_costs,0.1,0.1,0.1,0.9,0.05,0.3,dRID,A0,dRID:A0,-0.30000000000000004
B_attacker_costs,0.1,0.1,0.1,0.9,0.05,0.35,dRID,A0,dRID:A0,-0.30000000000000004
B_attacker_costs,0.1,0.1,0.1,0.9,0.05,0.4,dRID,A0,dRID:A0,-0.30000000000000004
B_attacker_costs,0.1,0.1,0.1,0.9,0.05,0.45,dRI,A0,dRI:A0,-0.2
B_attacker_costs,0.1,0.1,0.1,0.9,0.05,0.5,dRI,A0,dRI:A0,-0.2
B_attacker_costs,0.1,0.1,0.1,0.9,0.05,0.55,dRI,A0,dRI:A0,-0.2
B_attacker_costs,0.1,0.1,0.1,0.9,0.05,0.6,dRI,A0,dRI:A0,-0.2
B_attacker_costs,0.1,0.1,0.1,0.9,0.05,0.65,dRI,A0,dRI:A0,-0.2
B_attacker_costs,0.1,0.1,0.1,0.9,0.05,0.7,dRI,A0,dRI:A0,-0.2
B_attacker_costs,0.1,0.1,0.1,0.9,0.05,0.75,dRI,A0,dRI:A0,-0.2
B_attacker_costs,0.1,0.1,0.1,0.9,0.05,0.8,dRI,A0,dRI:A0,-0.2
B_attacker_costs,0.1,0.1,0.1,0.9,0.05,0.85,dRI,A0,dRI:A0,-0.2
B_attacker_costs,0.1,0.1,0.1,0.9,0.05,0.9,dRI,A0,dRI:A0,-0.2
B_attacker_costs,0.1,0.1,0.1,0.9,0.05,0.95,dRI,A0,dRI:A0,-0.2
B_attacker_costs,0.1,0.1,0.1,0.9,0.05,1.0,dRI,A0,dRI:A0,-0.2
B_attacker_costs,0.1,0.1,0.1,0.9,0.1,0.0,dID,AD,dID:AD,-0.39602000000000004
B_attacker_costs,0.1,0.1,0.1,0.9,0.1,0.05,dID,AD,dID:AD,-0.39602000000000004
B_attacker_costs,0.1,0.1,0.1,0.9,0.1,0.1,dRID,AD,dRID:AD,-0.49602
B_attacker_costs,0.1,0.1,0.1,0.9,0.1,0.15,dRID,AD,dRID:AD,-0.49602
B_attacker_costs,0.1,0.1,0.1,0.9,0.1,0.2,dRID,A0,dRID:A0,-0.30000000000000004
B_attacker_costs,0.1,0.1,0.1,0.9,0.1,0.25,dRID,A0,dRID:A0,-0.30000000000000004
B_attacker_costs,0.1,0.1,0.1,0.9,0.1,0.3,dRID,A0,dRID:A0,-0.30000000000000004
B_attacker_costs,0.1,0.1,0.1,0.9,0.1,0.35,dRID,A0,dRID:A0,-0.30000000000000004
B_attacker_costs,0.1,0.1,0.1,0.9,0.1,0.4,dRID,A0,dRID:A0,-0.30000000000000004
B_attacker_costs,0.1,0.1,0.1,0.9,0.1,0.45,dRI,A0,dRI:A0,-0.2
B_attacker_costs,0.1,0.1,0.1,0.9,0.1,0.5,dRI,A0,dRI:A0,-0.2
B_attacker_costs,0.1,0.1,0.1,0.9,0.1,0.55,dRI,A0,dRI:A0,-0.2
B_attacker_costs,0.1,0.1,0.1,0.9,0.1,0.6,dRI,A0,dRI:A0,-0.2
B_attacker_costs,0.1,0.1,0.1,0.9,0.1,0.65,dRI,A0,dRI:A0,-0.2
B_attacker_costs,0.1,0.1,0.1,0.9,0.1,0.7,dRI,A0,dRI:A0,-0.2
B_attacker_costs,0.1,0.1,0.1,0.9,0.1,0.75,dRI,A0,dRI:A0,-0.2
B_attacker_costs,0.1,0.1,0.1,0.9,0.1,0.8,dRI,A0,dRI:A0,-0.2
B_attacker_costs,0.1,0.1,0.1,0.9,0.1,0.85,dRI,A0,dRI:A0,-0.2
B_attacker_costs,0.1,0.1,0.1,0.9,0.1,0.9,dRI,A0,dRI:A0,-0.2
B_attacker_costs,0.1,0.1,0.1,0.9,0.1,0.95,dRI,A0,dRI:A0,-0.2
B_attacker_costs,0.1,0.1,0.1,0.9,0.1,1.0,dRI,A0,dRI:A0,-0.2
B_attacker_costs,0.1,0.1,0.1,0.9,0.15,0.0,dID,AD,dID:AD,-0.39602000000000004
B_attacker_costs,0.1,0.1,0.1,0.9,0.15,0.05,dID,AD,dID:AD,-0.39602000000000004
B_attacker_costs,0.1,0.1,0.1,0.9,0.15,0.1,dRID,AD,dRID:AD,-0.49602
B_attacker_costs,0.1,0.1,0.1,0.9,0.15,0.15,dRID,AD,dRID:AD,-0.49602
B_attacker_costs,0.1,0.1,0.1,0.9,0.15,0.2,dRID,A0,dRID:A0,-0.30000000000000004
B_attacker_costs,0.1,0.1,0.1,0.9,0.15,0.25,dRID,A0,dRID:A0,-0.30000000000000004
B_attacker_costs,0.1,0.1,0.1,0.9,0.15,0.3,dRID,A0,dRID:A0,-0.30000000000000004
B_attacker_costs,0.1,0.1,0.1,0.9,0.15,0.35,dRID,A0,dRID:A0,-0.30000000000000004
B_attacker_costs,0.1,0.1,0.1,0.9,0.15,0.4,dRID,A0,dRID:A0,-0.30000000000000004
B_attacker_costs,0.1,0.1,0.1,0.9,0.15,0.45,dRI,A0,dRI:A0,-0.2
B_attacker_costs,0.1,0.1,0.1,0.9,0.15,0.5,dRI,A0,dRI:A0,-0.2
B_attacker_costs,0.1,0.1,0.1,0.9,0.15,0.55,dRI,A0,dRI:A0,-0.2
B_attacker_costs,0.1,0.1,0.1,0.9,0.15,0.6,dRI,A0,dRI:A0,-0.2
B_attacker_costs,0.1,0.1,0.1,0.9,0.15,0.65,dRI,A0,dRI:A0,-0.2
B_attacker_costs,0.1,0.1,0.1,0.9,0.15,0.7,dRI,A0,dRI:A0,-0.2
B_attacker_costs,0.1,0.1,0.1,0.9,0.15,0.75,dRI,A0,dRI:A0,-0.2
B_attacker_costs,0.1,0.1,0.1,0.9,0.15,0.8,dRI,A0,dRI:A0,-0.2
B_attacker_costs,0.1,0.1,0.1,0.9,0.15,0.85,dRI,A0,dRI:A0,-0.2
B_attacker_costs,0.1,0.1,0.1,0.9,0.15,0.9,dRI,A0,dRI:A0,-0.2
B_attacker_costs,0.1,0.1,0.1,0.9,0.15,0.95,dRI,A0,dRI:A0,-0.2
B_attacker_costs,0.1,0.1,0.1,0.9,0.15,1.0,dRI,A0,dRI:A0,-0.2
B_attacker_costs,0.1,0.1,0.1,0.9,0.2,0.0,dID,AD,dID:AD,-0.39602000000000004
B_attacker_costs,0.1,0.1,0.1,0.9,0.2,0.05,dID,AD,dID:AD,-0.39602000000000004
B_attacker_costs,0.1,0.1,0.1,0.9,0.2,0.1,dRID,AD,dRID:AD,-0.49602
B_attacker_costs,0.1,0.1,0.1,0.9,0.2,0.15,dRID,AD,dRID:AD,-0.49602
B_attacker_costs,0.1,0.1,0.1,0.9,0.2,0.2,dRID,A0,dRID:A0,-0.30000000000000004
B_attacker_costs,0.1,0.1,0.1,0.9,0.2,0.25,dRID,A0,dRID:A0,-0.30000000000000004
B_attacker_costs,0.1,0.1,0.1,0.9,0.2,0.3,dRID,A0,dRID:A0,-0.30000000000000004
B_attacker_costs,0.1,0.1,0.1,0.9,0.2,0.35,dRID,A0,dRID:A0,-0.30000000000000004
B_attacker_costs,0.1,0.1,0.1,0.9,0.2,0.4,dRID,A0,dRID:A0,-0.30000000000000004
B_attacker_costs,0.1,0.1,0.1,0.9,0.2,0.45,dRI,A0,dRI:A0,-0.2
B_attacker_costs,0.1,0.1,0.1,0.9,0.2,0.5,dRI,A0,dRI:A0,-0.2
B_attacker_costs,0.1,0.1,0.1,0.9,0.2,0.55,dRI,A0,dRI:A0,-0.2
B_attacker_costs,0.1,0.1,0.1,0.9,0.2,0.6,dRI,A0,dRI:A0,-0.2
B_attacker_costs,0.1,0.1,0.1,0.9,0.2,0.65,dRI,A0,dRI:A0,-0.2
B_attacker_costs,0.1,0.1,0.1,0.9,0.2,0.7,dRI,A0,dRI:A0,-0.2
B_attacker_costs,0.1,0.1,0.1,0.9,0.2,0.75,dRI,A0,dRI:A0,-0.2
B_attacker_costs,0.1,0.1,0.1,0.9,0.2,0.8,dRI,A0,dRI:A0,-0.2
B_attacker_costs,0.1,0.1,0.1,0.9,0.2,0.85,dRI,A0,dRI:A0,-0.2
B_attacker_costs,0.1,0.1,0.1,0.9,0.2,0.9,dRI,A0,dRI:A0,-0.2
B_attacker_costs,0.1,0.1,0.1,0.9,0.2,0.95,dRI,A0,dRI:A0,-0.2
B_attacker_costs,0.1,0.1,0.1,0.9,0.2,1.0,dRI,A0,dRI:A0,-0.2
B_attacker_costs,0.1,0.1,0.1,0.9,0.25,0.0,dID,AD,dID:AD,-0.39602000000000004
B_attacker_costs,0.1,0.1,0.1,0.9,0.25,0.05,dID,AD,dID:AD,-0.39602000000000004
B_attacker_costs,0.1,0.1,0.1,0.9,0.25,0.1,dRID,AD,dRID:AD,-0.49602
B_attacker_costs,0.1,0.1,0.1,0.9,0.25,0.15,dRID,AD,dRID:AD,-0.49602
B_attacker_costs,0.1,0.1,0.1,0.9,0.25,0.2,dRID,A0,dRID:A0,-0.30000000000000004
B_attacker_costs,0.1,0.1,0.1,0.9,0.25,0.25,dRID,A0,dRID:A0,-0.30000000000000004
B_attacker_costs,0.1,0.1,0.1,0.9,0.25,0.3,dRID,A0,dRID:A0,-0.30000000000000004
B_attacker_costs,0.1,0.1,0.1,0.9,0.25,0.35,dRID,A0,dRID:A0,-0.30000000000000004
B_attacker_costs,0.1,0.1,0.1,0.9,0.25,0.4,dRID,A0,dRID:A0,-0.30000000000000004
B_attacker_costs,0.1,0.1,0.1,0.9,0.25,0.45,dRI,A0,dRI:A0,-0.2
B_attacker_costs,0.1,0.1,0.1,0.9,0.25,0.5,dRI,A0,dRI:A0,-0.2
B_attacker_costs,0.1,0.1,0.1,0.9,0.25,0.55,dRI,A0,dRI:A0,-0.2
B_attacker_costs,0.1,0.1,0.1,0.9,0.25,0.6,dRI,A0,dRI:A0,-0.2
B_attacker_costs,0.1,0.1,0.1,0.9,0.25,0.65,dRI,A0,dRI:A0,-0.2
B_attacker_costs,0.1,0.1,0.1,0.9,0.25,0.7,dRI,A0,dRI:A0,-0.2
B_attacker_costs,0.1,0.1,0.1,0.9,0.25,0.75,dRI,A0,dRI:A0,-0.2
B_attacker_costs,0.1,0.1,0.1,0.9,0.25,0.8,dRI,A0,dRI:A0,-0.2
B_attacker_costs,0.1,0.1,0.1,0.9,0.25,0.85,dRI,A0,dRI:A0,-0.2
B_attacker_costs,0.1,0.1,0.1,0.9,0.25,0.9,dRI,A0,dRI:A0,-0.2
B_attacker_costs,0.1,0.1,0.1,0.9,0.25,0.95,dRI,A0,dRI:A0,-0.2
B_attacker_costs,0.1,0.1,0.1,0.9,0.25,1.0,dRI,A0,dRI:A0,-0.2
B_attacker_costs,0.1,0.1,0.1,0.9,0.3,0.0,dID,AD,dID:AD,-0.39602000000000004
B_attacker_costs,0.1,0.1,0.1,0.9,0.3,0.05,dID,AD,dID:AD,-0.39602000000000004
B_attacker_costs,0.1,0.1,0.1,0.9,0.3,0.1,dRID,AD,dRID:AD,-0.49602
B_attacker_costs,0.1,0.1,0.1,0.9,0.3,0.15,dRID,AD,dRID:AD,-0.49602
B_attacker_costs,0.1,0.1,0.1,0.9,0.3,0.2,dRID,A0,dRID:A0,-0.30000000000000004
B_attacker_costs,0.1,0.1,0.1,0.9,0.3,0.25,dRID,A0,dRID:A0,-0.30000000000000004
B_attacker_costs,0.1,0.1,0.1,0.9,0.3,0.3,dRID,A0,dRID:A0,-0.30000000000000004
B_attacker_costs,0.1,0.1,0.1,0.9,0.3,0.35,dRID,A0,dRID:A0,-0.30000000000000004
B_attacker_costs,0.1,0.1,0.1,0.9,0.3,0.4,dRID,A0,dRID:A0,-0.30000000000000004
B_attacker_costs,0.1,0.1,0.1,0.9,0.3,0.45,dRI,A0,dRI:A0,-0.2
B_attacker_costs,0.1,0.1,0.1,0.9,0.3,0.5,dRI,A0,dRI:A0,-0.2
B_attacker_costs,0.1,0.1,0.1,0.9,0.3,0.55,dRI,A0,dRI:A0,-0.2
B_attacker_costs,0.1,0.1,0.1,0.9,0.3,0.6,dRI,A0,dRI:A0,-0.2
B_attacker_costs,0.1,0.1,0.1,0.9,0.3,0.65,dRI,A0,dRI:A0,-0.2
B_attacker_costs,0.1,0.1,0.1,0.9,0.3,0.7,dRI,A0,dRI:A0,-0.2
B_attacker_costs,0.1,0.1,0.1,0.9,0.3,0.75,dRI,A0,dRI:A0,-0.2
B_attacker_costs,0.1,0.1,0.1,0.9,0.3,0.8,dRI,A0,dRI:A0,-0.2
B_attacker_costs,0.1,0.1,0.1,0.9,0.3,0.85,dRI,A0,dRI:A0,-0.2
B_attacker_costs,0.1,0.1,0.1,0.9,0.3,0.9,dRI,A0,dRI:A0,-0.2
B_attacker_costs,0.1,0.1,0.1,0.9,0.3,0.95,dRI,A0,dRI:A0,-0.2
B_attacker_costs,0.1,0.1,0.1,0.9,0.3,1.0,dRI,A0,dRI:A0,-0.2
B_attacker_costs,0.1,0.1,0.1,0.9,0.35,0.0,dID,AD,dID:AD,-0.39602000000000004
B_attacker_costs,0.1,0.1,0.1,0.9,0.35,0.05,dID,AD,dID:AD,-0.39602000000000004
B_attacker_costs,0.1,0.1,0.1,0.9,0.35,0.1,dRID,AD,dRID:AD,-0.49602
B_attacker_costs,0.1,0.1,0.1,0.9,0.35,0.15,dRID,AD,dRID:AD,-0.49602
B_attacker_costs,0.1,0.1,0.1,0.9,0.35,0.2,dRID,A0,dRID:A0,-0.30000000000000004
B_attacker_costs,0.1,0.1,0.1,0.9,0.35,0.25,dRID,A0,dRID:A0,-0.30000000000000004
B_attacker_costs,0.1,0.1,0.1,0.9,0.35,0.3,dRID,A0,dRID:A0,-0.30000000000000004
B_attacker_costs,0.1,0.1,0.1,0.9,0.35,0.35,dRID,A0,dRID:A0,-0.30000000000000004
B_attacker_costs,0.1,0.1,0.1,0.9,0.35,0.4,dRID,A0,dRID:A0,-0.30000000000000004
B_attacker_costs,0.1,0.1,0.1,0.9,0.35,0.45,dRI,A0,dRI:A0,-0.2
B_attacker_costs,0.1,0.1,0.1,0.9,0.35,0.5,dRI,A0,dRI:A0,-0.2
B_attacker_costs,0.1,0.1,0.1,0.9,0.35,0.55,dRI,A0,dRI:A0,-0.2
B_attacker_costs,0.1,0.1,0.1,0.9,0.35,0.6,dRI,A0,dRI:A0,-0.2
B_attacker_costs,0.1,0.1,0.1,0.9,0.35,0.65,dRI,A0,dRI:A0,-0.2
B_attacker_costs,0.1,0.1,0.1,0.9,0.35,0.7,dRI,A0,dRI:A0,-0.2
B_attacker_costs,0.1,0.1,0.1,0.9,0.35,0.75,dRI,A0,dRI:A0,-0.2
B_attacker_costs,0.1,0.1,0.1,0.9,0.35,0.8,dRI,A0,dRI:A0,-0.2
B_attacker_costs,0.1,0.1,0.1,0.9,0.35,0.85,dRI,A0,dRI:A0,-0.2
B_attacker_costs,0.1,0.1,0.1,0.9,0.35,0.9,dRI,A0,dRI:A0,-0.2
B_attacker_costs,0.1,0.1,0.1,0.9,0.35,0.95,dRI,A0,dRI:A0,-0.2
B_attacker_costs,0.1,0.1,0.1,0.9,0.35,1.0,dRI,A0,dRI:A0,-0.2
B_attacker_costs,0.1,0.1,0.1,0.9,0.4,0.0,dID,AD,dID:AD,-0.39602000000000004
B_attacker_costs,0.1,0.1,0.1,0.9,0.4,0.05,dID,AD,dID:AD,-0.39602000000000004
B_attacker_costs,0.1,0.1,0.1,0.9,0.4,0.1,dRID,AD,dRID:AD,-0.49602
B_attacker_costs,0.1,0.1,0.1,0.9,0.4,0.15,dRID,AD,dRID:AD,-0.49602
B_attacker_costs,0.1,0.1,0.1,0.9,0.4,0.2,dRID,A0,dRID:A0,-0.30000000000000004
B_attacker_costs,0.1,0.1,0.1,0.9,0.4,0.25,dRID,A0,dRID:A0,-0.30000000000000004
B_attacker_costs,0.1,0.1,0.1,0.9,0.4,0.3,dRID,A0,dRID:A0,-0.30000000000000004
B_attacker_costs,0.1,0.1,0.1,0.9,0.4,0.35,dRID,A0,dRID:A0,-0.30000000000000004
B_attacker_costs,0.1,0.1,0.1,0.9,0.4,0.4,dRID,A0,dRID:A0,-0.30000000000000004
B_attacker_costs,0.1,0.1,0.1,0.9,0.4,0.45,dRI,A0,dRI:A0,-0.2
B_attacker_costs,0.1,0.1,0.1,0.9,0.4,0.5,dRI,A0,dRI:A0,-0.2
B_attacker_costs,0.1,0.1,0.1,0.9,0.4,0.55,dRI,A0,dRI:A0,-0.2
B_attacker_costs,0.1,0.1,0.1,0.9,0.4,0.6,dRI,A0,dRI:A0,-0.2
B_attacker_costs,0.1,0.1,0.1,0.9,0.4,0.65,dRI,A0,dRI:A0,-0.2
B_attacker_costs,0.1,0.1,0.1,0.9,0.4,0.7,dRI,A0,dRI:A0,-0.2
B_attacker_costs,0.1,0.1,0.1,0.9,0.4,0.75,dRI,A0,dRI:A0,-0.2
B_attacker_costs,0.1,0.1,0.1,0.9,0.4,0.8,dRI,A0,dRI:A0,-0.2
B_attacker_costs,0.1,0.1,0.1,0.9,0.4,0.85,dRI,A0,dRI:A0,-0.2
B_attacker_costs,0.1,0.1,0.1,0.9,0.4,0.9,dRI,A0,dRI:A0,-0.2
B_attacker_costs,0.1,0.1,0.1,0.9,0.4,0.95,dRI,A0,dRI:A0,-0.2
B_attacker_costs,0.1,0.1,0.1,0.9,0.4,1.0,dRI,A0,dRI:A0,-0.2
B_attacker_costs,0.1,0.1,0.1,0.9,0.45,0.0,dID,AD,dID:AD,-0.39602000000000004
B_attacker_costs,0.1,0.1,0.1,0.9,0.45,0.05,dID,AD,dID:AD,-0.39602000000000004
B_attacker_costs,0.1,0.1,0.1,0.9,0.45,0.1,dRID,AD,dRID:AD,-0.49602
B_attacker_costs,0.1,0.1,0.1,0.9,0.45,0.15,dRID,AD,dRID:AD,-0.49602
B_attacker_costs,0.1,0.1,0.1,0.9,0.45,0.2,dRID,A0,dRID:A0,-0.30000000000000004
B_attacker_costs,0.1,0.1,0.1,0.9,0.45,0.25,dRID,A0,dRID:A0,-0.30000000000000004
B_attacker_costs,0.1,0.1,0.1,0.9,0.45,0.3,dRID,A0,dRID:A0,-0.30000000000000004
B_attacker_costs,0.1,0.1,0.1,0.9,0.45,0.35,dRID,A0,dRID:A0,-0.30000000000000004
B_attacker_costs,0.1,0.1,0.1,0.9,0.45,0.4,dRID,A0,dRID:A0,-0.30000000000000004
B_attacker_costs,0.1,0.1,0.1,0.9,0.45,0.45,dRI,A0,dRI:A0,-0.2
B_attacker_costs,0.1,0.1,0.1,0.9,0.45,0.5,dRI,A0,dRI:A0,-0.2
B_attacker_costs,0.1,0.1,0.1,0.9,0.45,0.55,dRI,A0,dRI:A0,-0.2
B_attacker_costs,0.1,0.1,0.1,0.9,0.45,0.6,dRI,A0,dRI:A0,-0.2
B_attacker_costs,0.1,0.1,0.1,0.9,0.45,0.65,dRI,A0,dRI:A0,-0.2
B_attacker_costs,0.1,0.1,0.1,0.9,0.45,0.7,dRI,A0,dRI:A0,-0.2
B_attacker_costs,0.1,0.1,0.1,0.9,0.45,0.75,dRI,A0,dRI:A0,-0.2
B_attacker_costs,0.1,0.1,0.1,0.9,0.45,0.8,dRI,A0,dRI:A0,-0.2
B_attacker_costs,0.1,0.1,0.1,0.9,0.45,0.85,dRI,A0,dRI:A0,-0.2
B_attacker_costs,0.1,0.1,0.1,0.9,0.45,0.9,dRI,A0,dRI:A0,-0.2
B_attacker_costs,0.1,0.1,0.1,0.9,0.45,0.95,dRI,A0,dRI:A0,-0.2
B_attacker_costs,0.1,0.1,0.1,0.9,0.45,1.0,dRI,A0,dRI:A0,-0.2
B_attacker_costs,0.1,0.1,0.1,0.9,0.5,0.0,dID,AD,dID:AD,-0.39602000000000004
B_attacker_costs,0.1,0.1,0.1,0.9,0.5,0.05,dID,AD,dID:AD,-0.39602000000000004
B_attacker_costs,0.1,0.1,0.1,0.9,0.5,0.1,dRID,AD,dRID:AD,-0.49602
B_attacker_costs,0.1,0.1,0.1,0.9,0.5,0.15,dRID,AD,dRID:AD,-0.49602
B_attacker_costs,0.1,0.1,0.1,0.9,0.5,0.2,dRID,A0,dRID:A0,-0.30000000000000004
B_attacker_costs,0.1,0.1,0.1,0.9,0.5,0.25,dRID,A0,dRID:A0,-0.30000000000000004
B_attacker_costs,0.1,0.1,0.1,0.9,0.5,0.3,dRID,A0,dRID:A0,-0.30000000000000004
B_attacker_costs,0.1,0.1,0.1,0.9,0.5,0.35,dRID,A0,dRID:A0,-0.30000000000000004
B_attacker_costs,0.1,0.1,0.1,0.9,0.5,0.4,dRID,A0,dRID:A0,-0.30000000000000004
B_attacker_costs,0.1,0.1,0.1,0.9,0.5,0.45,dRI,A0,dRI:A0,-0.2
B_attacker_costs,0.1,0.1,0.1,0.9,0.5,0.5,dRI,A0,dRI:A0,-0.2
B_attacker_costs,0.1,0.1,0.1,0.9,0.5,0.55,dRI,A0,dRI:A0,-0.2
B_attacker_costs,0.1,0.1,0.1,0.9,0.5,0.6,dRI,A0,dRI:A0,-0.2
B_attacker_costs,0.1,0.1,0.1,0.9,0.5,0.65,dRI,A0,dRI:A0,-0.2
B_attacker_costs,0.1,0.1,0.1,0.9,0.5,0.7,dRI,A0,dRI:A0,-0.2
B_attacker_costs,0.1,0.1,0.1,0.9,0.5,0.75,dRI,A0,dRI:A0,-0.2
B_attacker_costs,0.1,0.1,0.1,0.9,0.5,0.8,dRI,A0,dRI:A0,-0.2
B_attacker_costs,0.1,0.1,0.1,0.9,0.5,0.85,dRI,A0,dRI:A0,-0.2
B_attacker_costs,0.1,0.1,0.1,0.9,0.5,0.9,dRI,A0,dRI:A0,-0.2
B_attacker_costs,0.1,0.1,0.1,0.9,0.5,0.95,dRI,A0,dRI:A0,-0.2
B_attacker_costs,0.1,0.1,0.1,0.9,0.5,1.0,dRI,A0,dRI:A0,-0.2
B_attacker_costs,0.1,0.1,0.1,0.9,0.55,0.0,dID,AD,dID:AD,-0.39602000000000004
B_attacker_costs,0.1,0.1,0.1,0.9,0.55,0.05,dID,AD,dID:AD,-0.39602000000000004
B_attacker_costs,0.1,0.1,0.1,0.9,0.55,0.1,dRID,AD,dRID:AD,-0.49602
B_attacker_costs,0.1,0.1,0.1,0.9,0.55,0.15,dRID,AD,dRID:AD,-0.49602
B_attacker_costs,0.1,0.1,0.1,0.9,0.55,0.2,dRID,A0,dRID:A0,-0.30000000000000004
B_attacker_costs,0.1,0.1,0.1,0.9,0.55,0.25,dRID,A0,dRID:A0,-0.30000000000000004
B_attacker_costs,0.1,0.1,0.1,0.9,0.55,0.3,dRID,A0,dRID:A0,-0.30000000000000004
B_attacker_costs,0.1,0.1,0.1,0.9,0.55,0.35,dRID,A0,dRID:A0,-0.30000000000000004
B_attacker_costs,0.1,0.1,0.1,0.9,0.55,0.4,dRID,A0,dRID:A0,-0.30000000000000004
B_attacker_costs,0.1,0.1,0.1,0.9,0.55,0.45,dRI,A0,dRI:A0,-0.2
B_attacker_costs,0.1,0.1,0.1,0.9,0.55,0.5,dRI,A0,dRI:A0,-0.2
B_attacker_costs,0.1,0.1,0.1,0.9,0.55,0.55,dRI,A0,dRI:A0,-0.2
B_attacker_costs,0.1,0.1,0.1,0.9,0.55,0.6,dRI,A0,dRI:A0,-0.2
B_attacker_costs,0.1,0.1,0.1,0.9,0.55,0.65,dRI,A0,dRI:A0,-0.2
B_attacker_costs,0.1,0.1,0.1,0.9,0.55,0.7,dRI,A0,dRI:A0,-0.2
B_attacker_costs,0.1,0.1,0.1,0.9,0.55,0.75,dRI,A0,dRI:A0,-0.2
B_attacker_costs,0.1,0.1,0.1,0.9,0.55,0.8,dRI,A0,dRI:A0,-0.2
B_attacker_costs,0.1,0.1,0.1,0.9,0.55,0.85,dRI,A0,dRI:A0,-0.2
B_attacker_costs,0.1,0.1,0.1,0.9,0.55,0.9,dRI,A0,dRI:A0,-0.2
B_attacker_costs,0.1,0.1,0.1,0.9,0.55,0.95,dRI,A0,dRI:A0,-0.2
B_attacker_costs,0.1,0.1,0.1,0.9,0.55,1.0,dRI,A0,dRI:A0,-0.2
B_attacker_costs,0.1,0.1,0.1,0.9,0.6,0.0,dID,AD,dID:AD,-0.39602000000000004
B_attacker_costs,0.1,0.1,0.1,0.9,0.6,0.05,dID,AD,dID:AD,-0.39602000000000004
B_attacker_costs,0.1,0.1,0.1,0.9,0.6,0.1,dRID,AD,dRID:AD,-0.49602
B_attacker_costs,0.1,0.1,0.1,0.9,0.6,0.15,dRID,AD,dRID:AD,-0.49602
B_attacker_costs,0.1,0.1,0.1,0.9,0.6,0.2,dRID,A0,dRID:A0,-0.30000000000000004
B_attacker_costs,0.1,0.1,0.1,0.9,0.6,0.25,dRID,A0,dRID:A0,-0.30000000000000004
B_attacker_costs,0.1,0.1,0.1,0.9,0.6,0.3,dRID,A0,dRID:A0,-0.30000000000000004
B_attacker_costs,0.1,0.1,0.1,0.9,0.6,0.35,dRID,A0,dRID:A0,-0.30000000000000004
B_attacker_costs,0.1,0.1,0.1,0.9,0.6,0.4,dRID,A0,dRID:A0,-0.30000000000000004
B_attacker_costs,0.1,0.1,0.1,0.9,0.6,0.45,dRI,A0,dRI:A0,-0.2
B_attacker_costs,0.1,0.1,0.1,0.9,0.6,0.5,dRI,A0,dRI:A0,-0.2
B_attacker_costs,0.1,0.1,0.1,0.9,0.6,0.55,dRI,A0,dRI:A0,-0.2
B_attacker_costs,0.1,0.1,0.1,0.9,0.6,0.6,dRI,A0,dRI:A0,-0.2
B_attacker_costs,0.1,0.1,0.1,0.9,0.6,0.65,dRI,A0,dRI:A0,-0.2
B_attacker_costs,0.1,0.1,0.1,0.9,0.6,0.7,dRI,A0,dRI:A0,-0.2
B_attacker_costs,0.1,0.1,0.1,0.9,0.6,0.75,dRI,A0,dRI:A0,-0.2
B_attacker_costs,0.1,0.1,0.1,0.9,0.6,0.8,dRI,A0,dRI:A0,-0.2
B_attacker_costs,0.1,0.1,0.1,0.9,0.6,0.85,dRI,A0,dRI:A0,-0.2
B_attacker_costs,0.1,0.1,0.1,0.9,0.6,0.9,dRI,A0,dRI:A0,-0.2
B_attacker_costs,0.1,0.1,0.1,0.9,0.6,0.95,dRI,A0,dRI:A0,-0.2
B_attacker_costs,0.1,0.1,0.1,0.9,0.6,1.0,dRI,A0,dRI:A0,-0.2
B_attacker_costs,0.1,0.1,0.1,0.9,0.65,0.0,dID,AD,dID:AD,-0.39602000000000004
B_attacker_costs,0.1,0.1,0.1,0.9,0.65,0.05,dID,AD,dID:AD,-0.39602000000000004
B_attacker_costs,0.1,0.1,0.1,0.9,0.65,0.1,dRID,AD,dRID:AD,-0.49602
B_attacker_costs,0.1,0.1,0.1,0.9,0.65,0.15,dRID,AD,dRID:AD,-0.49602
B_attacker_costs,0.1,0.1,0.1,0.9,0.65,0.2,dRID,A0,dRID:A0,-0.30000000000000004
B_attacker_costs,0.1,0.1,0.1,0.9,0.65,0.25,dRID,A0,dRID:A0,-0.30000000000000004
B_attacker_costs,0.1,0.1,0.1,0.9,0.65,0.3,dRID,A0,dRID:A0,-0.30000000000000004
B_attacker_costs,0.1,0.1,0.1,0.9,0.65,0.35,dRID,A0,dRID:A0,-0.30000000000000004
B_attacker_costs,0.1,0.1,0.1,0.9,0.65,0.4,dRID,A0,dRID:A0,-0.30000000000000004
B_attacker_costs,0.1,0.1,0.1,0.9,0.65,0.45,dRI,A0,dRI:A0,-0.2
B_attacker_costs,0.1,0.1,0.1,0.9,0.65,0.5,dRI,A0,dRI:A0,-0.2
B_attacker_costs,0.1,0.1,0.1,0.9,0.65,0.55,dRI,A0,dRI:A0,-0.2
B_attacker_costs,0.1,0.1,0.1,0.9,0.65,0.6,dRI,A0,dRI:A0,-0.2
B_attacker_costs,0.1,0.1,0.1,0.9,0.65,0.65,dRI,A0,dRI:A0,-0.2
B_attacker_costs,0.1,0.1,0.1,0.9,0.65,0.7,dRI,A0,dRI:A0,-0.2
B_attacker_costs,0.1,0.1,0.1,0.9,0.65,0.75,dRI,A0,dRI:A0,-0.2
B_attacker_costs,0.1,0.1,0.1,0.9,0.65,0.8,dRI,A0,dRI:A0,-0.2
B_attacker_costs,0.1,0.1,0.1,0.9,0.65,0.85,dRI,A0,dRI:A0,-0.2
B_attacker_costs,0.1,0.1,0.1,0.9,0.65,0.9,dRI,A0,dRI:A0,-0.2
B_attacker_costs,0.1,0.1,0.1,0.9,0.65,0.95,dRI,A0,dRI:A0,-0.2
B_attacker_costs,0.1,0.1,0.1,0.9,0.65,1.0,dRI,A0,dRI:A0,-0.2
B_attacker_costs,0.1,0.1,0.1,0.9,0.7,0.0,dID,AD,dID:AD,-0.39602000000000004
B_attacker_costs,0.1,0.1,0.1,0.9,0.7,0.05,dID,AD,dID:AD,-0.39602000000000004
B_attacker_costs,0.1,0.1,0.1,0.9,0.7,0.1,d0,AD,d0:AD,-0.43377
B_attacker_costs,0.1,0.1,0.1,0.9,0.7,0.15,dRID,AD,dRID:AD,-0.49602
B_attacker_costs,0.1,0.1,0.1,0.9,0.7,0.2,dRID,A0,dRID:A0,-0.30000000000000004
B_attacker_costs,0.1,0.1,0.1,0.9,0.7,0.25,dRID,A0,dRID:A0,-0.30000000000000004
B_attacker_costs,0.1,0.1,0.1,0.9,0.7,0.3,dRID,A0,dRID:A0,-0.30000000000000004
B_attacker_costs,0.1,0.1,0.1,0.9,0.7,0.35,dRID,A0,dRID:A0,-0.30000000000000004
B_attacker_costs,0.1,0.1,0.1,0.9,0.7,0.4,dRID,A0,dRID:A0,-0.30000000000000004
B_attacker_costs,0.1,0.1,0.1,0.9,0.7,0.45,dRI,A0,dRI:A0,-0.2
B_attacker_costs,0.1,0.1,0.1,0.9,0.7,0.5,dRI,A0,dRI:A0,-0.2
B_attacker_costs,0.1,0.1,0.1,0.9,0.7,0.55,dRI,A0,dRI:A0,-0.2
B_attacker_costs,0.1,0.1,0.1,0.9,0.7,0.6,dRI,A0,dRI:A0,-0.2
B_attacker_costs,0.1,0.1,0.1,0.9,0.7,0.65,dRI,A0,dRI:A0,-0.2
B_attacker_costs,0.1,0.1,0.1,0.9,0.7,0.7,dRI,A0,dRI:A0,-0.2
B_attacker_costs,0.1,0.1,0.1,0.9,0.7,0.75,dRI,A0,dRI:A0,-0.2
B_attacker_costs,0.1,0.1,0.1,0.9,0.7,0.8,dRI,A0,dRI:A0,-0.2
B_attacker_costs,0.1,0.1,0.1,0.9,0.7,0.85,dRI,A0,dRI:A0,-0.2
B_attacker_costs,0.1,0.1,0.1,0.9,0.7,0.9,dRI,A0,dRI:A0,-0.2
B_attacker_costs,0.1,0.1,0.1,0.9,0.7,0.95,dRI,A0,dRI:A0,-0.2
B_attacker_costs,0.1,0.1,0.1,0.9,0.7,1.0,dRI,A0,dRI:A0,-0.2
B_attacker_costs,0.1,0.1,0.1,0.9,0.75,0.0,dID,AD,dID:AD,-0.39602000000000004
B_attacker_costs,0.1,0.1,0.1,0.9,0.75,0.05,dID,AD,dID:AD,-0.39602000000000004
B_attacker_costs,0.1,0.1,0.1,0.9,0.75,0.1,d0,AD,d0:AD,-0.43377
B_attacker_costs,0.1,0.1,0.1,0.9,0.75,0.15,d0,AD,d0:AD,-0.43377
B_attacker_costs,0.1,0.1,0.1,0.9,0.75,0.2,dRID,A0,dRID:A0,-0.30000000000000004
B_attacker_costs,0.1,0.1,0.1,0.9,0.75,0.25,dRID,A0,dRID:A0,-0.30000000000000004
B_attacker_costs,0.1,0.1,0.1,0.9,0.75,0.3,dRID,A0,dRID:A0,-0.30000000000000004
B_attacker_costs,0.1,0.1,0.1,0.9,0.75,0.35,dRID,A0,dRID:A0,-0.30000000000000004
B_attacker_costs,0.1,0.1,0.1,0.9,0.75,0.4,dRID,A0,dRID:A0,-0.30000000000000004
B_attacker_costs,0.1,0.1,0.1,0.9,0.75,0.45,dRI,A0,dRI:A0,-0.2
B_attacker_costs,0.1,0.1,0.1,0.9,0.75,0.5,dRI,A0,dRI:A0,-0.2
B_attacker_costs,0.1,0.1,0.1,0.9,0.75,0.55,dRI,A0,dRI:A0,-0.2
B_attacker_costs,0.1,0.1,0.1,0.9,0.75,0.6,dRI,A0,dRI:A0,-0.2
B_attacker_costs,0.1,0.1,0.1,0.9,0.75,0.65,dRI,A0,dRI:A0,-0.2
B_attacker_costs,0.1,0.1,0.1,0.9,0.75,0.7,dRI,A0,dRI:A0,-0.2
B_attacker_costs,0.1,0.1,0.1,0.9,0.75,0.75,dRI,A0,dRI:A0,-0.2
B_attacker_costs,0.1,0.1,0.1,0.9,0.75,0.8,dRI,A0,dRI:A0,-0.2
B_attacker_costs,0.1,0.1,0.1,0.9,0.75,0.85,dRI,A0,dRI:A0,-0.2
B_attacker_costs,0.1,0.1,0.1,0.9,0.75,0.9,dRI,A0,dRI:A0,-0.2
B_attacker_costs,0.1,0.1,0.1,0.9,0.75,0.95,dRI,A0,dRI:A0,-0.2
B_attacker_costs,0.1,0.1,0.1,0.9,0.75,1.0,dRI,A0,dRI:A0,-0.2
B_attacker_costs,0.1,0.1,0.1,0.9,0.8,0.0,dID,AD,dID:AD,-0.39602000000000004
B_attacker_costs,0.1,0.1,0.1,0.9,0.8,0.05,dID,AD,dID:AD,-0.39602000000000004
B_attacker_costs,0.1,0.1,0.1,0.9,0.8,0.1,d0,AD,d0:AD,-0.43377
B_attacker_costs,0.1,0.1,0.1,0.9,0.8,0.15,d0,AD,d0:AD,-0.43377
B_attacker_costs,0.1,0.1,0.1,0.9,0.8,0.2,dRID,A0,dRID:A0,-0.30000000000000004
B_attacker_costs,0.1,0.1,0.1,0.9,0.8,0.25,dRID,A0,dRID:A0,-0.30000000000000004
B_attacker_costs,0.1,0.1,0.1,0.9,0.8,0.3,dRID,A0,dRID:A0,-0.30000000000000004
B_attacker_costs,0.1,0.1,0.1,0.9,0.8,0.35,dRID,A0,dRID:A0,-0.30000000000000004
B_attacker_costs,0.1,0.1,0.1,0.9,0.8,0.4,dRID,A0,dRID:A0,-0.30000000000000004
B_attacker_costs,0.1,0.1,0.1,0.9,0.8,0.45,dRI,A0,dRI:A0,-0.2
B_attacker_costs,0.1,0.1,0.1,0.9,0.8,0.5,dRI,A0,dRI:A0,-0.2
B_attacker_costs,0.1,0.1,0.1,0.9,0.8,0.55,dRI,A0,dRI:A0,-0.2
B_attacker_costs,0.1,0.1,0.1,0.9,0.8,0.6,dRI,A0,dRI:A0,-0.2
B_attacker_costs,0.1,0.1,0.1,0.9,0.8,0.65,dRI,A0,dRI:A0,-0.2
B_attacker_costs,0.1,0.1,0.1,0.9,0.8,0.7,dRI,A0,dRI:A0,-0.2
B_attacker_costs,0.1,0.1,0.1,0.9,0.8,0.75,dRI,A0,dRI:A0,-0.2
B_attacker_costs,0.1,0.1,0.1,0.9,0.8,0.8,dRI,A0,dRI:A0,-0.2
B_attacker_costs,0.1,0.1,0.1,0.9,0.8,0.85,dRI,A0,dRI:A0,-0.2
B_attacker_costs,0.1,0.1,0.1,0.9,0.8,0.9,dRI,A0,dRI:A0,-0.2
B_attacker_costs,0.1,0.1,0.1,0.9,0.8,0.95,dRI,A0,dRI:A0,-0.2
B_attacker_costs,0.1,0.1,0.1,0.9,0.8,1.0,dRI,A0,dRI:A0,-0.2
B_attacker_costs,0.1,0.1,0.1,0.9,0.85,0.0,dD,AD,dD:AD,-0.29602
B_attacker_costs,0.1,0.1,0.1,0.9,0.85,0.05,dID,AD,dID:AD,-0.39602000000000004
B_attacker_costs,0.1,0.1,0.1,0.9,0.85,0.1,d0,AD,d0:AD,-0.43377
B_attacker_costs,0.1,0.1,0.1,0.9,0.85,0.15,d0,AD,d0:AD,-0.43377
B_attacker_costs,0.1,0.1,0.1,0.9,0.85,0.2,dRID,A0,dRID:A0,-0.30000000000000004
B_attacker_costs,0.1,0.1,0.1,0.9,0.85,0.25,dRID,A0,dRID:A0,-0.30000000000000004
B_attacker_costs,0.1,0.1,0.1,0.9,0.85,0.3,dRID,A0,dRID:A0,-0.30000000000000004
B_attacker_costs,0.1,0.1,0.1,0.9,0.85,0.35,dRID,A0,dRID:A0,-0.30000000000000004
B_attacker_costs,0.1,0.1,0.1,0.9,0.85,0.4,dRID,A0,dRID:A0,-0.30000000000000004
B_attacker_costs,0.1,0.1,0.1,0.9,0.85,0.45,dRI,A0,dRI:A0,-0.2
B_attacker_costs,0.1,0.1,0.1,0.9,0.85,0.5,dRI,A0,dRI:A0,-0.2
B_attacker_costs,0.1,0.1,0.1,0.9,0.85,0.55,dRI,A0,dRI:A0,-0.2
B_attacker_costs,0.1,0.1,0.1,0.9,0.85,0.6,dRI,A0,dRI:A0,-0.2
B_attacker_costs,0.1,0.1,0.1,0.9,0.85,0.65,dRI,A0,dRI:A0,-0.2
B_attacker_costs,0.1,0.1,0.1,0.9,0.85,0.7,dRI,A0,dRI:A0,-0.2
B_attacker_costs,0.1,0.1,0.1,0.9,0.85,0.75,dRI,A0,dRI:A0,-0.2
B_attacker_costs,0.1,0.1,0.1,0.9,0.85,0.8,dRI,A0,dRI:A0,-0.2
B_attacker_costs,0.1,0.1,0.1,0.9,0.85,0.85,dRI,A0,dRI:A0,-0.2
B_attacker_costs,0.1,0.1,0.1,0.9,0.85,0.9,dRI,A0,dRI:A0,-0.2
B_attacker_costs,0.1,0.1,0.1,0.9,0.85,0.95,dRI,A0,dRI:A0,-0.2
B_attacker_costs,0.1,0.1,0.1,0.9,0.85,1.0,dRI,A0,dRI:A0,-0.2
B_attacker_costs,0.1,0.1,0.1,0.9,0.9,0.0,dD,AD,dD:AD,-0.29602
B_attacker_costs,0.1,0.1,0.1,0.9,0.9,0.05,dD,AD,dD:AD,-0.29602
B_attacker_costs,0.1,0.1,0.1,0.9,0.9,0.1,d0,AD,d0:AD,-0.43377
B_attacker_costs,0.1,0.1,0.1,0.9,0.9,0.15,d0,AD,d0:AD,-0.43377
B_attacker_costs,0.1,0.1,0.1,0.9,0.9,0.2,dRID,A0,dRID:A0,-0.30000000000000004
B_attacker_costs,0.1,0.1,0.1,0.9,0.9,0.25,dRID,A0,dRID:A0,-0.30000000000000004
B_attacker_costs,0.1,0.1,0.1,0.9,0.9,0.3,dRID,A0,dRID:A0,-0.30000000000000004
B_attacker_costs,0.1,0.1,0.1,0.9,0.9,0.35,dRID,A0,dRID:A0,-0.30000000000000004
B_attacker_costs,0.1,0.1,0.1,0.9,0.9,0.4,dRID,A0,dRID:A0,-0.30000000000000004
B_attacker_costs,0.1,0.1,0.1,0.9,0.9,0.45,dRI,A0,dRI:A0,-0.2
B_attacker_costs,0.1,0.1,0.1,0.9,0.9,0.5,dRI,A0,dRI:A0,-0.2
B_attacker_costs,0.1,0.1,0.1,0.9,0.9,0.55,dRI,A0,dRI:A0,-0.2
B_attacker_costs,0.1,0.1,0.1,0.9,0.9,0.6,dRI,A0,dRI:A0,-0.2
B_attacker_costs,0.1,0.1,0.1,0.9,0.9,0.65,dRI,A0,dRI:A0,-0.2
B_attacker_costs,0.1,0.1,0.1,0.9,0.9,0.7,dRI,A0,dRI:A0,-0.2
B_attacker_costs,0.1,0.1,0.1,0.9,0.9,0.75,dRI,A0,dRI:A0,-0.2
B_attacker_costs,0.1,0.1,0.1,0.9,0.9,0.8,dRI,A0,dRI:A0,-0.2
B_attacker_costs,0.1,0.1,0.1,0.9,0.9,0.85,dRI,A0,dRI:A0,-0.2
B_attacker_costs,0.1,0.1,0.1,0.9,0.9,0.9,dRI,A0,dRI:A0,-0.2
B_attacker_costs,0.1,0.1,0.1,0.9,0.9,0.95,dRI,A0,dRI:A0,-0.2
B_attacker_costs,0.1,0.1,0.1,0.9,0.9,1.0,dRI,A0,dRI:A0,-0.2
B_attacker_costs,0.1,0.1,0.1,0.9,0.95,0.0,dD,AD,dD:AD,-0.29602
B_attacker_costs,0.1,0.1,0.1,0.9,0.95,0.05,dD,AD,dD:AD,-0.29602
B_attacker_costs,0.1,0.1,0.1,0.9,0.95,0.1,dRD,AD,dRD:AD,-0.39602000000000004
B_attacker_costs,0.1,0.1,0.1,0.9,0.95,0.15,d0,AD,d0:AD,-0.43377
B_attacker_costs,0.1,0.1,0.1,0.9,0.95,0.2,dRID,A0,dRID:A0,-0.30000000000000004
B_attacker_costs,0.1,0.1,0.1,0.9,0.95,0.25,dRID,A0,dRID:A0,-0.30000000000000004
B_attacker_costs,0.1,0.1,0.1,0.9,0.95,0.3,dRID,A0,dRID:A0,-0.30000000000000004
B_attacker_costs,0.1,0.1,0.1,0.9,0.95,0.35,dRID,A0,dRID:A0,-0.30000000000000004
B_attacker_costs,0.1,0.1,0.1,0.9,0.95,0.4,dRID,A0,dRID:A0,-0.30000000000000004
B_attacker_costs,0.1,0.1,0.1,0.9,0.95,0.45,dRI,A0,dRI:A0,-0.2
B_attacker_costs,0.1,0.1,0.1,0.9,0.95,0.5,dRI,A0,dRI:A0,-0.2
B_attacker_costs,0.1,0.1,0.1,0.9,0.95,0.55,dRI,A0,dRI:A0,-0.2
B_attacker_costs,0.1,0.1,0.1,0.9,0.95,0.6,dRI,A0,dRI:A0,-0.2
B_attacker_costs,0.1,0.1,0.1,0.9,0.95,0.65,dRI,A0,dRI:A0,-0.2
B_attacker_costs,0.1,0.1,0.1,0.9,0.95,0.7,dRI,A0,dRI:A0,-0.2
B_attacker_costs,0.1,0.1,0.1,0.9,0.95,0.75,dRI,A0,dRI:A0,-0.2
B_attacker_costs,0.1,0.1,0.1,0.9,0.95,0.8,dRI,A0,dRI:A0,-0.2
B_attacker_costs,0.1,0.1,0.1,0.9,0.95,0.85,dRI,A0,dRI:A0,-0.2
B_attacker_costs,0.1,0.1,0.1,0.9,0.95,0.9,dRI,A0,dRI:A0,-0.2
B_attacker_costs,0.1,0.1,0.1,0.9,0.95,0.95,dRI,A0,dRI:A0,-0.2
B_attacker_costs,0.1,0.1,0.1,0.9,0.95,1.0,dRI,A0,dRI:A0,-0.2
B_attacker_costs,0.1,0.1,0.1,0.9,1.0,0.0,dD,AD,dD:AD,-0.29602
B_attacker_costs,0.1,0.1,0.1,0.9,1.0,0.05,dD,AD,dD:AD,-0.29602
B_attacker_costs,0.1,0.1,0.1,0.9,1.0,0.1,dRD,AD,dRD:AD,-0.39602000000000004
B_attacker_costs,0.1,0.1,0.1,0.9,1.0,0.15,dRD,AD,dRD:AD,-0.39602000000000004
B_attacker_costs,0.1,0.1,0.1,0.9,1.0,0.2,dRD,A0,dRD:A0,-0.2
B_attacker_costs,0.1,0.1,0.1,0.9,1.0,0.25,dRD,A0,dRD:A0,-0.2
B_attacker_costs,0.1,0.1,0.1,0.9,1.0,0.3,dRD,A0,dRD:A0,-0.2
B_attacker_costs,0.1,0.1,0.1,0.9,1.0,0.35,dRD,A0,dRD:A0,-0.2
B_attacker_costs,0.1,0.1,0.1,0.9,1.0,0.4,dRD,A0,dRD:A0,-0.2
B_attacker_costs,0.1,0.1,0.1,0.9,1.0,0.45,dR,A0,dR:A0,-0.1
B_attacker_costs,0.1,0.1,0.1,0.9,1.0,0.5,dR,A0,dR:A0,-0.1
B_attacker_costs,0.1,0.1,0.1,0.9,1.0,0.55,dR,A0,dR:A0,-0.1
B_attacker_costs,0.1,0.1,0.1,0.9,1.0,0.6,dR,A0,dR:A0,-0.1
B_attacker_costs,0.1,0.1,0.1,0.9,1.0,0.65,dR,A0,dR:A0,-0.1
B_attacker_costs,0.1,0.1,0.1,0.9,1.0,0.7,dR,A0,dR:A0,-0.1
B_attacker_costs,0.1,0.1,0.1,0.9,1.0,0.75,dR,A0,dR:A0,-0.1
B_attacker_costs,0.1,0.1,0.1,0.9,1.0,0.8,dR,A0,dR:A0,-0.1
B_attacker_costs,0.1,0.1,0.1,0.9,1.0,0.85,dR,A0,dR:A0,-0.1
B_attacker_costs,0.1,0.1,0.1,0.9,1.0,0.9,dR,A0,dR:A0,-0.1
B_attacker_costs,0.1,0.1,0.1,0.9,1.0,0.95,dR,A0,dR:A0,-0.1
B_attacker_costs,0.1,0.1,0.1,0.9,1.0,1.0,dR,A0,dR:A0,-0.1
B_attacker_costs,0.1,0.1,0.1,0.95,0.0,0.0,dID,AD,dID:AD,-0.39602000000000004
B_attacker_costs,0.1,0.1,0.1,0.95,0.0,0.05,dID,AD,dID:AD,-0.39602000000000004
B_attacker_costs,0.1,0.1,0.1,0.95,0.0,0.1,dID,AD,dID:AD,-0.39602000000000004
B_attacker_costs,0.1,0.1,0.1,0.95,0.0,0.15,dRID,AD,dRID:AD,-0.49602
B_attacker_costs,0.1,0.1,0.1,0.95,0.0,0.2,dRID,AI,dRID:AI,-0.30000000000000004
B_attacker_costs,0.1,0.1,0.1,0.95,0.0,0.25,dRID,AI,dRID:AI,-0.30000000000000004
B_attacker_costs,0.1,0.1,0.1,0.95,0.0,0.3,dRID,AI,dRID:AI,-0.30000000000000004
B_attacker_costs,0.1,0.1,0.1,0.95,0.0,0.35,dRID,AI,dRID:AI,-0.30000000000000004
B_attacker_costs,0.1,0.1,0.1,0.95,0.0,0.4,dRID,AI,dRID:AI,-0.30000000000000004
B_attacker_costs,0.1,0.1,0.1,0.95,0.0,0.45,dRI,AI,dRI:AI,-0.2
B_attacker_costs,0.1,0.1,0.1,0.95,0.0,0.5,dRI,AI,dRI:AI,-0.2
B_attacker_costs,0.1,0.1,0.1,0.95,0.0,0.55,dRI,AI,dRI:AI,-0.2
B_attacker_costs,0.1,0.1,0.1,0.95,0.0,0.6,dRI,AI,dRI:AI,-0.2
B_attacker_costs,0.1,0.1,0.1,0.95,0.0,0.65,dRI,AI,dRI:AI,-0.2
B_attacker_costs,0.1,0.1,0.1,0.95,0.0,0.7,dRI,AI,dRI:AI,-0.2
B_attacker_costs,0.1,0.1,0.1,0.95,0.0,0.75,dRI,AI,dRI:AI,-0.2
B_attacker_costs,0.1,0.1,0.1,0.95,0.0,0.8,dRI,AI,dRI:AI,-0.2
B_attacker_costs,0.1,0.1,0.1,0.95,0.0,0.85,dRI,AI,dRI:AI,-0.2
B_attacker_costs,0.1,0.1,0.1,0.95,0.0,0.9,dRI,AI,dRI:AI,-0.2
B_attacker_costs,0.1,0.1,0.1,0.95,0.0,0.95,dRI,AI,dRI:AI,-0.2
B_attacker_costs,0.1,0.1,0.1,0.95,0.0,1.0,dRI,AI,dRI:AI,-0.2
B_attacker_costs,0.1,0.1,0.1,0.95,0.05,0.0,dID,AD,dID:AD,-0.39602000000000004
B_attacker_costs,0.1,0.1,0.1,0.95,0.05,0.05,dID,AD,dID:AD,-0.39602000000000004
B_attacker_costs,0.1,0.1,0.1,0.95,0.05,0.1,dID,AD,dID:AD,-0.39602000000000004
B_attacker_costs,0.1,0.1,0.1,0.95,0.05,0.15,dRID,AD,dRID:AD,-0.49602
B_attacker_costs,0.1,0.1,0.1,0.95,0.05,0.2,dRID,A0,dRID:A0,-0.30000000000000004
B_attacker_costs,0.1,0.1,0.1,0.95,0.05,0.25,dRID,A0,dRID:A0,-0.30000000000000004
B_attacker_costs,0.1,0.1,0.1,0.95,0.05,0.3,dRID,A0,dRID:A0,-0.30000000000000004
B_attacker_costs,0.1,0.1,0.1,0.95,0.05,0.35,dRID,A0,dRID:A0,-0.30000000000000004
B_attacker_costs,0.1,0.1,0.1,0.95,0.05,0.4,dRID,A0,dRID:A0,-0.30000000000000004
B_attacker_costs,0.1,0.1,0.1,0.95,0.05,0.45,dRI,A0,dRI:A0,-0.2
B_attacker_costs,0.1,0.1,0.1,0.95,0.05,0.5,dRI,A0,dRI:A0,-0.2
B_attacker_costs,0.1,0.1,0.1,0.95,0.05,0.55,dRI,A0,dRI:A0,-0.2
B_attacker_costs,0.1,0.1,0.1,0.95,0.05,0.6,dRI,A0,dRI:A0,-0.2
B_attacker_costs,0.1,0.1,0.1,0.95,0.05,0.65,dRI,A0,dRI:A0,-0.2
B_attacker_costs,0.1,0.1,0.1,0.95,0.05,0.7,dRI,A0,dRI:A0,-0.2
B_attacker_costs,0.1,0.1,0.1,0.95,0.05,0.75,dRI,A0,dRI:A0,-0.2
B_attacker_costs,0.1,0.1,0.1,0.95,0.05,0.8,dRI,A0,dRI:A0,-0.2
B_attacker_costs,0.1,0.1,0.1,0.95,0.05,0.85,dRI,A0,dRI:A0,-0.2
B_attacker_costs,0.1,0.1,0.1,0.95,0.05,0.9,dRI,A0,dRI:A0,-0.2
B_attacker_costs,0.1,0.1,0.1,0.95,0.05,0.95,dRI,A0,dRI:A0,-0.2
B_attacker_costs,0.1,0.1,0.1,0.95,0.05,1.0,dRI,A0,dRI:A0,-0.2
B_attacker_costs,0.1,0.1,0.1,0.95,0.1,0.0,dID,AD,dID:AD,-0.39602000000000004
B_attacker_costs,0.1,0.1,0.1,0.95,0.1,0.05,dID,AD,dID:AD,-0.39602000000000004
B_attacker_costs,0.1,0.1,0.1,0.95,0.1,0.1,dID,AD,dID:AD,-0.39602000000000004
B_attacker_costs,0.1,0.1,0.1,0.95,0.1,0.15,dRID,AD,dRID:AD,-0.49602
B_attacker_costs,0.1,0.1,0.1,0.95,0.1,0.2,dRID,A0,dRID:A0,-0.30000000000000004
B_attacker_costs,0.1,0.1,0.1,0.95,0.1,0.25,dRID,A0,dRID:A0,-0.30000000000000004
B_attacker_costs,0.1,0.1,0.1,0.95,0.1,0.3,dRID,A0,dRID:A0,-0.30000000000000004
B_attacker_costs,0.1,0.1,0.1,0.95,0.1,0.35,dRID,A0,dRID:A0,-0.30000000000000004
B_attacker_costs,0.1,0.1,0.1,0.95,0.1,0.4,dRID,A0,dRID:A0,-0.30000000000000004
B_attacker_costs,0.1,0.1,0.1,0.95,0.1,0.45,dRI,A0,dRI:A0,-0.2
B_attacker_costs,0.1,0.1,0.1,0.95,0.1,0.5,dRI,A0,dRI:A0,-0.2
B_attacker_costs,0.1,0.1,0.1,0.95,0.1,0.55,dRI,A0,dRI:A0,-0.2
B_attacker_costs,0.1,0.1,0.1,0.95,0.1,0.6,dRI,A0,dRI:A0,-0.2
B_attacker_costs,0.1,0.1,0.1,0.95,0.1,0.65,dRI,A0,dRI:A0,-0.2
B_attacker_costs,0.1,0.1,0.1,0.95,0.1,0.7,dRI,A0,dRI:A0,-0.2
B_attacker_costs,0.1,0.1,0.1,0.95,0.1,0.75,dRI,A0,dRI:A0,-0.2
B_attacker_costs,0.1,0.1,0.1,0.95,0.1,0.8,dRI,A0,dRI:A0,-0.2
B_attacker_costs,0.1,0.1,0.1,0.95,0.1,0.85,dRI,A0,dRI:A0,-0.2
B_attacker_costs,0.1,0.1,0.1,0.95,0.1,0.9,dRI,A0,dRI:A0,-0.2
B_attacker_costs,0.1,0.1,0.1,0.95,0.1,0.95,dRI,A0,dRI:A0,-0.2
B_attacker_costs,0.1,0.1,0.1,0.95,0.1,1.0,dRI,A0,dRI:A0,-0.2
B_attacker_costs,0.1,0.1,0.1,0.95,0.15,0.0,dID,AD,dID:AD,-0.39602000000000004
B_attacker_costs,0.1,0.1,0.1,0.95,0.15,0.05,dID,AD,dID:AD,-0.39602000000000004
B_attacker_costs,0.1,0.1,0.1,0.95,0.15,0.1,dID,AD,dID:AD,-0.39602000000000004
B_attacker_costs,0.1,0.1,0.1,0.95,0.15,0.15,dRID,AD,dRID:AD,-0.49602
B_attacker_costs,0.1,0.1,0.1,0.95,0.15,0.2,dRID,A0,dRID:A0,-0.30000000000000004
B_attacker_costs,0.1,0.1,0.1,0.95,0.15,0.25,dRID,A0,dRID:A0,-0.30000000000000004
B_attacker_costs,0.1,0.1,0.1,0.95,0.15,0.3,dRID,A0,dRID:A0,-0.30000000000000004
B_attacker_costs,0.1,0.1,0.1,0.95,0.15,0.35,dRID,A0,dRID:A0,-0.30000000000000004
B_attacker_costs,0.1,0.1,0.1,0.95,0.15,0.4,dRID,A0,dRID:A0,-0.30000000000000004
B_attacker_costs,0.1,0.1,0.1,0.95,0.15,0.45,dRI,A0,dRI:A0,-0.2
B_attacker_costs,0.1,0.1,0.1,0.95,0.15,0.5,dRI,A0,dRI:A0,-0.2
B_attacker_costs,0.1,0.1,0.1,0.95,0.15,0.55,dRI,A0,dRI:A0,-0.2
B_attacker_costs,0.1,0.1,0.1,0.95,0.15,0.6,dRI,A0,dRI:A0,-0.2
B_attacker_costs,0.1,0.1,0.1,0.95,0.15,0.65,dRI,A0,dRI:A0,-0.2
B_attacker_costs,0.1,0.1,0.1,0.95,0.15,0.7,dRI,A0,dRI:A0,-0.2
B_attacker_costs,0.1,0.1,0.1,0.95,0.15,0.75,dRI,A0,dRI:A0,-0.2
B_attacker_costs,0.1,0.1,0.1,0.95,0.15,0.8,dRI,A0,dRI:A0,-0.2
B_attacker_costs,0.1,0.1,0.1,0.95,0.15,0.85,dRI,A0,dRI:A0,-0.2
B_attacker_costs,0.1,0.1,0.1,0.95,0.15,0.9,dRI,A0,dRI:A0,-0.2
B_attacker_costs,0.1,0.1,0.1,0.95,0.15,0.95,dRI,A0,dRI:A0,-0.2
B_attacker_costs,0.1,0.1,0.1,0.95,0.15,1.0,dRI,A0,dRI:A0,-0.2
B_attacker_costs,0.1,0.1,0.1,0.95,0.2,0.0,dID,AD,dID:AD,-0.39602000000000004
B_attacker_costs,0.1,0.1,0.1,0.95,0.2,0.05,dID,AD,dID:AD,-0.39602000000000004
B_attacker_costs,0.1,0.1,0.1,0.95,0.2,0.1,dID,AD,dID:AD,-0.39602000000000004
B_attacker_costs,0.1,0.1,0.1,0.95,0.2,0.15,dRID,AD,dRID:AD,-0.49602
B_attacker_costs,0.1,0.1,0.1,0.95,0.2,0.2,dRID,A0,dRID:A0,-0.30000000000000004
B_attacker_costs,0.1,0.1,0.1,0.95,0.2,0.25,dRID,A0,dRID:A0,-0.30000000000000004
B_attacker_costs,0.1,0.1,0.1,0.95,0.2,0.3,dRID,A0,dRID:A0,-0.30000000000000004
B_attacker_costs,0.1,0.1,0.1,0.95,0.2,0.35,dRID,A0,dRID:A0,-0.30000000000000004
B_attacker_costs,0.1,0.1,0.1,0.95,0.2,0.4,dRID,A0,dRID:A0,-0.30000000000000004
B_attacker_costs,0.1,0.1,0.1,0.95,0.2,0.45,dRI,A0,dRI:A0,-0.2
B_attacker_costs,0.1,0.1,0.1,0.95,0.2,0.5,dRI,A0,dRI:A0,-0.2
B_attacker_costs,0.1,0.1,0.1,0.95,0.2,0.55,dRI,A0,dRI:A0,-0.2
B_attacker_costs,0.1,0.1,0.1,0.95,0.2,0.6,dRI,A0,dRI:A0,-0.2
B_attacker_costs,0.1,0.1,0.1,0.95,0.2,0.65,dRI,A0,dRI:A0,-0.2
B_attacker_costs,0.1,0.1,0.1,0.95,0.2,0.7,dRI,A0,dRI:A0,-0.2
B_attacker_costs,0.1,0.1,0.1,0.95,0.2,0.75,dRI,A0,dRI:A0,-0.2
B_attacker_costs,0.1,0.1,0.1,0.95,0.2,0.8,dRI,A0,dRI:A0,-0.2
B_attacker_costs,0.1,0.1,0.1,0.95,0.2,0.85,dRI,A0,dRI:A0,-0.2
B_attacker_costs,0.1,0.1,0.1,0.95,0.2,0.9,dRI,A0,dRI:A0,-0.2
B_attacker_costs,0.1,0.1,0.1,0.95,0.2,0.95,dRI,A0,dRI:A0,-0.2
B_attacker_costs,0.1,0.1,0.1,0.95,0.2,1.0,dRI,A0,dRI:A0,-0.2
B_attacker_costs,0.1,0.1,0.1,0.95,0.25,0.0,dID,AD,dID:AD,-0.39602000000000004
B_attacker_costs,0.1,0.1,0.1,0.95,0.25,0.05,dID,AD,dID:AD,-0.39602000000000004
B_attacker_costs,0.1,0.1,0.1,0.95,0.25,0.1,dID,AD,dID:AD,-0.39602000000000004
B_attacker_costs,0.1,0.1,0.1,0.95,0.25,0.15,dRID,AD,dRID:AD,-0.49602
B_attacker_costs,0.1,0.1,0.1,0.95,0.25,0.2,dRID,A0,dRID:A0,-0.30000000000000004
B_attacker_costs,0.1,0.1,0.1,0.95,0.25,0.25,dRID,A0,dRID:A0,-0.30000000000000004
B_attacker_costs,0.1,0.1,0.1,0.95,0.25,0.3,dRID,A0,dRID:A0,-0.30000000000000004
B_attacker_costs,0.1,0.1,0.1,0.95,0.25,0.35,dRID,A0,dRID:A0,-0.30000000000000004
B_attacker_costs,0.1,0.1,0.1,0.95,0.25,0.4,dRID,A0,dRID:A0,-0.30000000000000004
B_attacker_costs,0.1,0.1,0.1,0.95,0.25,0.45,dRI,A0,dRI:A0,-0.2
B_attacker_costs,0.1,0.1,0.1,0.95,0.25,0.5,dRI,A0,dRI:A0,-0.2
B_attacker_costs,0.1,0.1,0.1,0.95,0.25,0.55,dRI,A0,dRI:A0,-0.2
B_attacker_costs,0.1,0.1,0.1,0.95,0.25,0.6,dRI,A0,dRI:A0,-0.2
B_attacker_costs,0.1,0.1,0.1,0.95,0.25,0.65,dRI,A0,dRI:A0,-0.2
B_attacker_costs,0.1,0.1,0.1,0.95,0.25,0.7,dRI,A0,dRI:A0,-0.2
B_attacker_costs,0.1,0.1,0.1,0.95,0.25,0.75,dRI,A0,dRI:A0,-0.2
B_attacker_costs,0.1,0.1,0.1,0.95,0.25,0.8,dRI,A0,dRI:A0,-0.2
B_attacker_costs,0.1,0.1,0.1,0.95,0.25,0.85,dRI,A0,dRI:A0,-0.2
B_attacker_costs,0.1,0.1,0.1,0.95,0.25,0.9,dRI,A0,dRI:A0,-0.2
B_attacker_costs,0.1,0.1,0.1,0.95,0.25,0.95,dRI,A0,dRI:A0,-0.2
B_attacker_costs,0.1,0.1,0.1,0.95,0.25,1.0,dRI,A0,dRI:A0,-0.2
B_attacker_costs,0.1,0.1,0.1,0.95,0.3,0.0,dID,AD,dID:AD,-0.39602000000000004
B_attacker_costs,0.1,0.1,0.1,0.95,0.3,0.05,dID,AD,dID:AD,-0.39602000000000004
B_attacker_costs,0.1,0.1,0.1,0.95,0.3,0.1,dID,AD,dID:AD,-0.39602000000000004
B_attacker_costs,0.1,0.1,0.1,0.95,0.3,0.15,dRID,AD,dRID:AD,-0.49602
B_attacker_costs,0.1,0.1,0.1,0.95,0.3,0.2,dRID,A0,dRID:A0,-0.30000000000000004
B_attacker_costs,0.1,0.1,0.1,0.95,0.3,0.25,dRID,A0,dRID:A0,-0.30000000000000004
B_attacker_costs,0.1,0.1,0.1,0.95,0.3,0.3,dRID,A0,dRID:A0,-0.30000000000000004
B_attacker_costs,0.1,0.1,0.1,0.95,0.3,0.35,dRID,A0,dRID:A0,-0.30000000000000004
B_attacker_costs,0.1,0.1,0.1,0.95,0.3,0.4,dRID,A0,dRID:A0,-0.30000000000000004
B_attacker_costs,0.1,0.1,0.1,0.95,0.3,0.45,dRI,A0,dRI:A0,-0.2
B_attacker_costs,0.1,0.1,0.1,0.95,0.3,0.5,dRI,A0,dRI:A0,-0.2
B_attacker_costs,0.1,0.1,0.1,0.95,0.3,0.55,dRI,A0,dRI:A0,-0.2
B_attacker_costs,0.1,0.1,0.1,0.95,0.3,0.6,dRI,A0,dRI:A0,-0.2
B_attacker_costs,0.1,0.1,0.1,0.95,0.3,0.65,dRI,A0,dRI:A0,-0.2
B_attacker_costs,0.1,0.1,0.1,0.95,0.3,0.7,dRI,A0,dRI:A0,-0.2
B_attacker_costs,0.1,0.1,0.1,0.95,0.3,0.75,dRI,A0,dRI:A0,-0.2
B_attacker_costs,0.1,0.1,0.1,0.95,0.3,0.8,dRI,A0,dRI:A0,-0.2
B_attacker_costs,0.1,0.1,0.1,0.95,0.3,0.85,dRI,A0,dRI:A0,-0.2
B_attacker_costs,0.1,0.1,0.1,0.95,0.3,0.9,dRI,A0,dRI:A0,-0.2
B_attacker_costs,0.1,0.1,0.1,0.95,0.3,0.95,dRI,A0,dRI:A0,-0.2
B_attacker_costs,0.1,0.1,0.1,0.95,0.3,1.0,dRI,A0,dRI:A0,-0.2
B_attacker_costs,0.1,0.1,0.1,0.95,0.35,0.0,dID,AD,dID:AD,-0.39602000000000004
B_attacker_costs,0.1,0.1,0.1,0.95,0.35,0.05,dID,AD,dID:AD,-0.39602000000000004
B_attacker_costs,0.1,0.1,0.1,0.95,0.35,0.1,dID,AD,dID:AD,-0.39602000000000004
B_attacker_costs,0.1,0.1,0.1,0.95,0.35,0.15,dRID,AD,dRID:AD,-0.49602
B_attacker_costs,0.1,0.1,0.1,0.95,0.35,0.2,dRID,A0,dRID:A0,-0.30000000000000004
B_attacker_costs,0.1,0.1,0.1,0.95,0.35,0.25,dRID,A0,dRID:A0,-0.30000000000000004
B_attacker_costs,0.1,0.1,0.1,0.95,0.35,0.3,dRID,A0,dRID:A0,-0.30000000000000004
B_attacker_costs,0.1,0.1,0.1,0.95,0.35,0.35,dRID,A0,dRID:A0,-0.30000000000000004
B_attacker_costs,0.1,0.1,0.1,0.95,0.35,0.4,dRID,A0,dRID:A0,-0.30000000000000004
B_attacker_costs,0.1,0.1,0.1,0.95,0.35,0.45,dRI,A0,dRI:A0,-0.2
B_attacker_costs,0.1,0.1,0.1,0.95,0.35,0.5,dRI,A0,dRI:A0,-0.2
B_attacker_costs,0.1,0.1,0.1,0.95,0.35,0.55,dRI,A0,dRI:A0,-0.2
B_attacker_costs,0.1,0.1,0.1,0.95,0.35,0.6,dRI,A0,dRI:A0,-0.2
B_attacker_costs,0.1,0.1,0.1,0.95,0.35,0.65,dRI,A0,dRI:A0,-0.2
B_attacker_costs,0.1,0.1,0.1,0.95,0.35,0.7,dRI,A0,dRI:A0,-0.2
B_attacker_costs,0.1,0.1,0.1,0.95,0.35,0.75,dRI,A0,dRI:A0,-0.2
B_attacker_costs,0.1,0.1,0.1,0.95,0.35,0.8,dRI,A0,dRI:A0,-0.2
B_attacker_costs,0.1,0.1,0.1,0.95,0.35,0.85,dRI,A0,dRI:A0,-0.2
B_attacker_costs,0.1,0.1,0.1,0.95,0.35,0.9,dRI,A0,dRI:A0,-0.2
B_attacker_costs,0.1,0.1,0.1,0.95,0.35,0.95,dRI,A0,dRI:A0,-0.2
B_attacker_costs,0.1,0.1,0.1,0.95,0.35,1.0,dRI,A0,dRI:A0,-0.2
B_attacker_costs,0.1,0.1,0.1,0.95,0.4,0.0,dID,AD,dID:AD,-0.39602000000000004
B_attacker_costs,0.1,0.1,0.1,0.95,0.4,0.05,dID,AD,dID:AD,-0.39602000000000004
B_attacker_costs,0.1,0.1,0.1,0.95,0.4,0.1,dID,AD,dID:AD,-0.39602000000000004
B_attacker_costs,0.1,0.1,0.1,0.95,0.4,0.15,dRID,AD,dRID:AD,-0.49602
B_attacker_costs,0.1,0.1,0.1,0.95,0.4,0.2,dRID,A0,dRID:A0,-0.30000000000000004
B_attacker_costs,0.1,0.1,0.1,0.95,0.4,0.25,dRID,A0,dRID:A0,-0.30000000000000004
B_attacker_costs,0.1,0.1,0.1,0.95,0.4,0.3,dRID,A0,dRID:A0,-0.30000000000000004
B_attacker_costs,0.1,0.1,0.1,0.95,0.4,0.35,dRID,A0,dRID:A0,-0.30000000000000004
B_attacker_costs,0.1,0.1,0.1,0.95,0.4,0.4,dRID,A0,dRID:A0,-0.30000000000000004
B_attacker_costs,0.1,0.1,0.1,0.95,0.4,0.45,dRI,A0,dRI:A0,-0.2
B_attacker_costs,0.1,0.1,0.1,0.95,0.4,0.5,dRI,A0,dRI:A0,-0.2
B_attacker_costs,0.1,0.1,0.1,0.95,0.4,0.55,dRI,A0,dRI:A0,-0.2
B_attacker_costs,0.1,0.1,0.1,0.95,0.4,0.6,dRI,A0,dRI:A0,-0.2
B_attacker_costs,0.1,0.1,0.1,0.95,0.4,0.65,dRI,A0,dRI:A0,-0.2
B_attacker_costs,0.1,0.1,0.1,0.95,0.4,0.7,dRI,A0,dRI:A0,-0.2
B_attacker_costs,0.1,0.1,0.1,0.95,0.4,0.75,dRI,A0,dRI:A0,-0.2
B_attacker_costs,0.1,0.1,0.1,0.95,0.4,0.8,dRI,A0,dRI:A0,-0.2
B_attacker_costs,0.1,0.1,0.1,0.95,0.4,0.85,dRI,A0,dRI:A0,-0.2
B_attacker_costs,0.1,0.1,0.1,0.95,0.4,0.9,dRI,A0,dRI:A0,-0.2
B_attacker_costs,0.1,0.1,0.1,0.95,0.4,0.95,dRI,A0,dRI:A0,-0.2
B_attacker_costs,0.1,0.1,0.1,0.95,0.4,1.0,dRI,A0,dRI:A0,-0.2
B_attacker_costs,0.1,0.1,0.1,0.95,0.45,0.0,dID,AD,dID:AD,-0.39602000000000004
B_attacker_costs,0.1,0.1,0.1,0.95,0.45,0.05,dID,AD,dID:AD,-0.39602000000000004
B_attacker_costs,0.1,0.1,0.1,0.95,0.45,0.1,dID,AD,dID:AD,-0.39602000000000004
B_attacker_costs,0.1,0.1,0.1,0.95,0.45,0.15,dRID,AD,dRID:AD,-0.49602
B_attacker_costs,0.1,0.1,0.1,0.95,0.45,0.2,dRID,A0,dRID:A0,-0.30000000000000004
B_attacker_costs,0.1,0.1,0.1,0.95,0.45,0.25,dRID,A0,dRID:A0,-0.30000000000000004
B_attacker_costs,0.1,0.1,0.1,0.95,0.45,0.3,dRID,A0,dRID:A0,-0.30000000000000004
B_attacker_costs,0.1,0.1,0.1,0.95,0.45,0.35,dRID,A0,dRID:A0,-0.30000000000000004
B_attacker_costs,0.1,0.1,0.1,0.95,0.45,0.4,dRID,A0,dRID:A0,-0.30000000000000004
B_attacker_costs,0.1,0.1,0.1,0.95,0.45,0.45,dRI,A0,dRI:A0,-0.2
B_attacker_costs,0.1,0.1,0.1,0.95,0.45,0.5,dRI,A0,dRI:A0,-0.2
B_attacker_costs,0.1,0.1,0.1,0.95,0.45,0.55,dRI,A0,dRI:A0,-0.2
B_attacker_costs,0.1,0.1,0.1,0.95,0.45,0.6,dRI,A0,dRI:A0,-0.2
B_attacker_costs,0.1,0.1,0.1,0.95,0.45,0.65,dRI,A0,dRI:A0,-0.2
B_attacker_costs,0.1,0.1,0.1,0.95,0.45,0.7,dRI,A0,dRI:A0,-0.2
B_attacker_costs,0.1,0.1,0.1,0.95,0.45,0.75,dRI,A0,dRI:A0,-0.2
B_attacker_costs,0.1,0.1,0.1,0.95,0.45,0.8,dRI,A0,dRI:A0,-0.2
B_attacker_costs,0.1,0.1,0.1,0.95,0.45,0.85,dRI,A0,dRI:A0,-0.2
B_attacker_costs,0.1,0.1,0.1,0.95,0.45,0.9,dRI,A0,dRI:A0,-0.2
B_attacker_costs,0.1,0.1,0.1,0.95,0.45,0.95,dRI,A0,dRI:A0,-0.2
B_attacker_costs,0.1,0.1,0.1,0.95,0.45,1.0,dRI,A0,dRI:A0,-0.2
B_attacker_costs,0.1,0.1,0.1,0.95,0.5,0.0,dID,AD,dID:AD,-0.39602000000000004
B_attacker_costs,0.1,0.1,0.1,0.95,0.5,0.05,dID,AD,dID:AD,-0.39602000000000004
B_attacker_costs,0.1,0.1,0.1,0.95,0.5,0.1,dID,AD,dID:AD,-0.39602000000000004
B_attacker_costs,0.1,0.1,0.1,0.95,0.5,0.15,dRID,AD,dRID:AD,-0.49602
B_attacker_costs,0.1,0.1,0.1,0.95,0.5,0.2,dRID,A0,dRID:A0,-0.30000000000000004
B_attacker_costs,0.1,0.1,0.1,0.95,0.5,0.25,dRID,A0,dRID:A0,-0.30000000000000004
B_attacker_costs,0.1,0.1,0.1,0.95,0.5,0.3,dRID,A0,dRID:A0,-0.30000000000000004
B_attacker_costs,0.1,0.1,0.1,0.95,0.5,0.35,dRID,A0,dRID:A0,-0.30000000000000004
B_attacker_costs,0.1,0.1,0.1,0.95,0.5,0.4,dRID,A0,dRID:A0,-0.30000000000000004
B_attacker_costs,0.1,0.1,0.1,0.95,0.5,0.45,dRI,A0,dRI:A0,-0.2
B_attacker_costs,0.1,0.1,0.1,0.95,0.5,0.5,dRI,A0,dRI:A0,-0.2
B_attacker_costs,0.1,0.1,0.1,0.95,0.5,0.55,dRI,A0,dRI:A0,-0.2
B_attacker_costs,0.1,0.1,0.1,0.95,0.5,0.6,dRI,A0,dRI:A0,-0.2
B_attacker_costs,0.1,0.1,0.1,0.95,0.5,0.65,dRI,A0,dRI:A0,-0.2
B_attacker_costs,0.1,0.1,0.1,0.95,0.5,0.7,dRI,A0,dRI:A0,-0.2
B_attacker_costs,0.1,0.1,0.1,0.95,0.5,0.75,dRI,A0,dRI:A0,-0.2
B_attacker_costs,0.1,0.1,0.1,0.95,0.5,0.8,dRI,A0,dRI:A0,-0.2
B_attacker_costs,0.1,0.1,0.1,0.95,0.5,0.85,dRI,A0,dRI:A0,-0.2
B_attacker_costs,0.1,0.1,0.1,0.95,0.5,0.9,dRI,A0,dRI:A0,-0.2
B_attacker_costs,0.1,0.1,0.1,0.95,0.5,0.95,dRI,A0,dRI:A0,-0.2
B_attacker_costs,0.1,0.1,0.1,0.95,0.5,1.0,dRI,A0,dRI:A0,-0.2
B_attacker_costs,0.1,0.1,0.1,0.95,0.55,0.0,dID,AD,dID:AD,-0.39602000000000004
B_attacker_costs,0.1,0.1,0.1,0.95,0.55,0.05,dID,AD,dID:AD,-0.39602000000000004
B_attacker_costs,0.1,0.1,0.1,0.95,0.55,0.1,dID,AD,dID:AD,-0.39602000000000004
B_attacker_costs,0.1,0.1,0.1,0.95,0.55,0.15,dRID,AD,dRID:AD,-0.49602
B_attacker_costs,0.1,0.1,0.1,0.95,0.55,0.2,dRID,A0,dRID:A0,-0.30000000000000004
B_attacker_costs,0.1,0.1,0.1,0.95,0.55,0.25,dRID,A0,dRID:A0,-0.30000000000000004
B_attacker_costs,0.1,0.1,0.1,0.95,0.55,0.3,dRID,A0,dRID:A0,-0.30000000000000004
B_attacker_costs,0.1,0.1,0.1,0.95,0.55,0.35,dRID,A0,dRID:A0,-0.30000000000000004
B_attacker_costs,0.1,0.1,0.1,0.95,0.55,0.4,dRID,A0,dRID:A0,-0.30000000000000004
B_attacker_costs,0.1,0.1,0.1,0.95,0.55,0.45,dRI,A0,dRI:A0,-0.2
B_attacker_costs,0.1,0.1,0.1,0.95,0.55,0.5,dRI,A0,dRI:A0,-0.2
B_attacker_costs,0.1,0.1,0.1,0.95,0.55,0.55,dRI,A0,dRI:A0,-0.2
B_attacker_costs,0.1,0.1,0.1,0.95,0.55,0.6,dRI,A0,dRI:A0,-0.2
B_attacker_costs,0.1,0.1,0.1,0.95,0.55,0.65,dRI,A0,dRI:A0,-0.2
B_attacker_costs,0.1,0.1,0.1,0.95,0.55,0.7,dRI,A0,dRI:A0,-0.2
B_attacker_costs,0.1,0.1,0.1,0.95,0.55,0.75,dRI,A0,dRI:A0,-0.2
B_attacker_costs,0.1,0.1,0.1,0.95,0.55,0.8,dRI,A0,dRI:A0,-0.2
B_attacker_costs,0.1,0.1,0.1,0.95,0.55,0.85,dRI,A0,dRI:A0,-0.2
B_attacker_costs,0.1,0.1,0.1,0.95,0.55,0.9,dRI,A0,dRI:A0,-0.2
B_attacker_costs,0.1,0.1,0.1,0.95,0.55,0.95,dRI,A0,dRI:A0,-0.2
B_attacker_costs,0.1,0.1,0.1,0.95,0.55,1.0,dRI,A0,dRI:A0,-0.2
B_attacker_costs,0.1,0.1,0.1,0.95,0.6,0.0,dID,AD,dID:AD,-0.39602000000000004
B_attacker_costs,0.1,0.1,0.1,0.95,0.6,0.05,dID,AD,dID:AD,-0.39602000000000004
B_attacker_costs,0.1,0.1,0.1,0.95,0.6,0.1,dID,AD,dID:AD,-0.39602000000000004
B_attacker_costs,0.1,0.1,0.1,0.95,0.6,0.15,dRID,AD,dRID:AD,-0.49602
B_attacker_costs,0.1,0.1,0.1,0.95,0.6,0.2,dRID,A0,dRID:A0,-0.30000000000000004
B_attacker_costs,0.1,0.1,0.1,0.95,0.6,0.25,dRID,A0,dRID:A0,-0.30000000000000004
B_attacker_costs,0.1,0.1,0.1,0.95,0.6,0.3,dRID,A0,dRID:A0,-0.30000000000000004
B_attacker_costs,0.1,0.1,0.1,0.95,0.6,0.35,dRID,A0,dRID:A0,-0.30000000000000004
B_attacker_costs,0.1,0.1,0.1,0.95,0.6,0.4,dRID,A0,dRID:A0,-0.30000000000000004
B_attacker_costs,0.1,0.1,0.1,0.95,0.6,0.45,dRI,A0,dRI:A0,-0.2
B_attacker_costs,0.1,0.1,0.1,0.95,0.6,0.5,dRI,A0,dRI:A0,-0.2
B_attacker_costs,0.1,0.1,0.1,0.95,0.6,0.55,dRI,A0,dRI:A0,-0.2
B_attacker_costs,0.1,0.1,0.1,0.95,0.6,0.6,dRI,A0,dRI:A0,-0.2
B_attacker_costs,0.1,0.1,0.1,0.95,0.6,0.65,dRI,A0,dRI:A0,-0.2
B_attacker_costs,0.1,0.1,0.1,0.95,0.6,0.7,dRI,A0,dRI:A0,-0.2
B_attacker_costs,0.1,0.1,0.1,0.95,0.6,0.75,dRI,A0,dRI:A0,-0.2
B_attacker_costs,0.1,0.1,0.1,0.95,0.6,0.8,dRI,A0,dRI:A0,-0.2
B_attacker_costs,0.1,0.1,0.1,0.95,0.6,0.85,dRI,A0,dRI:A0,-0.2
B_attacker_costs,0.1,0.1,0.1,0.95,0.6,0.9,dRI,A0,dRI:A0,-0.2
B_attacker_costs,0.1,0.1,0.1,0.95,0.6,0.95,dRI,A0,dRI:A0,-0.2
B_attacker_costs,0.1,0.1,0.1,0.95,0.6,1.0,dRI,A0,dRI:A0,-0.2
B_attacker_costs,0.1,0.1,0.1,0.95,0.65,0.0,dID,AD,dID:AD,-0.39602000000000004
B_attacker_costs,0.1,0.1,0.1,0.95,0.65,0.05,dID,AD,dID:AD,-0.39602000000000004
B_attacker_costs,0.1,0.1,0.1,0.95,0.65,0.1,dID,AD,dID:AD,-0.39602000000000004
B_attacker_costs,0.1,0.1,0.1,0.95,0.65,0.15,dRID,AD,dRID:AD,-0.49602
B_attacker_costs,0.1,0.1,0.1,0.95,0.65,0.2,dRID,A0,dRID:A0,-0.30000000000000004
B_attacker_costs,0.1,0.1,0.1,0.95,0.65,0.25,dRID,A0,dRID:A0,-0.30000000000000004
B_attacker_costs,0.1,0.1,0.1,0.95,0.65,0.3,dRID,A0,dRID:A0,-0.30000000000000004
B_attacker_costs,0.1,0.1,0.1,0.95,0.65,0.35,dRID,A0,dRID:A0,-0.30000000000000004
B_attacker_costs,0.1,0.1,0.1,0.95,0.65,0.4,dRID,A0,dRID:A0,-0.30000000000000004
B_attacker_costs,0.1,0.1,0.1,0.95,0.65,0.45,dRI,A0,dRI:A0,-0.2
B_attacker_costs,0.1,0.1,0.1,0.95,0.65,0.5,dRI,A0,dRI:A0,-0.2
B_attacker_costs,0.1,0.1,0.1,0.95,0.65,0.55,dRI,A0,dRI:A0,-0.2
B_attacker_costs,0.1,0.1,0.1,0.95,0.65,0.6,dRI,A0,dRI:A0,-0.2
B_attacker_costs,0.1,0.1,0.1,0.95,0.65,0.65,dRI,A0,dRI:A0,-0.2
B_attacker_costs,0.1,0.1,0.1,0.95,0.65,0.7,dRI,A0,dRI:A0,-0.2
B_attacker_costs,0.1,0.1,0.1,0.95,0.65,0.75,dRI,A0,dRI:A0,-0.2
B_attacker_costs,0.1,0.1,0.1,0.95,0.65,0.8,dRI,A0,dRI:A0,-0.2
B_attacker_costs,0.1,0.1,0.1,0.95,0.65,0.85,dRI,A0,dRI:A0,-0.2
B_attacker_costs,0.1,0.1,0.1,0.95,0.65,0.9,dRI,A0,dRI:A0,-0.2
B_attacker_costs,0.1,0.1,0.1,0.95,0.65,0.95,dRI,A0,dRI:A0,-0.2
B_attacker_costs,0.1,0.1,0.1,0.95,0.65,1.0,dRI,A0,dRI:A0,-0.2
B_attacker_costs,0.1,0.1,0.1,0.95,0.7,0.0,dID,AD,dID:AD,-0.39602000000000004
B_attacker_costs,0.1,0.1,0.1,0.95,0.7,0.05,dID,AD,dID:AD,-0.39602000000000004
B_attacker_costs,0.1,0.1,0.1,0.95,0.7,0.1,dID,AD,dID:AD,-0.39602000000000004
B_attacker_costs,0.1,0.1,0.1,0.95,0.7,0.15,dRID,AD,dRID:AD,-0.49602
B_attacker_costs,0.1,0.1,0.1,0.95,0.7,0.2,dRID,A0,dRID:A0,-0.30000000000000004
B_attacker_costs,0.1,0.1,0.1,0.95,0.7,0.25,dRID,A0,dRID:A0,-0.30000000000000004
B_attacker_costs,0.1,0.1,0.1,0.95,0.7,0.3,dRID,A0,dRID:A0,-0.30000000000000004
B_attacker_costs,0.1,0.1,0.1,0.95,0.7,0.35,dRID,A0,dRID:A0,-0.30000000000000004
B_attacker_costs,0.1,0.1,0.1,0.95,0.7,0.4,dRID,A0,dRID:A0,-0.30000000000000004
B_attacker_costs,0.1,0.1,0.1,0.95,0.7,0.45,dRI,A0,dRI:A0,-0.2
B_attacker_costs,0.1,0.1,0.1,0.95,0.7,0.5,dRI,A0,dRI:A0,-0.2
B_attacker_costs,0.1,0.1,0.1,0.95,0.7,0.55,dRI,A0,dRI:A0,-0.2
B_attacker_costs,0.1,0.1,0.1,0.95,0.7,0.6,dRI,A0,dRI:A0,-0.2
B_attacker_costs,0.1,0.1,0.1,0.95,0.7,0.65,dRI,A0,dRI:A0,-0.2
B_attacker_costs,0.1,0.1,0.1,0.95,0.7,0.7,dRI,A0,dRI:A0,-0.2
B_attacker_costs,0.1,0.1,0.1,0.95,0.7,0.75,dRI,A0,dRI:A0,-0.2
B_attacker_costs,0.1,0.1,0.1,0.95,0.7,0.8,dRI,A0,dRI:A0,-0.2
B_attacker_costs,0.1,0.1,0.1,0.95,0.7,0.85,dRI,A0,dRI:A0,-0.2
B_attacker_costs,0.1,0.1,0.1,0.95,0.7,0.9,dRI,A0,dRI:A0,-0.2
B_attacker_costs,0.1,0.1,0.1,0.95,0.7,0.95,dRI,A0,dRI:A0,-0.2
B_attacker_costs,0.1,0.1,0.1,0.95,0.7,1.0,dRI,A0,dRI:A0,-0.2
B_attacker_costs,0.1,0.1,0.1,0.95,0.75,0.0,dID,AD,dID:AD,-0.39602000000000004
B_attacker_costs,0.1,0.1,0.1,0.95,0.75,0.05,dID,AD,dID:AD,-0.39602000000000004
B_attacker_costs,0.1,0.1,0.1,0.95,0.75,0.1,dID,AD,dID:AD,-0.39602000000000004
B_attacker_costs,0.1,0.1,0.1,0.95,0.75,0.15,d0,AD,d0:AD,-0.43377
B_attacker_costs,0.1,0.1,0.1,0.95,0.75,0.2,dRID,A0,dRID:A0,-0.30000000000000004
B_attacker_costs,0.1,0.1,0.1,0.95,0.75,0.25,dRID,A0,dRID:A0,-0.30000000000000004
B_attacker_costs,0.1,0.1,0.1,0.95,0.75,0.3,dRID,A0,dRID:A0,-0.30000000000000004
B_attacker_costs,0.1,0.1,0.1,0.95,0.75,0.35,dRID,A0,dRID:A0,-0.30000000000000004
B_attacker_costs,0.1,0.1,0.1,0.95,0.75,0.4,dRID,A0,dRID:A0,-0.30000000000000004
B_attacker_costs,0.1,0.1,0.1,0.95,0.75,0.45,dRI,A0,dRI:A0,-0.2
B_attacker_costs,0.1,0.1,0.1,0.95,0.75,0.5,dRI,A0,dRI:A0,-0.2
B_attacker_costs,0.1,0.1,0.1,0.95,0.75,0.55,dRI,A0,dRI:A0,-0.2
B_attacker_costs,0.1,0.1,0.1,0.95,0.75,0.6,dRI,A0,dRI:A0,-0.2
B_attacker_costs,0.1,0.1,0.1,0.95,0.75,0.65,dRI,A0,dRI:A0,-0.2
B_attacker_costs,0.1,0.1,0.1,0.95,0.75,0.7,dRI,A0,dRI:A0,-0.2
B_attacker_costs,0.1,0.1,0.1,0.95,0.75,0.75,dRI,A0,dRI:A0,-0.2
B_attacker_costs,0.1,0.1,0.1,0.95,0.75,0.8,dRI,A0,dRI:A0,-0.2
B_attacker_costs,0.1,0.1,0.1,0.95,0.75,0.85,dRI,A0,dRI:A0,-0.2
B_attacker_costs,0.1,0.1,0.1,0.95,0.75,0.9,dRI,A0,dRI:A0,-0.2
B_attacker_costs,0.1,0.1,0.1,0.95,0.75,0.95,dRI,A0,dRI:A0,-0.2
B_attacker_costs,0.1,0.1,0.1,0.95,0.75,1.0,dRI,A0,dRI:A0,-0.2
B_attacker_costs,0.1,0.1,0.1,0.95,0.8,0.0,dID,AD,dID:AD,-0.39602000000000004
B_attacker_costs,0.1,0.1,0.1,0.95,0.8,0.05,dID,AD,dID:AD,-0.39602000000000004
B_attacker_costs,0.1,0.1,0.1,0.95,0.8,0.1,dID,AD,dID:AD,-0.39602000000000004
B_attacker_costs,0.1,0.1,0.1,0.95,0.8,0.15,d0,AD,d0:AD,-0.43377
B_attacker_costs,0.1,0.1,0.1,0.95,0.8,0.2,dRID,A0,dRID:A0,-0.30000000000000004
B_attacker_costs,0.1,0.1,0.1,0.95,0.8,0.25,dRID,A0,dRID:A0,-0.30000000000000004
B_attacker_costs,0.1,0.1,0.1,0.95,0.8,0.3,dRID,A0,dRID:A0,-0.30000000000000004
B_attacker_costs,0.1,0.1,0.1,0.95,0.8,0.35,dRID,A0,dRID:A0,-0.30000000000000004
B_attacker_costs,0.1,0.1,0.1,0.95,0.8,0.4,dRID,A0,dRID:A0,-0.30000000000000004
B_attacker_costs,0.1,0.1,0.1,0.95,0.8,0.45,dRI,A0,dRI:A0,-0.2
B_attacker_costs,0.1,0.1,0.1,0.95,0.8,0.5,dRI,A0,dRI:A0,-0.2
B_attacker_costs,0.1,0.1,0.1,0.95,0.8,0.55,dRI,A0,dRI:A0,-0.2
B_attacker_costs,0.1,0.1,0.1,0.95,0.8,0.6,dRI,A0,dRI:A0,-0.2
B_attacker_costs,0.1,0.1,0.1,0.95,0.8,0.65,dRI,A0,dRI:A0,-0.2
B_attacker_costs,0.1,0.1,0.1,0.95,0.8,0.7,dRI,A0,dRI:A0,-0.2
B_attacker_costs,0.1,0.1,0.1,0.95,0.8,0.75,dRI,A0,dRI:A0,-0.2
B_attacker_costs,0.1,0.1,0.1,0.95,0.8,0.8,dRI,A0,dRI:A0,-0.2
B_attacker_costs,0.1,0.1,0.1,0.95,0.8,0.85,dRI,A0,dRI:A0,-0.2
B_attacker_costs,0.1,0.1,0.1,0.95,0.8,0.9,dRI,A0,dRI:A0,-0.2
B_attacker_costs,0.1,0.1,0.1,0.95,0.8,0.95,dRI,A0,dRI:A0,-0.2
B_attacker_costs,0.1,0.1,0.1,0.95,0.8,1.0,dRI,A0,dRI:A0,-0.2
B_attacker_costs,0.1,0.1,0.1,0.95,0.85,0.0,dD,AD,dD:AD,-0.29602
B_attacker_costs,0.1,0.1,0.1,0.95,0.85,0.05,dID,AD,dID:AD,-0.39602000000000004
B_attacker_costs,0.1,0.1,0.1,0.95,0.85,0.1,dID,AD,dID:AD,-0.39602000000000004
B_attacker_costs,0.1,0.1,0.1,0.95,0.85,0.15,d0,AD,d0:AD,-0.43377
B_attacker_costs,0.1,0.1,0.1,0.95,0.85,0.2,dRID,A0,dRID:A0,-0.30000000000000004
B_attacker_costs,0.1,0.1,0.1,0.95,0.85,0.25,dRID,A0,dRID:A0,-0.30000000000000004
B_attacker_costs,0.1,0.1,0.1,0.95,0.85,0.3,dRID,A0,dRID:A0,-0.30000000000000004
B_attacker_costs,0.1,0.1,0.1,0.95,0.85,0.35,dRID,A0,dRID:A0,-0.30000000000000004
B_attacker_costs,0.1,0.1,0.1,0.95,0.85,0.4,dRID,A0,dRID:A0,-0.30000000000000004
B_attacker_costs,0.1,0.1,0.1,0.95,0.85,0.45,dRI,A0,dRI:A0,-0.2
B_attacker_costs,0.1,0.1,0.1,0.95,0.85,0.5,dRI,A0,dRI:A0,-0.2
B_attacker_costs,0.1,0.1,0.1,0.95,0.85,0.55,dRI,A0,dRI:A0,-0.2
B_attacker_costs,0.1,0.1,0.1,0.95,0.85,0.6,dRI,A0,dRI:A0,-0.2
B_attacker_costs,0.1,0.1,0.1,0.95,0.85,0.65,dRI,A0,dRI:A0,-0.2
B_attacker_costs,0.1,0.1,0.1,0.95,0.85,0.7,dRI,A0,dRI:A0,-0.2
B_attacker_costs,0.1,0.1,0.1,0.95,0.85,0.75,dRI,A0,dRI:A0,-0.2
B_attacker_costs,0.1,0.1,0.1,0.95,0.85,0.8,dRI,A0,dRI:A0,-0.2
B_attacker_costs,0.1,0.1,0.1,0.95,0.85,0.85,dRI,A0,dRI:A0,-0.2
B_attacker_costs,0.1,0.1,0.1,0.95,0.85,0.9,dRI,A0,dRI:A0,-0.2
B_attacker_costs,0.1,0.1,0.1,0.95,0.85,0.95,dRI,A0,dRI:A0,-0.2
B_attacker_costs,0.1,0.1,0.1,0.95,0.85,1.0,dRI,A0,dRI:A0,-0.2
B_attacker_costs,0.1,0.1,0.1,0.95,0.9,0.0,dD,AD,dD:AD,-0.29602
B_attacker_costs,0.1,0.1,0.1,0.95,0.9,0.05,dD,AD,dD:AD,-0.29602
B_attacker_costs,0.1,0.1,0.1,0.95,0.9,0.1,dID,AD,dID:AD,-0.39602000000000004
B_attacker_costs,0.1,0.1,0.1,0.95,0.9,0.15,d0,AD,d0:AD,-0.43377
B_attacker_costs,0.1,0.1,0.1,0.95,0.9,0.2,dRID,A0,dRID:A0,-0.30000000000000004
B_attacker_costs,0.1,0.1,0.1,0.95,0.9,0.25,dRID,A0,dRID:A0,-0.30000000000000004
B_attacker_costs,0.1,0.1,0.1,0.95,0.9,0.3,dRID,A0,dRID:A0,-0.30000000000000004
B_attacker_costs,0.1,0.1,0.1,0.95,0.9,0.35,dRID,A0,dRID:A0,-0.30000000000000004
B_attacker_costs,0.1,0.1,0.1,0.95,0.9,0.4,dRID,A0,dRID:A0,-0.30000000000000004
B_attacker_costs,0.1,0.1,0.1,0.95,0.9,0.45,dRI,A0,dRI:A0,-0.2
B_attacker_costs,0.1,0.1,0.1,0.95,0.9,0.5,dRI,A0,dRI:A0,-0.2
B_attacker_costs,0.1,0.1,0.1,0.95,0.9,0.55,dRI,A0,dRI:A0,-0.2
B_attacker_costs,0.1,0.1,0.1,0.95,0.9,0.6,dRI,A0,dRI:A0,-0.2
B_attacker_costs,0.1,0.1,0.1,0.95,0.9,0.65,dRI,A0,dRI:A0,-0.2
B_attacker_costs,0.1,0.1,0.1,0.95,0.9,0.7,dRI,A0,dRI:A0,-0.2
B_attacker_costs,0.1,0.1,0.1,0.95,0.9,0.75,dRI,A0,dRI:A0,-0.2
B_attacker_costs,0.1,0.1,0.1,0.95,0.9,0.8,dRI,A0,dRI:A0,-0.2
B_attacker_costs,0.1,0.1,0.1,0.95,0.9,0.85,dRI,A0,dRI:A0,-0.2
B_attacker_costs,0.1,0.1,0.1,0.95,0.9,0.9,dRI,A0,dRI:A0,-0.2
B_attacker_costs,0.1,0.1,0.1,0.95,0.9,0.95,dRI,A0,dRI:A0,-0.2
B_attacker_costs,0.1,0.1,0.1,0.95,0.9,1.0,dRI,A0,dRI:A0,-0.2
B_attacker_costs,0.1,0.1,0.1,0.95,0.95,0.0,dD,AD,dD:AD,-0.29602
B_attacker_costs,0.1,0.1,0.1,0.95,0.95,0.05,dD,AD,dD:AD,-0.29602
B_attacker_costs,0.1,0.1,0.1,0.95,0.95,0.1,dD,AD,dD:AD,-0.29602
B_attacker_costs,0.1,0.1,0.1,0.95,0.95,0.15,d0,AD,d0:AD,-0.43377
B_attacker_costs,0.1,0.1,0.1,0.95,0.95,0.2,dRID,A0,dRID:A0,-0.30000000000000004
B_attacker_costs,0.1,0.1,0.1,0.95,0.95,0.25,dRID,A0,dRID:A0,-0.30000000000000004
B_attacker_costs,0.1,0.1,0.1,0.95,0.95,0.3,dRID,A0,dRID:A0,-0.30000000000000004
B_attacker_costs,0.1,0.1,0.1,0.95,0.95,0.35,dRID,A0,dRID:A0,-0.30000000000000004
B_attacker_costs,0.1,0.1,0.1,0.95,0.95,0.4,dRID,A0,dRID:A0,-0.30000000000000004
B_attacker_costs,0.1,0.1,0.1,0.95,0.95,0.45,dRI,A0,dRI:A0,-0.2
B_attacker_costs,0.1,0.1,0.1,0.95,0.95,0.5,dRI,A0,dRI:A0,-0.2
B_attacker_costs,0.1,0.1,0.1,0.95,0.95,0.55,dRI,A0,dRI:A0,-0.2
B_attacker_costs,0.1,0.1,0.1,0.95,0.95,0.6,dRI,A0,dRI:A0,-0.2
B_attacker_costs,0.1,0.1,0.1,0.95,0.95,0.65,dRI,A0,dRI:A0,-0.2
B_attacker_costs,0.1,0.1,0.1,0.95,0.95,0.7,dRI,A0,dRI:A0,-0.2
B_attacker_costs,0.1,0.1,0.1,0.95,0.95,0.75,dRI,A0,dRI:A0,-0.2
B_attacker_costs,0.1,0.1,0.1,0.95,0.95,0.8,dRI,A0,dRI:A0,-0.2
B_attacker_costs,0.1,0.1,0.1,0.95,0.95,0.85,dRI,A0,dRI:A0,-0.2
B_attacker_costs,0.1,0.1,0.1,0.95,0.95,0.9,dRI,A0,dRI:A0,-0.2
B_attacker_costs,0.1,0.1,0.1,0.95,0.95,0.95,dRI,A0,dRI:A0,-0.2
B_attacker_costs,0.1,0.1,0.1,0.95,0.95,1.0,dRI,A0,dRI:A0,-0.2
B_attacker_costs,0.1,0.1,0.1,0.95,1.0,0.0,dD,AD,dD:AD,-0.29602
B_attacker_costs,0.1,0.1,0.1,0.95,1.0,0.05,dD,AD,dD:AD,-0.29602
B_attacker_costs,0.1,0.1,0.1,0.95,1.0,0.1,dD,AD,dD:AD,-0.29602
B_attacker_costs,0.1,0.1,0.1,0.95,1.0,0.15,dRD,AD,dRD:AD,-0.39602000000000004
B_attacker_costs,0.1,0.1,0.1,0.95,1.0,0.2,dRD,A0,dRD:A0,-0.2
B_attacker_costs,0.1,0.1,0.1,0.95,1.0,0.25,dRD,A0,dRD:A0,-0.2
B_attacker_costs,0.1,0.1,0.1,0.95,1.0,0.3,dRD,A0,dRD:A0,-0.2
B_attacker_costs,0.1,0.1,0.1,0.95,1.0,0.35,dRD,A0,dRD:A0,-0.2
B_attacker_costs,0.1,0.1,0.1,0.95,1.0,0.4,dRD,A0,dRD:A0,-0.2
B_attacker_costs,0.1,0.1,0.1,0.95,1.0,0.45,dR,A0,dR:A0,-0.1
B_attacker_costs,0.1,0.1,0.1,0.95,1.0,0.5,dR,A0,dR:A0,-0.1
B_attacker_costs,0.1,0.1,0.1,0.95,1.0,0.55,dR,A0,dR:A0,-0.1
B_attacker_costs,0.1,0.1,0.1,0.95,1.0,0.6,dR,A0,dR:A0,-0.1
B_attacker_costs,0.1,0.1,0.1,0.95,1.0,0.65,dR,A0,dR:A0,-0.1
B_attacker_costs,0.1,0.1,0.1,0.95,1.0,0.7,dR,A0,dR:A0,-0.1
B_attacker_costs,0.1,0.1,0.1,0.95,1.0,0.75,dR,A0,dR:A0,-0.1
B_attacker_costs,0.1,0.1,0.1,0.95,1.0,0.8,dR,A0,dR:A0,-0.1
B_attacker_costs,0.1,0.1,0.1,0.95,1.0,0.85,dR,A0,dR:A0,-0.1
B_attacker_costs,0.1,0.1,0.1,0.95,1.0,0.9,dR,A0,dR:A0,-0.1
B_attacker_costs,0.1,0.1,0.1,0.95,1.0,0.95,dR,A0,dR:A0,-0.1
B_attacker_costs,0.1,0.1,0.1,0.95,1.0,1.0,dR,A0,dR:A0,-0.1
B_attacker_costs,0.1,0.1,0.1,1.0,0.0,0.0,dID,AD,dID:AD,-0.39602000000000004
B_attacker_costs,0.1,0.1,0.1,1.0,0.0,0.05,dID,AD,dID:AD,-0.39602000000000004
B_attacker_costs,0.1,0.1,0.1,1.0,0.0,0.1,dID,AD,dID:AD,-0.39602000000000004
B_attacker_costs,0.1,0.1,0.1,1.0,0.0,0.15,dID,AD,dID:AD,-0.39602000000000004
B_attacker_costs,0.1,0.1,0.1,1.0,0.0,0.2,dID,AI,dID:AI,-0.2
B_attacker_costs,0.1,0.1,0.1,1.0,0.0,0.25,dID,AI,dID:AI,-0.2
B_attacker_costs,0.1,0.1,0.1,1.0,0.0,0.3,dID,AI,dID:AI,-0.2
B_attacker_costs,0.1,0.1,0.1,1.0,0.0,0.35,dID,AI,dID:AI,-0.2
B_attacker_costs,0.1,0.1,0.1,1.0,0.0,0.4,dID,AI,dID:AI,-0.2
B_attacker_costs,0.1,0.1,0.1,1.0,0.0,0.45,dI,AI,dI:AI,-0.1
B_attacker_costs,0.1,0.1,0.1,1.0,0.0,0.5,dI,AI,dI:AI,-0.1
B_attacker_costs,0.1,0.1,0.1,1.0,0.0,0.55,dI,AI,dI:AI,-0.1
B_attacker_costs,0.1,0.1,0.1,1.0,0.0,0.6,dI,AI,dI:AI,-0.1
B_attacker_costs,0.1,0.1,0.1,1.0,0.0,0.65,dI,AI,dI:AI,-0.1
B_attacker_costs,0.1,0.1,0.1,1.0,0.0,0.7,dI,AI,dI:AI,-0.1
B_attacker_costs,0.1,0.1,0.1,1.0,0.0,0.75,dI,AI,dI:AI,-0.1
B_attacker_costs,0.1,0.1,0.1,1.0,0.0,0.8,dI,AI,dI:AI,-0.1
B_attacker_costs,0.1,0.1,0.1,1.0,0.0,0.85,dI,AI,dI:AI,-0.1
B_attacker_costs,0.1,0.1,0.1,1.0,0.0,0.9,dI,AI,dI:AI,-0.1
B_attacker_costs,0.1,0.1,0.1,1.0,0.0,0.95,dI,AI,dI:AI,-0.1
B_attacker_costs,0.1,0.1,0.1,1.0,0.0,1.0,dI,AI,dI:AI,-0.1
B_attacker_costs,0.1,0.1,0.1,1.0,0.05,0.0,dID,AD,dID:AD,-0.39602000000000004
B_attacker_costs,0.1,0.1,0.1,1.0,0.05,0.05,dID,AD,dID:AD,-0.39602000000000004
B_attacker_costs,0.1,0.1,0.1,1.0,0.05,0.1,dID,AD,dID:AD,-0.39602000000000004
B_attacker_costs,0.1,0.1,0.1,1.0,0.05,0.15,dID,AD,dID:AD,-0.39602000000000004
B_attacker_costs,0.1,0.1,0.1,1.0,0.05,0.2,dID,A0,dID:A0,-0.2
B_attacker_costs,0.1,0.1,0.1,1.0,0.05,0.25,dID,A0,dID:A0,-0.2
B_attacker_costs,0.1,0.1,0.1,1.0,0.05,0.3,dID,A0,dID:A0,-0.2
B_attacker_costs,0.1,0.1,0.1,1.0,0.05,0.35,dID,A0,dID:A0,-0.2
B_attacker_costs,0.1,0.1,0.1,1.0,0.05,0.4,dID,A0,dID:A0,-0.2
B_attacker_costs,0.1,0.1,0.1,1.0,0.05,0.45,dI,A0,dI:A0,-0.1
B_attacker_costs,0.1,0.1,0.1,1.0,0.05,0.5,dI,A0,dI:A0,-0.1
B_attacker_costs,0.1,0.1,0.1,1.0,0.05,0.55,dI,A0,dI:A0,-0.1
B_attacker_costs,0.1,0.1,0.1,1.0,0.05,0.6,dI,A0,dI:A0,-0.1
B_attacker_costs,0.1,0.1,0.1,1.0,0.05,0.65,dI,A0,dI:A0,-0.1
B_attacker_costs,0.1,0.1,0.1,1.0,0.05,0.7,dI,A0,dI:A0,-0.1
B_attacker_costs,0.1,0.1,0.1,1.0,0.05,0.75,dI,A0,dI:A0,-0.1
B_attacker_costs,0.1,0.1,0.1,1.0,0.05,0.8,dI,A0,dI:A0,-0.1
B_attacker_costs,0.1,0.1,0.1,1.0,0.05,0.85,dI,A0,dI:A0,-0.1
B_attacker_costs,0.1,0.1,0.1,1.0,0.05,0.9,dI,A0,dI:A0,-0.1
B_attacker_costs,0.1,0.1,0.1,1.0,0.05,0.95,dI,A0,dI:A0,-0.1
B_attacker_costs,0.1,0.1,0.1,1.0,0.05,1.0,dI,A0,dI:A0,-0.1
B_attacker_costs,0.1,0.1,0.1,1.0,0.1,0.0,dID,AD,dID:AD,-0.39602000000000004
B_attacker_costs,0.1,0.1,0.1,1.0,0.1,0.05,dID,AD,dID:AD,-0.39602000000000004
B_attacker_costs,0.1,0.1,0.1,1.0,0.1,0.1,dID,AD,dID:AD,-0.39602000000000004
B_attacker_costs,0.1,0.1,0.1,1.0,0.1,0.15,dID,AD,dID:AD,-0.39602000000000004
B_attacker_costs,0.1,0.1,0.1,1.0,0.1,0.2,dID,A0,dID:A0,-0.2
B_attacker_costs,0.1,0.1,0.1,1.0,0.1,0.25,dID,A0,dID:A0,-0.2
B_attacker_costs,0.1,0.1,0.1,1.0,0.1,0.3,dID,A0,dID:A0,-0.2
B_attacker_costs,0.1,0.1,0.1,1.0,0.1,0.35,dID,A0,dID:A0,-0.2
B_attacker_costs,0.1,0.1,0.1,1.0,0.1,0.4,dID,A0,dID:A0,-0.2
B_attacker_costs,0.1,0.1,0.1,1.0,0.1,0.45,dI,A0,dI:A0,-0.1
B_attacker_costs,0.1,0.1,0.1,1.0,0.1,0.5,dI,A0,dI:A0,-0.1
B_attacker_costs,0.1,0.1,0.1,1.0,0.1,0.55,dI,A0,dI:A0,-0.1
B_attacker_costs,0.1,0.1,0.1,1.0,0.1,0.6,dI,A0,dI:A0,-0.1
B_attacker_costs,0.1,0.1,0.1,1.0,0.1,0.65,dI,A0,dI:A0,-0.1
B_attacker_costs,0.1,0.1,0.1,1.0,0.1,0.7,dI,A0,dI:A0,-0.1
B_attacker_costs,0.1,0.1,0.1,1.0,0.1,0.75,dI,A0,dI:A0,-0.1
B_attacker_costs,0.1,0.1,0.1,1.0,0.1,0.8,dI,A0,dI:A0,-0.1
B_attacker_costs,0.1,0.1,0.1,1.0,0.1,0.85,dI,A0,dI:A0,-0.1
B_attacker_costs,0.1,0.1,0.1,1.0,0.1,0.9,dI,A0,dI:A0,-0.1
B_attacker_costs,0.1,0.1,0.1,1.0,0.1,0.95,dI,A0,dI:A0,-0.1
B_attacker_costs,0.1,0.1,0.1,1.0,0.1,1.0,dI,A0,dI:A0,-0.1
B_attacker_costs,0.1,0.1,0.1,1.0,0.15,0.0,dID,AD,dID:AD,-0.39602000000000004
B_attacker_costs,0.1,0.1,0.1,1.0,0.15,0.05,dID,AD,dID:AD,-0.39602000000000004
B_attacker_costs,0.1,0.1,0.1,1.0,0.15,0.1,dID,AD,dID:AD,-0.39602000000000004
B_attacker_costs,0.1,0.1,0.1,1.0,0.15,0.15,dID,AD,dID:AD,-0.39602000000000004
B_attacker_costs,0.1,0.1,0.1,1.0,0.15,0.2,dID,A0,dID:A0,-0.2
B_attacker_costs,0.1,0.1,0.1,1.0,0.15,0.25,dID,A0,dID:A0,-0.2
B_attacker_costs,0.1,0.1,0.1,1.0,0.15,0.3,dID,A0,dID:A0,-0.2
B_attacker_costs,0.1,0.1,0.1,1.0,0.15,0.35,dID,A0,dID:A0,-0.2
B_attacker_costs,0.1,0.1,0.1,1.0,0.15,0.4,dID,A0,dID:A0,-0.2
B_attacker_costs,0.1,0.1,0.1,1.0,0.15,0.45,dI,A0,dI:A0,-0.1
B_attacker_costs,0.1,0.1,0.1,1.0,0.15,0.5,dI,A0,dI:A0,-0.1
B_attacker_costs,0.1,0.1,0.1,1.0,0.15,0.55,dI,A0,dI:A0,-0.1
B_attacker_costs,0.1,0.1,0.1,1.0,0.15,0.6,dI,A0,dI:A0,-0.1
B_attacker_costs,0.1,0.1,0.1,1.0,0.15,0.65,dI,A0,dI:A0,-0.1
B_attacker_costs,0.1,0.1,0.1,1.0,0.15,0.7,dI,A0,dI:A0,-0.1
B_attacker_costs,0.1,0.1,0.1,1.0,0.15,0.75,dI,A0,dI:A0,-0.1
B_attacker_costs,0.1,0.1,0.1,1.0,0.15,0.8,dI,A0,dI:A0,-0.1
B_attacker_costs,0.1,0.1,0.1,1.0,0.15,0.85,dI,A0,dI:A0,-0.1
B_attacker_costs,0.1,0.1,0.1,1.0,0.15,0.9,dI,A0,dI:A0,-0.1
B_attacker_costs,0.1,0.1,0.1,1.0,0.15,0.95,dI,A0,dI:A0,-0.1
B_attacker_costs,0.1,0.1,0.1,1.0,0.15,1.0,dI,A0,dI:A0,-0.1
B_attacker_costs,0.1,0.1,0.1,1.0,0.2,0.0,dID,AD,dID:AD,-0.39602000000000004
B_attacker_costs,0.1,0.1,0.1,1.0,0.2,0.05,dID,AD,dID:AD,-0.39602000000000004
B_attacker_costs,0.1,0.1,0.1,1.0,0.2,0.1,dID,AD,dID:AD,-0.39602000000000004
B_attacker_costs,0.1,0.1,0.1,1.0,0.2,0.15,dID,AD,dID:AD,-0.39602000000000004
B_attacker_costs,0.1,0.1,0.1,1.0,0.2,0.2,dID,A0,dID:A0,-0.2
B_attacker_costs,0.1,0.1,0.1,1.0,0.2,0.25,dID,A0,dID:A0,-0.2
B_attacker_costs,0.1,0.1,0.1,1.0,0.2,0.3,dID,A0,dID:A0,-0.2
B_attacker_costs,0.1,0.1,0.1,1.0,0.2,0.35,dID,A0,dID:A0,-0.2
B_attacker_costs,0.1,0.1,0.1,1.0,0.2,0.4,dID,A0,dID:A0,-0.2
B_attacker_costs,0.1,0.1,0.1,1.0,0.2,0.45,dI,A0,dI:A0,-0.1
B_attacker_costs,0.1,0.1,0.1,1.0,0.2,0.5,dI,A0,dI:A0,-0.1
B_attacker_costs,0.1,0.1,0.1,1.0,0.2,0.55,dI,A0,dI:A0,-0.1
B_attacker_costs,0.1,0.1,0.1,1.0,0.2,0.6,dI,A0,dI:A0,-0.1
B_attacker_costs,0.1,0.1,0.1,1.0,0.2,0.65,dI,A0,dI:A0,-0.1
B_attacker_costs,0.1,0.1,0.1,1.0,0.2,0.7,dI,A0,dI:A0,-0.1
B_attacker_costs,0.1,0.1,0.1,1.0,0.2,0.75,dI,A0,dI:A0,-0.1
B_attacker_costs,0.1,0.1,0.1,1.0,0.2,0.8,dI,A0,dI:A0,-0.1
B_attacker_costs,0.1,0.1,0.1,1.0,0.2,0.85,dI,A0,dI:A0,-0.1
B_attacker_costs,0.1,0.1,0.1,1.0,0.2,0.9,dI,A0,dI:A0,-0.1
B_attacker_costs,0.1,0.1,0.1,1.0,0.2,0.95,dI,A0,dI:A0,-0.1
B_attacker_costs,0.1,0.1,0.1,1.0,0.2,1.0,dI,A0,dI:A0,-0.1
B_attacker_costs,0.1,0.1,0.1,1.0,0.25,0.0,dID,AD,dID:AD,-0.39602000000000004
B_attacker_costs,0.1,0.1,0.1,1.0,0.25,0.05,dID,AD,dID:AD,-0.39602000000000004
B_attacker_costs,0.1,0.1,0.1,1.0,0.25,0.1,dID,AD,dID:AD,-0.39602000000000004
B_attacker_costs,0.1,0.1,0.1,1.0,0.25,0.15,dID,AD,dID:AD,-0.39602000000000004
B_attacker_costs,0.1,0.1,0.1,1.0,0.25,0.2,dID,A0,dID:A0,-0.2
B_attacker_costs,0.1,0.1,0.1,1.0,0.25,0.25,dID,A0,dID:A0,-0.2
B_attacker_costs,0.1,0.1,0.1,1.0,0.25,0.3,dID,A0,dID:A0,-0.2
B_attacker_costs,0.1,0.1,0.1,1.0,0.25,0.35,dID,A0,dID:A0,-0.2
B_attacker_costs,0.1,0.1,0.1,1.0,0.25,0.4,dID,A0,dID:A0,-0.2
B_attacker_costs,0.1,0.1,0.1,1.0,0.25,0.45,dI,A0,dI:A0,-0.1
B_attacker_costs,0.1,0.1,0.1,1.0,0.25,0.5,dI,A0,dI:A0,-0.1
B_attacker_costs,0.1,0.1,0.1,1.0,0.25,0.55,dI,A0,dI:A0,-0.1
B_attacker_costs,0.1,0.1,0.1,1.0,0.25,0.6,dI,A0,dI:A0,-0.1
B_attacker_costs,0.1,0.1,0.1,1.0,0.25,0.65,dI,A0,dI:A0,-0.1
B_attacker_costs,0.1,0.1,0.1,1.0,0.25,0.7,dI,A0,dI:A0,-0.1
B_attacker_costs,0.1,0.1,0.1,1.0,0.25,0.75,dI,A0,dI:A0,-0.1
B_attacker_costs,0.1,0.1,0.1,1.0,0.25,0.8,dI,A0,dI:A0,-0.1
B_attacker_costs,0.1,0.1,0.1,1.0,0.25,0.85,dI,A0,dI:A0,-0.1
B_attacker_costs,0.1,0.1,0.1,1.0,0.25,0.9,dI,A0,dI:A0,-0.1
B_attacker_costs,0.1,0.1,0.1,1.0,0.25,0.95,dI,A0,dI:A0,-0.1
B_attacker_costs,0.1,0.1,0.1,1.0,0.25,1.0,dI,A0,dI:A0,-0.1
B_attacker_costs,0.1,0.1,0.1,1.0,0.3,0.0,dID,AD,dID:AD,-0.39602000000000004
B_attacker_costs,0.1,0.1,0.1,1.0,0.3,0.05,dID,AD,dID:AD,-0.39602000000000004
B_attacker_costs,0.1,0.1,0.1,1.0,0.3,0.1,dID,AD,dID:AD,-0.39602000000000004
B_attacker_costs,0.1,0.1,0.1,1.0,0.3,0.15,dID,AD,dID:AD,-0.39602000000000004
B_attacker_costs,0.1,0.1,0.1,1.0,0.3,0.2,dID,A0,dID:A0,-0.2
B_attacker_costs,0.1,0.1,0.1,1.0,0.3,0.25,dID,A0,dID:A0,-0.2
B_attacker_costs,0.1,0.1,0.1,1.0,0.3,0.3,dID,A0,dID:A0,-0.2
B_attacker_costs,0.1,0.1,0.1,1.0,0.3,0.35,dID,A0,dID:A0,-0.2
B_attacker_costs,0.1,0.1,0.1,1.0,0.3,0.4,dID,A0,dID:A0,-0.2
B_attacker_costs,0.1,0.1,0.1,1.0,0.3,0.45,dI,A0,dI:A0,-0.1
B_attacker_costs,0.1,0.1,0.1,1.0,0.3,0.5,dI,A0,dI:A0,-0.1
B_attacker_costs,0.1,0.1,0.1,1.0,0.3,0.55,dI,A0,dI:A0,-0.1
B_attacker_costs,0.1,0.1,0.1,1.0,0.3,0.6,dI,A0,dI:A0,-0.1
B_attacker_costs,0.1,0.1,0.1,1.0,0.3,0.65,dI,A0,dI:A0,-0.1
B_attacker_costs,0.1,0.1,0.1,1.0,0.3,0.7,dI,A0,dI:A0,-0.1
B_attacker_costs,0.1,0.1,0.1,1.0,0.3,0.75,dI,A0,dI:A0,-0.1
B_attacker_costs,0.1,0.1,0.1,1.0,0.3,0.8,dI,A0,dI:A0,-0.1
B_attacker_costs,0.1,0.1,0.1,1.0,0.3,0.85,dI,A0,dI:A0,-0.1
B_attacker_costs,0.1,0.1,0.1,1.0,0.3,0.9,dI,A0,dI:A0,-0.1
B_attacker_costs,0.1,0.1,0.1,1.0,0.3,0.95,dI,A0,dI:A0,-0.1
B_attacker_costs,0.1,0.1,0.1,1.0,0.3,1.0,dI,A0,dI:A0,-0.1
B_attacker_costs,0.1,0.1,0.1,1.0,0.35,0.0,dID,AD,dID:AD,-0.39602000000000004
B_attacker_costs,0.1,0.1,0.1,1.0,0.35,0.05,dID,AD,dID:AD,-0.39602000000000004
B_attacker_costs,0.1,0.1,0.1,1.0,0.35,0.1,dID,AD,dID:AD,-0.39602000000000004
B_attacker_costs,0.1,0.1,0.1,1.0,0.35,0.15,dID,AD,dID:AD,-0.39602000000000004
B_attacker_costs,0.1,0.1,0.1,1.0,0.35,0.2,dID,A0,dID:A0,-0.2
B_attacker_costs,0.1,0.1,0.1,1.0,0.35,0.25,dID,A0,dID:A0,-0.2
B_attacker_costs,0.1,0.1,0.1,1.0,0.35,0.3,dID,A0,dID:A0,-0.2
B_attacker_costs,0.1,0.1,0.1,1.0,0.35,0.35,dID,A0,dID:A0,-0.2
B_attacker_costs,0.1,0.1,0.1,1.0,0.35,0.4,dID,A0,dID:A0,-0.2
B_attacker_costs,0.1,0.1,0.1,1.0,0.35,0.45,dI,A0,dI:A0,-0.1
B_attacker_costs,0.1,0.1,0.1,1.0,0.35,0.5,dI,A0,dI:A0,-0.1
B_attacker_costs,0.1,0.1,0.1,1.0,0.35,0.55,dI,A0,dI:A0,-0.1
B_attacker_costs,0.1,0.1,0.1,1.0,0.35,0.6,dI,A0,dI:A0,-0.1
B_attacker_costs,0.1,0.1,0.1,1.0,0.35,0.65,dI,A0,dI:A0,-0.1
B_attacker_costs,0.1,0.1,0.1,1.0,0.35,0.7,dI,A0,dI:A0,-0.1
B_attacker_costs,0.1,0.1,0.1,1.0,0.35,0.75,dI,A0,dI:A0,-0.1
B_attacker_costs,0.1,0.1,0.1,1.0,0.35,0.8,dI,A0,dI:A0,-0.1
B_attacker_costs,0.1,0.1,0.1,1.0,0.35,0.85,dI,A0,dI:A0,-0.1
B_attacker_costs,0.1,0.1,0.1,1.0,0.35,0.9,dI,A0,dI:A0,-0.1
B_attacker_costs,0.1,0.1,0.1,1.0,0.35,0.95,dI,A0,dI:A0,-0.1
B_attacker_costs,0.1,0.1,0.1,1.0,0.35,1.0,dI,A0,dI:A0,-0.1
B_attacker_costs,0.1,0.1,0.1,1.0,0.4,0.0,dID,AD,dID:AD,-0.39602000000000004
B_attacker_costs,0.1,0.1,0.1,1.0,0.4,0.05,dID,AD,dID:AD,-0.39602000000000004
B_attacker_costs,0.1,0.1,0.1,1.0,0.4,0.1,dID,AD,dID:AD,-0.39602000000000004
B_attacker_costs,0.1,0.1,0.1,1.0,0.4,0.15,dID,AD,dID:AD,-0.39602000000000004
B_attacker_costs,0.1,0.1,0.1,1.0,0.4,0.2,dID,A0,dID:A0,-0.2
B_attacker_costs,0.1,0.1,0.1,1.0,0.4,0.25,dID,A0,dID:A0,-0.2
B_attacker_costs,0.1,0.1,0.1,1.0,0.4,0.3,dID,A0,dID:A0,-0.2
B_attacker_costs,0.1,0.1,0.1,1.0,0.4,0.35,dID,A0,dID:A0,-0.2
B_attacker_costs,0.1,0.1,0.1,1.0,0.4,0.4,dID,A0,dID:A0,-0.2
B_attacker_costs,0.1,0.1,0.1,1.0,0.4,0.45,dI,A0,dI:A0,-0.1
B_attacker_costs,0.1,0.1,0.1,1.0,0.4,0.5,dI,A0,dI:A0,-0.1
B_attacker_costs,0.1,0.1,0.1,1.0,0.4,0.55,dI,A0,dI:A0,-0.1
B_attacker_costs,0.1,0.1,0.1,1.0,0.4,0.6,dI,A0,dI:A0,-0.1
B_attacker_costs,0.1,0.1,0.1,1.0,0.4,0.65,dI,A0,dI:A0,-0.1
B_attacker_costs,0.1,0.1,0.1,1.0,0.4,0.7,dI,A0,dI:A0,-0.1
B_attacker_costs,0.1,0.1,0.1,1.0,0.4,0.75,dI,A0,dI:A0,-0.1
B_attacker_costs,0.1,0.1,0.1,1.0,0.4,0.8,dI,A0,dI:A0,-0.1
B_attacker_costs,0.1,0.1,0.1,1.0,0.4,0.85,dI,A0,dI:A0,-0.1
B_attacker_costs,0.1,0.1,0.1,1.0,0.4,0.9,dI,A0,dI:A0,-0.1
B_attacker_costs,0.1,0.1,0.1,1.0,0.4,0.95,dI,A0,dI:A0,-0.1
B_attacker_costs,0.1,0.1,0.1,1.0,0.4,1.0,dI,A0,dI:A0,-0.1
B_attacker_costs,0.1,0.1,0.1,1.0,0.45,0.0,dID,AD,dID:AD,-0.39602000000000004
B_attacker_costs,0.1,0.1,0.1,1.0,0.45,0.05,dID,AD,dID:AD,-0.39602000000000004
B_attacker_costs,0.1,0.1,0.1,1.0,0.45,0.1,dID,AD,dID:AD,-0.39602000000000004
B_attacker_costs,0.1,0.1,0.1,1.0,0.45,0.15,dID,AD,dID:AD,-0.39602000000000004
B_attacker_costs,0.1,0.1,0.1,1.0,0.45,0.2,dID,A0,dID:A0,-0.2
B_attacker_costs,0.1,0.1,0.1,1.0,0.45,0.25,dID,A0,dID:A0,-0.2
B_attacker_costs,0.1,0.1,0.1,1.0,0.45,0.3,dID,A0,dID:A0,-0.2
B_attacker_costs,0.1,0.1,0.1,1.0,0.45,0.35,dID,A0,dID:A0,-0.2
B_attacker_costs,0.1,0.1,0.1,1.0,0.45,0.4,dID,A0,dID:A0,-0.2
B_attacker_costs,0.1,0.1,0.1,1.0,0.45,0.45,dI,A0,dI:A0,-0.1
B_attacker_costs,0.1,0.1,0.1,1.0,0.45,0.5,dI,A0,dI:A0,-0.1
B_attacker_costs,0.1,0.1,0.1,1.0,0.45,0.55,dI,A0,dI:A0,-0.1
B_attacker_costs,0.1,0.1,0.1,1.0,0.45,0.6,dI,A0,dI:A0,-0.1
B_attacker_costs,0.1,0.1,0.1,1.0,0.45,0.65,dI,A0,dI:A0,-0.1
B_attacker_costs,0.1,0.1,0.1,1.0,0.45,0.7,dI,A0,dI:A0,-0.1
B_attacker_costs,0.1,0.1,0.1,1.0,0.45,0.75,dI,A0,dI:A0,-0.1
B_attacker_costs,0.1,0.1,0.1,1.0,0.45,0.8,dI,A0,dI:A0,-0.1
B_attacker_costs,0.1,0.1,0.1,1.0,0.45,0.85,dI,A0,dI:A0,-0.1
B_attacker_costs,0.1,0.1,0.1,1.0,0.45,0.9,dI,A0,dI:A0,-0.1
B_attacker_costs,0.1,0.1,0.1,1.0,0.45,0.95,dI,A0,dI:A0,-0.1
B_attacker_costs,0.1,0.1,0.1,1.0,0.45,1.0,dI,A0,dI:A0,-0.1
B_attacker_costs,0.1,0.1,0.1,1.0,0.5,0.0,dID,AD,dID:AD,-0.39602000000000004
B_attacker_costs,0.1,0.1,0.1,1.0,0.5,0.05,dID,AD,dID:AD,-0.39602000000000004
B_attacker_costs,0.1,0.1,0.1,1.0,0.5,0.1,dID,AD,dID:AD,-0.39602000000000004
B_attacker_costs,0.1,0.1,0.1,1.0,0.5,0.15,dID,AD,dID:AD,-0.39602000000000004
B_attacker_costs,0.1,0.1,0.1,1.0,0.5,0.2,dID,A0,dID:A0,-0.2
B_attacker_costs,0.1,0.1,0.1,1.0,0.5,0.25,dID,A0,dID:A0,-0.2
B_attacker_costs,0.1,0.1,0.1,1.0,0.5,0.3,dID,A0,dID:A0,-0.2
B_attacker_costs,0.1,0.1,0.1,1.0,0.5,0.35,dID,A0,dID:A0,-0.2
B_attacker_costs,0.1,0.1,0.1,1.0,0.5,0.4,dID,A0,dID:A0,-0.2
B_attacker_costs,0.1,0.1,0.1,1.0,0.5,0.45,dI,A0,dI:A0,-0.1
B_attacker_costs,0.1,0.1,0.1,1.0,0.5,0.5,dI,A0,dI:A0,-0.1
B_attacker_costs,0.1,0.1,0.1,1.0,0.5,0.55,dI,A0,dI:A0,-0.1
B_attacker_costs,0.1,0.1,0.1,1.0,0.5,0.6,dI,A0,dI:A0,-0.1
B_attacker_costs,0.1,0.1,0.1,1.0,0.5,0.65,dI,A0,dI:A0,-0.1
B_attacker_costs,0.1,0.1,0.1,1.0,0.5,0.7,dI,A0,dI:A0,-0.1
B_attacker_costs,0.1,0.1,0.1,1.0,0.5,0.75,dI,A0,dI:A0,-0.1
B_attacker_costs,0.1,0.1,0.1,1.0,0.5,0.8,dI,A0,dI:A0,-0.1
B_attacker_costs,0.1,0.1,0.1,1.0,0.5,0.85,dI,A0,dI:A0,-0.1
B_attacker_costs,0.1,0.1,0.1,1.0,0.5,0.9,dI,A0,dI:A0,-0.1
B_attacker_costs,0.1,0.1,0.1,1.0,0.5,0.95,dI,A0,dI:A0,-0.1
B_attacker_costs,0.1,0.1,0.1,1.0,0.5,1.0,dI,A0,dI:A0,-0.1
B_attacker_costs,0.1,0.1,0.1,1.0,0.55,0.0,dID,AD,dID:AD,-0.39602000000000004
B_attacker_costs,0.1,0.1,0.1,1.0,0.55,0.05,dID,AD,dID:AD,-0.39602000000000004
B_attacker_costs,0.1,0.1,0.1,1.0,0.55,0.1,dID,AD,dID:AD,-0.39602000000000004
B_attacker_costs,0.1,0.1,0.1,1.0,0.55,0.15,dID,AD,dID:AD,-0.39602000000000004
B_attacker_costs,0.1,0.1,0.1,1.0,0.55,0.2,dID,A0,dID:A0,-0.2
B_attacker_costs,0.1,0.1,0.1,1.0,0.55,0.25,dID,A0,dID:A0,-0.2
B_attacker_costs,0.1,0.1,0.1,1.0,0.55,0.3,dID,A0,dID:A0,-0.2
B_attacker_costs,0.1,0.1,0.1,1.0,0.55,0.35,dID,A0,dID:A0,-0.2
B_attacker_costs,0.1,0.1,0.1,1.0,0.55,0.4,dID,A0,dID:A0,-0.2
B_attacker_costs,0.1,0.1,0.1,1.0,0.55,0.45,dI,A0,dI:A0,-0.1
B_attacker_costs,0.1,0.1,0.1,1.0,0.55,0.5,dI,A0,dI:A0,-0.1
B_attacker_costs,0.1,0.1,0.1,1.0,0.55,0.55,dI,A0,dI:A0,-0.1
B_attacker_costs,0.1,0.1,0.1,1.0,0.55,0.6,dI,A0,dI:A0,-0.1
B_attacker_costs,0.1,0.1,0.1,1.0,0.55,0.65,dI,A0,dI:A0,-0.1
B_attacker_costs,0.1,0.1,0.1,1.0,0.55,0.7,dI,A0,dI:A0,-0.1
B_attacker_costs,0.1,0.1,0.1,1.0,0.55,0.75,dI,A0,dI:A0,-0.1
B_attacker_costs,0.1,0.1,0.1,1.0,0.55,0.8,dI,A0,dI:A0,-0.1
B_attacker_costs,0.1,0.1,0.1,1.0,0.55,0.85,dI,A0,dI:A0,-0.1
B_attacker_costs,0.1,0.1,0.1,1.0,0.55,0.9,dI,A0,dI:A0,-0.1
B_attacker_costs,0.1,0.1,0.1,1.0,0.55,0.95,dI,A0,dI:A0,-0.1
B_attacker_costs,0.1,0.1,0.1,1.0,0.55,1.0,dI,A0,dI:A0,-0.1
B_attacker_costs,0.1,0.1,0.1,1.0,0.6,0.0,dID,AD,dID:AD,-0.39602000000000004
B_attacker_costs,0.1,0.1,0.1,1.0,0.6,0.05,dID,AD,dID:AD,-0.39602000000000004
B_attacker_costs,0.1,0.1,0.1,1.0,0.6,0.1,dID,AD,dID:AD,-0.39602000000000004
B_attacker_costs,0.1,0.1,0.1,1.0,0.6,0.15,dID,AD,dID:AD,-0.39602000000000004
B_attacker_costs,0.1,0.1,0.1,1.0,0.6,0.2,dID,A0,dID:A0,-0.2
B_attacker_costs,0.1,0.1,0.1,1.0,0.6,0.25,dID,A0,dID:A0,-0.2
B_attacker_costs,0.1,0.1,0.1,1.0,0.6,0.3,dID,A0,dID:A0,-0.2
B_attacker_costs,0.1,0.1,0.1,1.0,0.6,0.35,dID,A0,dID:A0,-0.2
B_attacker_costs,0.1,0.1,0.1,1.0,0.6,0.4,dID,A0,dID:A0,-0.2
B_attacker_costs,0.1,0.1,0.1,1.0,0.6,0.45,dI,A0,dI:A0,-0.1
B_attacker_costs,0.1,0.1,0.1,1.0,0.6,0.5,dI,A0,dI:A0,-0.1
B_attacker_costs,0.1,0.1,0.1,1.0,0.6,0.55,dI,A0,dI:A0,-0.1
B_attacker_costs,0.1,0.1,0.1,1.0,0.6,0.6,dI,A0,dI:A0,-0.1
B_attacker_costs,0.1,0.1,0.1,1.0,0.6,0.65,dI,A0,dI:A0,-0.1
B_attacker_costs,0.1,0.1,0.1,1.0,0.6,0.7,dI,A0,dI:A0,-0.1
B_attacker_costs,0.1,0.1,0.1,1.0,0.6,0.75,dI,A0,dI:A0,-0.1
B_attacker_costs,0.1,0.1,0.1,1.0,0.6,0.8,dI,A0,dI:A0,-0.1
B_attacker_costs,0.1,0.1,0.1,1.0,0.6,0.85,dI,A0,dI:A0,-0.1
B_attacker_costs,0.1,0.1,0.1,1.0,0.6,0.9,dI,A0,dI:A0,-0.1
B_attacker_costs,0.1,0.1,0.1,1.0,0.6,0.95,dI,A0,dI:A0,-0.1
B_attacker_costs,0.1,0.1,0.1,1.0,0.6,1.0,dI,A0,dI:A0,-0.1
B_attacker_costs,0.1,0.1,0.1,1.0,0.65,0.0,dID,AD,dID:AD,-0.39602000000000004
B_attacker_costs,0.1,0.1,0.1,1.0,0.65,0.05,dID,AD,dID:AD,-0.39602000000000004
B_attacker_costs,0.1,0.1,0.1,1.0,0.65,0.1,dID,AD,dID:AD,-0.39602000000000004
B_attacker_costs,0.1,0.1,0.1,1.0,0.65,0.15,dID,AD,dID:AD,-0.39602000000000004
B_attacker_costs,0.1,0.1,0.1,1.0,0.65,0.2,dID,A0,dID:A0,-0.2
B_attacker_costs,0.1,0.1,0.1,1.0,0.65,0.25,dID,A0,dID:A0,-0.2
B_attacker_costs,0.1,0.1,0.1,1.0,0.65,0.3,dID,A0,dID:A0,-0.2
B_attacker_costs,0.1,0.1,0.1,1.0,0.65,0.35,dID,A0,dID:A0,-0.2
B_attacker_costs,0.1,0.1,0.1,1.0,0.65,0.4,dID,A0,dID:A0,-0.2
B_attacker_costs,0.1,0.1,0.1,1.0,0.65,0.45,dI,A0,dI:A0,-0.1
B_attacker_costs,0.1,0.1,0.1,1.0,0.65,0.5,dI,A0,dI:A0,-0.1
B_attacker_costs,0.1,0.1,0.1,1.0,0.65,0.55,dI,A0,dI:A0,-0.1
B_attacker_costs,0.1,0.1,0.1,1.0,0.65,0.6,dI,A0,dI:A0,-0.1
B_attacker_costs,0.1,0.1,0.1,1.0,0.65,0.65,dI,A0,dI:A0,-0.1
B_attacker_costs,0.1,0.1,0.1,1.0,0.65,0.7,dI,A0,dI:A0,-0.1
B_attacker_costs,0.1,0.1,0.1,1.0,0.65,0.75,dI,A0,dI:A0,-0.1
B_attacker_costs,0.1,0.1,0.1,1.0,0.65,0.8,dI,A0,dI:A0,-0.1
B_attacker_costs,0.1,0.1,0.1,1.0,0.65,0.85,dI,A0,dI:A0,-0.1
B_attacker_costs,0.1,0.1,0.1,1.0,0.65,0.9,dI,A0,dI:A0,-0.1
B_attacker_costs,0.1,0.1,0.1,1.0,0.65,0.95,dI,A0,dI:A0,-0.1
B_attacker_costs,0.1,0.1,0.1,1.0,0.65,1.0,dI,A0,dI:A0,-0.1
B_attacker_costs,0.1,0.1,0.1,1.0,0.7,0.0,dID,AD,dID:AD,-0.39602000000000004
B_attacker_costs,0.1,0.1,0.1,1.0,0.7,0.05,dID,AD,dID:AD,-0.39602000000000004
B_attacker_costs,0.1,0.1,0.1,1.0,0.7,0.1,dID,AD,dID:AD,-0.39602000000000004
B_attacker_costs,0.1,0.1,0.1,1.0,0.7,0.15,dID,AD,dID:AD,-0.39602000000000004
B_attacker_costs,0.1,0.1,0.1,1.0,0.7,0.2,dID,A0,dID:A0,-0.2
B_attacker_costs,0.1,0.1,0.1,1.0,0.7,0.25,dID,A0,dID:A0,-0.2
B_attacker_costs,0.1,0.1,0.1,1.0,0.7,0.3,dID,A0,dID:A0,-0.2
B_attacker_costs,0.1,0.1,0.1,1.0,0.7,0.35,dID,A0,dID:A0,-0.2
B_attacker_costs,0.1,0.1,0.1,1.0,0.7,0.4,dID,A0,dID:A0,-0.2
B_attacker_costs,0.1,0.1,0.1,1.0,0.7,0.45,dI,A0,dI:A0,-0.1
B_attacker_costs,0.1,0.1,0.1,1.0,0.7,0.5,dI,A0,dI:A0,-0.1
B_attacker_costs,0.1,0.1,0.1,1.0,0.7,0.55,dI,A0,dI:A0,-0.1
B_attacker_costs,0.1,0.1,0.1,1.0,0.7,0.6,dI,A0,dI:A0,-0.1
B_attacker_costs,0.1,0.1,0.1,1.0,0.7,0.65,dI,A0,dI:A0,-0.1
B_attacker_costs,0.1,0.1,0.1,1.0,0.7,0.7,dI,A0,dI:A0,-0.1
B_attacker_costs,0.1,0.1,0.1,1.0,0.7,0.75,dI,A0,dI:A0,-0.1
B_attacker_costs,0.1,0.1,0.1,1.0,0.7,0.8,dI,A0,dI:A0,-0.1
B_attacker_costs,0.1,0.1,0.1,1.0,0.7,0.85,dI,A0,dI:A0,-0.1
B_attacker_costs,0.1,0.1,0.1,1.0,0.7,0.9,dI,A0,dI:A0,-0.1
B_attacker_costs,0.1,0.1,0.1,1.0,0.7,0.95,dI,A0,dI:A0,-0.1
B_attacker_costs,0.1,0.1,0.1,1.0,0.7,1.0,dI,A0,dI:A0,-0.1
B_attacker_costs,0.1,0.1,0.1,1.0,0.75,0.0,dID,AD,dID:AD,-0.39602000000000004
B_attacker_costs,0.1,0.1,0.1,1.0,0.75,0.05,dID,AD,dID:AD,-0.39602000000000004
B_attacker_costs,0.1,0.1,0.1,1.0,0.75,0.1,dID,AD,dID:AD,-0.39602000000000004
B_attacker_costs,0.1,0.1,0.1,1.0,0.75,0.15,dID,AD,dID:AD,-0.39602000000000004
B_attacker_costs,0.1,0.1,0.1,1.0,0.75,0.2,dID,A0,dID:A0,-0.2
B_attacker_costs,0.1,0.1,0.1,1.0,0.75,0.25,dID,A0,dID:A0,-0.2
B_attacker_costs,0.1,0.1,0.1,1.0,0.75,0.3,dID,A0,dID:A0,-0.2
B_attacker_costs,0.1,0.1,0.1,1.0,0.75,0.35,dID,A0,dID:A0,-0.2
B_attacker_costs,0.1,0.1,0.1,1.0,0.75,0.4,dID,A0,dID:A0,-0.2
B_attacker_costs,0.1,0.1,0.1,1.0,0.75,0.45,dI,A0,dI:A0,-0.1
B_attacker_costs,0.1,0.1,0.1,1.0,0.75,0.5,dI,A0,dI:A0,-0.1
B_attacker_costs,0.1,0.1,0.1,1.0,0.75,0.55,dI,A0,dI:A0,-0.1
B_attacker_costs,0.1,0.1,0.1,1.0,0.75,0.6,dI,A0,dI:A0,-0.1
B_attacker_costs,0.1,0.1,0.1,1.0,0.75,0.65,dI,A0,dI:A0,-0.1
B_attacker_costs,0.1,0.1,0.1,1.0,0.75,0.7,dI,A0,dI:A0,-0.1
B_attacker_costs,0.1,0.1,0.1,1.0,0.75,0.75,dI,A0,dI:A0,-0.1
B_attacker_costs,0.1,0.1,0.1,1.0,0.75,0.8,dI,A0,dI:A0,-0.1
B_attacker_costs,0.1,0.1,0.1,1.0,0.75,0.85,dI,A0,dI:A0,-0.1
B_attacker_costs,0.1,0.1,0.1,1.0,0.75,0.9,dI,A0,dI:A0,-0.1
B_attacker_costs,0.1,0.1,0.1,1.0,0.75,0.95,dI,A0,dI:A0,-0.1
B_attacker_costs,0.1,0.1,0.1,1.0,0.75,1.0,dI,A0,dI:A0,-0.1
B_attacker_costs,0.1,0.1,0.1,1.0,0.8,0.0,dID,AD,dID:AD,-0.39602000000000004
B_attacker_costs,0.1,0.1,0.1,1.0,0.8,0.05,dID,AD,dID:AD,-0.39602000000000004
B_attacker_costs,0.1,0.1,0.1,1.0,0.8,0.1,dID,AD,dID:AD,-0.39602000000000004
B_attacker_costs,0.1,0.1,0.1,1.0,0.8,0.15,dID,AD,dID:AD,-0.39602000000000004
B_attacker_costs,0.1,0.1,0.1,1.0,0.8,0.2,dID,A0,dID:A0,-0.2
B_attacker_costs,0.1,0.1,0.1,1.0,0.8,0.25,dID,A0,dID:A0,-0.2
B_attacker_costs,0.1,0.1,0.1,1.0,0.8,0.3,dID,A0,dID:A0,-0.2
B_attacker_costs,0.1,0.1,0.1,1.0,0.8,0.35,dID,A0,dID:A0,-0.2
B_attacker_costs,0.1,0.1,0.1,1.0,0.8,0.4,dID,A0,dID:A0,-0.2
B_attacker_costs,0.1,0.1,0.1,1.0,0.8,0.45,dI,A0,dI:A0,-0.1
B_attacker_costs,0.1,0.1,0.1,1.0,0.8,0.5,dI,A0,dI:A0,-0.1
B_attacker_costs,0.1,0.1,0.1,1.0,0.8,0.55,dI,A0,dI:A0,-0.1
B_attacker_costs,0.1,0.1,0.1,1.0,0.8,0.6,dI,A0,dI:A0,-0.1
B_attacker_costs,0.1,0.1,0.1,1.0,0.8,0.65,dI,A0,dI:A0,-0.1
B_attacker_costs,0.1,0.1,0.1,1.0,0.8,0.7,dI,A0,dI:A0,-0.1
B_attacker_costs,0.1,0.1,0.1,1.0,0.8,0.75,dI,A0,dI:A0,-0.1
B_attacker_costs,0.1,0.1,0.1,1.0,0.8,0.8,dI,A0,dI:A0,-0.1
B_attacker_costs,0.1,0.1,0.1,1.0,0.8,0.85,dI,A0,dI:A0,-0.1
B_attacker_costs,0.1,0.1,0.1,1.0,0.8,0.9,dI,A0,dI:A0,-0.1
B_attacker_costs,0.1,0.1,0.1,1.0,0.8,0.95,dI,A0,dI:A0,-0.1
B_attacker_costs,0.1,0.1,0.1,1.0,0.8,1.0,dI,A0,dI:A0,-0.1
B_attacker_costs,0.1,0.1,0.1,1.0,0.85,0.0,dD,AD,dD:AD,-0.29602
B_attacker_costs,0.1,0.1,0.1,1.0,0.85,0.05,dID,AD,dID:AD,-0.39602000000000004
B_attacker_costs,0.1,0.1,0.1,1.0,0.85,0.1,dID,AD,dID:AD,-0.39602000000000004
B_attacker_costs,0.1,0.1,0.1,1.0,0.85,0.15,dID,AD,dID:AD,-0.39602000000000004
B_attacker_costs,0.1,0.1,0.1,1.0,0.85,0.2,dID,A0,dID:A0,-0.2
B_attacker_costs,0.1,0.1,0.1,1.0,0.85,0.25,dID,A0,dID:A0,-0.2
B_attacker_costs,0.1,0.1,0.1,1.0,0.85,0.3,dID,A0,dID:A0,-0.2
B_attacker_costs,0.1,0.1,0.1,1.0,0.85,0.35,dID,A0,dID:A0,-0.2
B_attacker_costs,0.1,0.1,0.1,1.0,0.85,0.4,dID,A0,dID:A0,-0.2
B_attacker_costs,0.1,0.1,0.1,1.0,0.85,0.45,dI,A0,dI:A0,-0.1
B_attacker_costs,0.1,0.1,0.1,1.0,0.85,0.5,dI,A0,dI:A0,-0.1
B_attacker_costs,0.1,0.1,0.1,1.0,0.85,0.55,dI,A0,dI:A0,-0.1
B_attacker_costs,0.1,0.1,0.1,1.0,0.85,0.6,dI,A0,dI:A0,-0.1
B_attacker_costs,0.1,0.1,0.1,1.0,0.85,0.65,dI,A0,dI:A0,-0.1
B_attacker_costs,0.1,0.1,0.1,1.0,0.85,0.7,dI,A0,dI:A0,-0.1
B_attacker_costs,0.1,0.1,0.1,1.0,0.85,0.75,dI,A0,dI:A0,-0.1
B_attacker_costs,0.1,0.1,0.1,1.0,0.85,0.8,dI,A0,dI:A0,-0.1
B_attacker_costs,0.1,0.1,0.1,1.0,0.85,0.85,dI,A0,dI:A0,-0.1
B_attacker_costs,0.1,0.1,0.1,1.0,0.85,0.9,dI,A0,dI:A0,-0.1
B_attacker_costs,0.1,0.1,0.1,1.0,0.85,0.95,dI,A0,dI:A0,-0.1
B_attacker_costs,0.1,0.1,0.1,1.0,0.85,1.0,dI,A0,dI:A0,-0.1
B_attacker_costs,0.1,0.1,0.1,1.0,0.9,0.0,dD,AD,dD:AD,-0.29602
B_attacker_costs,0.1,0.1,0.1,1.0,0.9,0.05,dD,AD,dD:AD,-0.29602
B_attacker_costs,0.1,0.1,0.1,1.0,0.9,0.1,dID,AD,dID:AD,-0.39602000000000004
B_attacker_costs,0.1,0.1,0.1,1.0,0.9,0.15,dID,AD,dID:AD,-0.39602000000000004
B_attacker_costs,0.1,0.1,0.1,1.0,0.9,0.2,dID,A0,dID:A0,-0.2
B_attacker_costs,0.1,0.1,0.1,1.0,0.9,0.25,dID,A0,dID:A0,-0.2
B_attacker_costs,0.1,0.1,0.1,1.0,0.9,0.3,dID,A0,dID:A0,-0.2
B_attacker_costs,0.1,0.1,0.1,1.0,0.9,0.35,dID,A0,dID:A0,-0.2
B_attacker_costs,0.1,0.1,0.1,1.0,0.9,0.4,dID,A0,dID:A0,-0.2
B_attacker_costs,0.1,0.1,0.1,1.0,0.9,0.45,dI,A0,dI:A0,-0.1
B_attacker_costs,0.1,0.1,0.1,1.0,0.9,0.5,dI,A0,dI:A0,-0.1
B_attacker_costs,0.1,0.1,0.1,1.0,0.9,0.55,dI,A0,dI:A0,-0.1
B_attacker_costs,0.1,0.1,0.1,1.0,0.9,0.6,dI,A0,dI:A0,-0.1
B_attacker_costs,0.1,0.1,0.1,1.0,0.9,0.65,dI,A0,dI:A0,-0.1
B_attacker_costs,0.1,0.1,0.1,1.0,0.9,0.7,dI,A0,dI:A0,-0.1
B_attacker_costs,0.1,0.1,0.1,1.0,0.9,0.75,dI,A0,dI:A0,-0.1
B_attacker_costs,0.1,0.1,0.1,1.0,0.9,0.8,dI,A0,dI:A0,-0.1
B_attacker_costs,0.1,0.1,0.1,1.0,0.9,0.85,dI,A0,dI:A0,-0.1
B_attacker_costs,0.1,0.1,0.1,1.0,0.9,0.9,dI,A0,dI:A0,-0.1
B_attacker_costs,0.1,0.1,0.1,1.0,0.9,0.95,dI,A0,dI:A0,-0.1
B_attacker_costs,0.1,0.1,0.1,1.0,0.9,1.0,dI,A0,dI:A0,-0.1
B_attacker_costs,0.1,0.1,0.1,1.0,0.95,0.0,dD,AD,dD:AD,-0.29602
B_attacker_costs,0.1,0.1,0.1,1.0,0.95,0.05,dD,AD,dD:AD,-0.29602
B_attacker_costs,0.1,0.1,0.1,1.0,0.95,0.1,dD,AD,dD:AD,-0.29602
B_attacker_costs,0.1,0.1,0.1,1.0,0.95,0.15,dID,AD,dID:AD,-0.39602000000000004
B_attacker_costs,0.1,0.1,0.1,1.0,0.95,0.2,dID,A0,dID:A0,-0.2
B_attacker_costs,0.1,0.1,0.1,1.0,0.95,0.25,dID,A0,dID:A0,-0.2
B_attacker_costs,0.1,0.1,0.1,1.0,0.95,0.3,dID,A0,dID:A0,-0.2
B_attacker_costs,0.1,0.1,0.1,1.0,0.95,0.35,dID,A0,dID:A0,-0.2
B_attacker_costs,0.1,0.1,0.1,1.0,0.95,0.4,dID,A0,dID:A0,-0.2
B_attacker_costs,0.1,0.1,0.1,1.0,0.95,0.45,dI,A0,dI:A0,-0.1
B_attacker_costs,0.1,0.1,0.1,1.0,0.95,0.5,dI,A0,dI:A0,-0.1
B_attacker_costs,0.1,0.1,0.1,1.0,0.95,0.55,dI,A0,dI:A0,-0.1
B_attacker_costs,0.1,0.1,0.1,1.0,0.95,0.6,dI,A0,dI:A0,-0.1
B_attacker_costs,0.1,0.1,0.1,1.0,0.95,0.65,dI,A0,dI:A0,-0.1
B_attacker_costs,0.1,0.1,0.1,1.0,0.95,0.7,dI,A0,dI:A0,-0.1
B_attacker_costs,0.1,0.1,0.1,1.0,0.95,0.75,dI,A0,dI:A0,-0.1
B_attacker_costs,0.1,0.1,0.1,1.0,0.95,0.8,dI,A0,dI:A0,-0.1
B_attacker_costs,0.1,0.1,0.1,1.0,0.95,0.85,dI,A0,dI:A0,-0.1
B_attacker_costs,0.1,0.1,0.1,1.0,0.95,0.9,dI,A0,dI:A0,-0.1
B_attacker_costs,0.1,0.1,0.1,1.0,0.95,0.95,dI,A0,dI:A0,-0.1
B_attacker_costs,0.1,0.1,0.1,1.0,0.95,1.0,dI,A0,dI:A0,-0.1
B_attacker_costs,0.1,0.1,0.1,1.0,1.0,0.0,dD,AD,dD:AD,-0.29602
B_attacker_costs,0.1,0.1,0.1,1.0,1.0,0.05,dD,AD,dD:AD,-0.29602
B_attacker_costs,0.1,0.1,0.1,1.0,1.0,0.1,dD,AD,dD:AD,-0.29602
B_attacker_costs,0.1,0.1,0.1,1.0,1.0,0.15,dD,AD,dD:AD,-0.29602
B_attacker_costs,0.1,0.1,0.1,1.0,1.0,0.2,dD,A0,dD:A0,-0.1
B_attacker_costs,0.1,0.1,0.1,1.0,1.0,0.25,dD,A0,dD:A0,-0.1
B_attacker_costs,0.1,0.1,0.1,1.0,1.0,0.3,dD,A0,dD:A0,-0.1
B_attacker_costs,0.1,0.1,0.1,1.0,1.0,0.35,dD,A0,dD:A0,-0.1
B_attacker_costs,0.1,0.1,0.1,1.0,1.0,0.4,dD,A0,dD:A0,-0.1
B_attacker_costs,0.1,0.1,0.1,1.0,1.0,0.45,d0,A0,d0:A0,-0.0
B_attacker_costs,0.1,0.1,0.1,1.0,1.0,0.5,d0,A0,d0:A0,-0.0
B_attacker_costs,0.1,0.1,0.1,1.0,1.0,0.55,d0,A0,d0:A0,-0.0
B_attacker_costs,0.1,0.1,0.1,1.0,1.0,0.6,d0,A0,d0:A0,-0.0
B_attacker_costs,0.1,0.1,0.1,1.0,1.0,0.65,d0,A0,d0:A0,-0.0
B_attacker_costs,0.1,0.1,0.1,1.0,1.0,0.7,d0,A0,d0:A0,-0.0
B_attacker_costs,0.1,0.1,0.1,1.0,1.0,0.75,d0,A0,d0:A0,-0.0
B_attacker_costs,0.1,0.1,0.1,1.0,1.0,0.8,d0,A0,d0:A0,-0.0
B_attacker_costs,0.1,0.1,0.1,1.0,1.0,0.85,d0,A0,d0:A0,-0.0
B_attacker_costs,0.1,0.1,0.1,1.0,1.0,0.9,d0,A0,d0:A0,-0.0
B_attacker_costs,0.1,0.1,0.1,1.0,1.0,0.95,d0,A0,d0:A0,-0.0
B_attacker_costs,0.1,0.1,0.1,1.0,1.0,1.0,d0,A0,d0:A0,-0.0
